id,sales
3000888,3.6352403108186646
3000889,0.0
3000890,4.576865343780453
3000891,2319.374375125893
3000892,0.22046617031556676
3000893,425.40867626908357
3000894,13.804570877528622
3000895,843.7009458679495
3000896,860.2488600980815
3000897,157.1304312567764
3000898,155.41057830004362
3000899,159.6816997031042
3000900,3138.004315795358
3000901,23.153253718022395
3000902,1.327816919904114
3000903,25.380099277000365
3000904,28.39037764384488
3000905,0.37601636350027606
3000906,226.09462475232303
3000907,14.496387758142205
3000908,31.545919212035308
3000909,14.139086213106005
3000910,101.11075366144017
3000911,5.695070524450992
3000912,293.6583709497889
3000913,168.48562772701496
3000914,3.9595846165135926
3000915,9.406008301901982
3000916,361.43626871768305
3000917,67.91509328445888
3000918,4218.229230883272
3000919,0.0
3000920,25.359367454782706
3000921,1.0283238333897482
3000922,0.0
3000923,3.204572710919864
3000924,1049.6947782525374
3000925,0.0
3000926,96.31007942105009
3000927,2.2943171380753817
3000928,587.872483017707
3000929,371.5913182373248
3000930,214.83457202881135
3000931,29.776466647014697
3000932,28.9165847854056
3000933,2213.5235759658663
3000934,3.0333937090491014
3000935,0.19584682271539072
3000936,10.537342027000786
3000937,11.510894843263124
3000938,0.06716169358109188
3000939,154.1219743339482
3000940,1.6116058516050686
3000941,0.0
3000942,15.831238695985274
3000943,19.13678708488208
3000944,0.41732524914094277
3000945,148.21010268555716
3000946,149.95512212066828
3000947,0.5066818459531979
3000948,2.226518456802601
3000949,133.05911072653865
3000950,19.437933674367322
3000951,265.70850247397186
3000952,52.66494519652617
3000953,1.3578700912295254
3000954,4.955588732889403
3000955,0.1979557821994562
3000956,5.270040580283558
3000957,3862.1280658984892
3000958,0.0
3000959,633.500025328835
3000960,10.161226775225625
3000961,1672.418831716875
3000962,666.0663543123982
3000963,418.468159169146
3000964,173.26949702160644
3000965,75.76290613484558
3000966,6590.304335515912
3000967,24.23710679339583
3000968,0.3643339697111363
3000969,24.131391523058596
3000970,21.660357050400357
3000971,0.175739925859086
3000972,437.689129519697
3000973,15.956440745182967
3000974,17.513121925800704
3000975,10.583450278120209
3000976,49.47105301002337
3000977,1.977255947951837
3000978,561.1413161994243
3000979,336.89079863195474
3000980,1.7066703509559225
3000981,12.754516431910403
3000982,346.3086333685288
3000983,99.81432295738959
3000984,1347.3385065196137
3000985,50.139812780873015
3000986,7.195749680137968
3000987,3.6389420004073356
3000988,0.01964233402108294
3000989,2.8919448820921647
3000990,1413.8116421116097
3000991,0.0
3000992,178.10142184907738
3000993,7.006263279642653
3000994,735.9108125211344
3000995,549.6141991784073
3000996,219.06689483998002
3000997,50.748174803679035
3000998,34.84279397068868
3000999,2844.0987552255474
3001000,8.336443196096564
3001001,0.5069811940750515
3001002,13.474527373751044
3001003,21.63902208900107
3001004,0.2335384875722466
3001005,169.3617211414065
3001006,5.041074661554079
3001007,0.0
3001008,11.480747365633038
3001009,38.52561567864992
3001010,1.0733818812159925
3001011,152.6044056937231
3001012,159.9457352302598
3001013,1.1710572439378542
3001014,3.8974369793505472
3001015,150.64363298074656
3001016,30.473154763256144
3001017,402.97339200252424
3001018,43.751359909642126
3001019,3.955867465493993
3001020,3.2219102732175733
3001021,0.0
3001022,3.8670905859513613
3001023,1227.6547704218578
3001024,0.0
3001025,121.51588050355143
3001026,4.248387496562635
3001027,567.5057267268027
3001028,291.6152547450441
3001029,154.9896965684617
3001030,54.75599256464725
3001031,25.069060680010907
3001032,2398.7647101884913
3001033,10.162955921096895
3001034,0.0526855425594617
3001035,8.873909796868213
3001036,13.299508744903694
3001037,0.08863217580625961
3001038,139.36806569157767
3001039,1.2926517856573767
3001040,0.0
3001041,5.286245454181792
3001042,39.8173888307697
3001043,0.7144938440532562
3001044,140.02988178041275
3001045,156.69869300345277
3001046,0.3629112382398911
3001047,3.6268937321509886
3001048,62.070383312502635
3001049,19.473923276964857
3001050,203.45513236075055
3001051,47.12341616146059
3001052,2.258904429372515
3001053,2.2402494341266146
3001054,0.0
3001055,3.3469084121625468
3001056,1340.7667256412706
3001057,0.0
3001058,156.7243005566177
3001059,5.547370186790152
3001060,905.345396648864
3001061,430.44742256878743
3001062,230.73729969360585
3001063,31.12009850278664
3001064,36.23412001458537
3001065,2524.070013891947
3001066,10.603849113891204
3001067,0.24386981082920284
3001068,12.201885907883316
3001069,24.150552791538047
3001070,0.08328951623082888
3001071,176.24727845911696
3001072,0.8749108068130407
3001073,0.0
3001074,7.705891632687848
3001075,26.93573456323108
3001076,1.3480877796124333
3001077,139.001655570449
3001078,245.33131613085828
3001079,0.8404500660209517
3001080,3.2482984333194205
3001081,75.72243031327649
3001082,80.25681819591458
3001083,384.8481364167181
3001084,49.94821923831738
3001085,2.9457224377844686
3001086,1.9533290246486574
3001087,1.12941039113793
3001088,3.708414341481813
3001089,1514.6462324744307
3001090,0.0
3001091,143.7506468145535
3001092,1.5305996015272982
3001093,784.561164463343
3001094,418.1409061561672
3001095,254.30055616771585
3001096,81.24912108740244
3001097,57.27616061687203
3001098,2771.1982689572737
3001099,6.800066389408432
3001100,0.4218617607482815
3001101,16.56105717658672
3001102,22.393979154514145
3001103,0.14621221453957262
3001104,198.021711736163
3001105,7.625292191611443
3001106,0.0
3001107,9.425840862581657
3001108,32.47582604752554
3001109,1.3475575422313768
3001110,125.96965602615984
3001111,169.00667991762256
3001112,0.7397065695977596
3001113,4.510623581468082
3001114,96.88252233934784
3001115,40.3295224178974
3001116,697.3983284708476
3001117,49.51188288996863
3001118,4.301434354859459
3001119,3.203560586074082
3001120,0.022613693946029544
3001121,2.5309170315955276
3001122,1211.9462939321813
3001123,0.0
3001124,138.14220686082376
3001125,3.4451470953219454
3001126,761.5551513491863
3001127,284.99159216249103
3001128,161.5655599171235
3001129,114.27641827202488
3001130,28.374177919158875
3001131,2164.8273265638404
3001132,3.982560733355162
3001133,0.3140050223579975
3001134,9.77568886215307
3001135,15.60984756473372
3001136,0.10507128587143191
3001137,154.6929659596584
3001138,0.0
3001139,0.0
3001140,12.640645204877092
3001141,43.085263088226625
3001142,0.6890941822714367
3001143,52.583070498484666
3001144,126.7278945582588
3001145,0.4950152170975245
3001146,1.918688078184517
3001147,71.12702841656771
3001148,34.561343407988616
3001149,575.2376786783999
3001150,0.0
3001151,0.9042613478175074
3001152,5.449301003944786
3001153,0.2619476070504002
3001154,3.753188557692371
3001155,2677.7679035239134
3001156,0.0
3001157,311.89917430810664
3001158,4.508944724100051
3001159,946.595646007565
3001160,1035.8046907681062
3001161,413.0721774127202
3001162,132.05046616294013
3001163,80.05872699659149
3001164,4071.541304978587
3001165,9.312957844787466
3001166,0.5855982423375432
3001167,18.363868156436524
3001168,27.063031523721232
3001169,0.18496814775210754
3001170,258.2871352725657
3001171,0.5876959319302582
3001172,0.0
3001173,9.401232429600162
3001174,32.4102606213144
3001175,2.1185519427797286
3001176,232.17252970858075
3001177,240.39006068206155
3001178,1.3850101072112193
3001179,5.1179072121229
3001180,281.40562011423646
3001181,50.660055477768836
3001182,1283.8284259416353
3001183,43.36009797693703
3001184,9.242409141153804
3001185,2.31072022597659
3001186,0.0
3001187,3.4201126905553743
3001188,1739.2573267568998
3001189,0.0
3001190,461.30864279236914
3001191,3.5527852322686035
3001192,412.9102970259178
3001193,702.7756501172128
3001194,161.59246134194933
3001195,112.92790619750889
3001196,41.70174577287516
3001197,2095.742600754246
3001198,5.963296089458822
3001199,0.35861662067027505
3001200,16.683202360038344
3001201,16.151441571664314
3001202,0.028635407797313862
3001203,141.73765200977337
3001204,6.020850330538689
3001205,18.08136460190749
3001206,9.237300229379022
3001207,54.32345697406846
3001208,1.236697351613134
3001209,28.240670143757125
3001210,123.71773402761414
3001211,2.017633191476934
3001212,3.905816220682339
3001213,118.17978628990734
3001214,49.38873565284877
3001215,1240.076447142686
3001216,51.104811321326494
3001217,4.864524181835113
3001218,4.537736015367447
3001219,0.3959804426791613
3001220,3.6465660736947996
3001221,2143.5144720293233
3001222,0.0
3001223,151.15116865263627
3001224,4.384630500822305
3001225,714.6715751808105
3001226,339.43321527426764
3001227,262.56451570895604
3001228,41.82201798712627
3001229,41.14116813896502
3001230,2832.221039780819
3001231,20.7122407500455
3001232,0.877440085819269
3001233,12.722959609933516
3001234,15.70662132227724
3001235,0.11072725265509055
3001236,150.02049078942588
3001237,4.667560353586499
3001238,0.0
3001239,8.08106781170729
3001240,31.234951842313777
3001241,1.5953753687047816
3001242,103.03424469623887
3001243,135.38205449573186
3001244,0.6813529640891842
3001245,3.9290100248315065
3001246,77.19790364819828
3001247,22.3063944102867
3001248,382.4748355428763
3001249,49.467829912667426
3001250,2.0579734010549737
3001251,4.029205716576582
3001252,0.05534575912136859
3001253,6.170655479284437
3001254,3033.4849818524403
3001255,0.0
3001256,673.7488927243842
3001257,11.425823871585294
3001258,946.7544242388043
3001259,881.6681014664962
3001260,220.1700607045537
3001261,165.91794178576706
3001262,113.32209910124189
3001263,4018.174853889166
3001264,38.54886944732678
3001265,0.8875253893013177
3001266,18.152162182033813
3001267,35.29981448900582
3001268,0.2602131073675059
3001269,259.6642395007758
3001270,16.906657624420482
3001271,25.2539978354565
3001272,14.175813404657777
3001273,73.60605455009775
3001274,6.790023679818376
3001275,393.8894794134246
3001276,256.29437052623973
3001277,7.871208971600918
3001278,7.33445550775269
3001279,458.65593436969505
3001280,115.08650920157115
3001281,3518.2262854477667
3001282,0.0
3001283,30.303189872267676
3001284,5.847417338258312
3001285,0.13174499489415717
3001286,4.681554069931336
3001287,2578.800856133201
3001288,0.0
3001289,399.89414822336005
3001290,5.129048411865538
3001291,978.9659803698715
3001292,836.6451644803668
3001293,464.09399589604254
3001294,71.0565818191013
3001295,60.84544332265057
3001296,4124.421353968727
3001297,9.73258523136907
3001298,0.4229765494524039
3001299,20.0595556848265
3001300,19.45757246329422
3001301,0.03678544263477942
3001302,255.45234697962798
3001303,2.858629468608609
3001304,11.978202497849619
3001305,10.425107240261857
3001306,45.82107799796373
3001307,0.8312186939779238
3001308,218.90656110787128
3001309,272.48805661787907
3001310,2.873919623180097
3001311,3.598443619887295
3001312,205.71024921972088
3001313,47.81775329082866
3001314,818.2810086063943
3001315,39.366052441753794
3001316,9.693809265394995
3001317,6.811605896825174
3001318,0.32278567826160254
3001319,4.996130483714642
3001320,2133.709569089974
3001321,0.0
3001322,383.29797513476603
3001323,4.070829953272957
3001324,997.7208462979585
3001325,644.3688789261485
3001326,250.80299082020986
3001327,197.24735754556673
3001328,73.24156051012825
3001329,3427.7175152383256
3001330,13.091651328882106
3001331,0.5834776972606364
3001332,26.750629834874562
3001333,46.54927113873758
3001334,0.23068635866037623
3001335,236.7091161245177
3001336,2.0952455210254604
3001337,14.148455064663708
3001338,13.183198726842024
3001339,78.17286918548223
3001340,1.2101084178527461
3001341,88.14439540391665
3001342,214.2576396097265
3001343,2.507526334835849
3001344,4.609832929618402
3001345,134.46074126096056
3001346,114.75847745545805
3001347,1094.1976122418935
3001348,54.418752056338555
3001349,4.309047750197945
3001350,3.210396374474339
3001351,0.044912339726475695
3001352,3.5345192641512257
3001353,1228.6397371091746
3001354,0.0
3001355,122.53003117406763
3001356,5.310642376765741
3001357,510.35161765377825
3001358,326.8298833379595
3001359,148.00789575151725
3001360,44.13775290442475
3001361,38.27520729813168
3001362,2271.8976232441864
3001363,8.158300523796571
3001364,0.37877167051099186
3001365,18.137620095077907
3001366,20.47482562835904
3001367,0.07937705989889912
3001368,145.29187229164097
3001369,1.0821787448564892
3001370,0.0
3001371,6.218281701265608
3001372,57.94207914324542
3001373,1.5323111559872875
3001374,92.79606045929934
3001375,135.5357211748287
3001376,0.7654563658468911
3001377,4.561889518894045
3001378,112.35783733567158
3001379,37.875906671013816
3001380,437.0587432483352
3001381,48.34290864339091
3001382,1.4909847266893905
3001383,1.5329813127941767
3001384,0.0
3001385,3.9132226719052623
3001386,1487.4036505700676
3001387,0.050497116094024096
3001388,278.0773013515049
3001389,10.07205515178915
3001390,594.8467762494658
3001391,500.79511697304514
3001392,135.573993603203
3001393,48.6102490367939
3001394,61.27209218542616
3001395,2213.9547435478585
3001396,25.365958802101105
3001397,0.3877682568418402
3001398,16.06251439466838
3001399,16.443454218379802
3001400,0.14948775190936694
3001401,142.34817341253742
3001402,11.117011218522673
3001403,16.512422522215743
3001404,11.81701712258697
3001405,49.22190479906157
3001406,3.3743342595820867
3001407,510.72213686444735
3001408,153.50949654913774
3001409,2.7436769494887563
3001410,5.141161283053018
3001411,306.5394747671352
3001412,36.86305189314464
3001413,1734.844672376316
3001414,0.0
3001415,7.010923100775052
3001416,2.636576738893102
3001417,0.18762691603106882
3001418,5.914071606389366
3001419,3528.104570607608
3001420,0.09944960964872995
3001421,781.8096696420957
3001422,11.151469576893765
3001423,1260.219889437339
3001424,1374.657783919062
3001425,296.0977739882365
3001426,240.8090775438474
3001427,182.63457099009216
3001428,4527.089537445324
3001429,28.791099430234745
3001430,0.7054252841371973
3001431,21.867090242000398
3001432,37.441404056320884
3001433,0.10301622042587331
3001434,302.74340877279985
3001435,9.223718147341165
3001436,56.68350439849124
3001437,14.047900858418004
3001438,91.05539464325601
3001439,10.134724226363945
3001440,379.4157672279977
3001441,278.6093353724314
3001442,14.707026849625471
3001443,9.01418310352862
3001444,542.029003195031
3001445,110.2358423573581
3001446,6140.792854567117
3001447,0.0
3001448,22.406481207329893
3001449,1.5357680946146077
3001450,0.0
3001451,3.65961550478894
3001452,1571.3481511127593
3001453,0.0
3001454,304.2586266298119
3001455,3.7162640628638792
3001456,350.76536141763756
3001457,462.76162414514124
3001458,127.85423749263512
3001459,84.9729306685719
3001460,61.993329671873745
3001461,1563.0673212902768
3001462,9.923044960455867
3001463,0.35891505301644844
3001464,15.275736871327066
3001465,26.114589133467746
3001466,0.10869956179871225
3001467,91.05904439918535
3001468,0.0
3001469,37.66844542679672
3001470,12.862480217472832
3001471,100.9836442808323
3001472,3.36795898564396
3001473,144.32377977129747
3001474,85.66886292558195
3001475,2.662027959601777
3001476,3.9041134744144754
3001477,114.94011099072034
3001478,25.878617693890426
3001479,2415.8204422128447
3001480,55.76457670092712
3001481,1.639488537004011
3001482,3.729598006250866
3001483,0.0
3001484,4.846582031721769
3001485,904.6201853044399
3001486,0.0
3001487,203.24320463613344
3001488,5.367357164376987
3001489,416.20166857406036
3001490,234.00847851139036
3001491,84.14674852772973
3001492,29.143668738757984
3001493,28.107259261815738
3001494,1458.5212902548465
3001495,8.175927794690326
3001496,0.5716913989440284
3001497,11.549930589805934
3001498,13.887561531238571
3001499,0.24609513617312823
3001500,79.18411699833234
3001501,0.2059593857732805
3001502,16.4372420172884
3001503,15.905964191297308
3001504,31.1248743357599
3001505,0.407792353889951
3001506,218.77213532420194
3001507,111.7717608348928
3001508,1.6926285122331133
3001509,0.9428438958345127
3001510,122.51372068669495
3001511,17.408335320521616
3001512,1084.1296566424173
3001513,55.35976830429987
3001514,1.2771828607575695
3001515,4.561612773225182
3001516,0.19307268132628203
3001517,3.621189897874557
3001518,2907.3865193061642
3001519,0.12077464621152724
3001520,629.9678314939806
3001521,10.475739034222276
3001522,928.6742696875369
3001523,950.3274187434863
3001524,276.64108027049184
3001525,234.92545516513343
3001526,98.6930961458679
3001527,3747.1481850348587
3001528,17.98219853871031
3001529,2.225416082516532
3001530,27.01845990710054
3001531,30.464870094250987
3001532,0.22273458330628734
3001533,254.80855308637138
3001534,3.932571535692757
3001535,39.08338916859182
3001536,11.084147342464416
3001537,89.5868611471331
3001538,3.0231313437887835
3001539,252.16342891966883
3001540,223.9332670269649
3001541,7.673156542911027
3001542,8.27815053865687
3001543,351.8727015773434
3001544,81.83821938777137
3001545,4264.752349238186
3001546,40.45052103900304
3001547,14.951995114681061
3001548,5.4450809346529505
3001549,0.031134790897393794
3001550,3.7933061609899923
3001551,2393.315226965665
3001552,0.0
3001553,534.9089556836338
3001554,13.865265948721158
3001555,852.0209494781951
3001556,879.7088974133911
3001557,314.96333957167235
3001558,190.60730055629017
3001559,56.199416879826465
3001560,3560.5119750958193
3001561,8.440996398887403
3001562,0.6606823662394967
3001563,29.650781916846935
3001564,18.995842358916207
3001565,0.5445129940100286
3001566,224.22904175931555
3001567,0.0
3001568,16.88111564423441
3001569,7.16069632532024
3001570,39.525641099996726
3001571,0.887547467181194
3001572,155.55486595754732
3001573,228.04186351113205
3001574,4.064915109622095
3001575,3.1846658335575118
3001576,154.2030184262412
3001577,73.49460797039616
3001578,1328.035533798996
3001579,42.91828392344068
3001580,1.612323684074433
3001581,5.268390939613804
3001582,0.30333907369706353
3001583,3.7299721034112325
3001584,2446.844990661998
3001585,0.0
3001586,500.44130156371614
3001587,8.07633062965123
3001588,792.8090670131791
3001589,770.8005813050182
3001590,226.01071330314264
3001591,147.75634246236265
3001592,55.816974897441455
3001593,3222.2420534031417
3001594,9.249101660692585
3001595,0.7583585888781419
3001596,24.22398176231052
3001597,21.96900639150935
3001598,0.16696826558439612
3001599,197.73939027293937
3001600,0.0
3001601,15.735700050711216
3001602,8.414126114084112
3001603,82.41515506594887
3001604,0.8321818360747457
3001605,92.90712420539161
3001606,194.63738336734818
3001607,4.331727496322019
3001608,3.0838678602141503
3001609,148.91598494120686
3001610,58.716447158438434
3001611,963.5396392402351
3001612,46.249747700724505
3001613,4.193998717778574
3001614,8.733585090392882
3001615,1.0295459081757383
3001616,11.894011922352181
3001617,8120.025435735307
3001618,0.124580061651208
3001619,1278.7603001541845
3001620,30.200662815050872
3001621,2005.8690495662554
3001622,2108.8983354116713
3001623,336.3855827003989
3001624,472.22460862573126
3001625,365.1260264531486
3001626,8055.093810205115
3001627,75.7833891658891
3001628,2.912006104069075
3001629,65.61836217462675
3001630,60.02516924738429
3001631,1.2981467398336433
3001632,529.7551495538406
3001633,35.10979297202121
3001634,85.28832099959935
3001635,26.835170228483843
3001636,193.0987123010712
3001637,21.134705834438716
3001638,670.0964853654855
3001639,494.8675476467181
3001640,15.067923148792435
3001641,20.333926051696835
3001642,1058.2550378455633
3001643,251.6881132466675
3001644,11656.277159375952
3001645,50.969006454321004
3001646,80.00006305590979
3001647,1.9281569132799214
3001648,0.18233322764128326
3001649,3.0654411549390606
3001650,1215.0503418284013
3001651,0.0
3001652,140.90915787952287
3001653,2.9151967736342446
3001654,524.8728010603916
3001655,302.7864423089574
3001656,113.53172747573034
3001657,88.95763315140714
3001658,44.93477190860261
3001659,2012.338363818667
3001660,3.287940888429304
3001661,0.30824121556115314
3001662,11.900857322953193
3001663,12.965420088384171
3001664,0.24870894326868007
3001665,153.93564739904923
3001666,0.2337752012987925
3001667,0.0
3001668,6.369003501033942
3001669,46.08251789065234
3001670,0.4642159722189638
3001671,53.67011742814813
3001672,90.23654894527266
3001673,1.3877001191489415
3001674,3.19803710006343
3001675,94.45322013965324
3001676,15.270675535354382
3001677,522.8683207740678
3001678,55.15739892158077
3001679,3.4288479630600053
3001680,6.486339379700291
3001681,0.2059464436215972
3001682,3.83332281734977
3001683,2385.6907032233894
3001684,0.0
3001685,434.67137302184886
3001686,6.999219414267759
3001687,1026.5659575745553
3001688,772.8030176235376
3001689,200.3977179098404
3001690,193.45383156834734
3001691,69.87239178523565
3001692,3755.4419730480445
3001693,9.996154289276333
3001694,0.2240696022148167
3001695,20.464037462275268
3001696,23.544029607991263
3001697,0.1727494005384406
3001698,239.61632334144286
3001699,1.042877224814748
3001700,18.17243434247555
3001701,12.036082204113079
3001702,23.033351022840236
3001703,0.9749073004000712
3001704,280.6578724123277
3001705,224.94819296374092
3001706,3.2446862443409614
3001707,5.273638253410573
3001708,104.01120427309667
3001709,67.12548507542529
3001710,1127.9258161354767
3001711,49.25070868839758
3001712,4.255068481168759
3001713,1.1059971155356876
3001714,0.0
3001715,3.8249097015385995
3001716,712.4659988314887
3001717,0.0
3001718,105.34025593372753
3001719,1.6766095198007078
3001720,682.5750761683671
3001721,183.28248301156847
3001722,98.09632865331024
3001723,161.11311465120963
3001724,16.57176424340809
3001725,1261.7228066155983
3001726,1.4312850226619114
3001727,0.21228108146355704
3001728,11.214747337217116
3001729,10.654703732464819
3001730,0.06593115390451042
3001731,89.18651525155465
3001732,0.0
3001733,0.0
3001734,21.171335997629214
3001735,26.396209187062954
3001736,0.20503113789699723
3001737,59.66490809399994
3001738,83.11274705678605
3001739,0.37673141869292215
3001740,0.9649712614406178
3001741,46.438660333098774
3001742,10.452666290188313
3001743,179.8244855697068
3001744,55.08371426239684
3001745,1.0559003715700293
3001746,5.804021968807587
3001747,0.0
3001748,3.4213133095150026
3001749,1781.192732249762
3001750,0.0
3001751,200.28641512002974
3001752,6.529652970160467
3001753,790.4972144461304
3001754,514.9696451185355
3001755,149.80698702955635
3001756,113.68917772516961
3001757,44.478476329457735
3001758,2430.4343027144982
3001759,2.5110866372744622
3001760,0.3757238546580169
3001761,24.998696498369792
3001762,18.863497235162423
3001763,0.2088036172537248
3001764,179.23500979918887
3001765,0.0
3001766,0.0
3001767,14.077032136593582
3001768,42.908019760593376
3001769,0.8952893935482726
3001770,235.03687279444165
3001771,161.73557000744933
3001772,1.1174264485115843
3001773,3.558423976249249
3001774,193.69287848308002
3001775,29.59881117087604
3001776,1144.0671593972613
3001777,0.0
3001778,0.6245161700856106
3001779,2.8269520245258493
3001780,0.24042513706261562
3001781,3.490416219105028
3001782,1988.8989404028125
3001783,0.0
3001784,577.4050019713856
3001785,6.030061185991102
3001786,688.9960530415317
3001787,778.572051920045
3001788,212.02914743777134
3001789,102.41574803211303
3001790,61.015755499480456
3001791,3308.827256609458
3001792,4.4307903361567575
3001793,2.5709308160077957
3001794,29.204127741588266
3001795,36.05721654684199
3001796,0.26919624843465045
3001797,183.50182163385375
3001798,2.1175459843611284
3001799,19.22486545980067
3001800,12.676693883800729
3001801,37.31401706439445
3001802,1.4605297736699763
3001803,164.24915952980467
3001804,245.98332018474562
3001805,2.766393136594154
3001806,5.134483160845117
3001807,140.07100299033408
3001808,28.5305437461983
3001809,674.3410087198226
3001810,49.52154584573649
3001811,4.133009322578539
3001812,3.5727473574908837
3001813,0.03480439931216404
3001814,4.077628895797916
3001815,1168.8374845084666
3001816,0.0
3001817,83.58018517912092
3001818,2.285519812276825
3001819,427.8500309596576
3001820,204.80620896537556
3001821,89.21424537214378
3001822,104.92189162516495
3001823,33.53717183101194
3001824,1605.5489420975646
3001825,2.3204078932134147
3001826,0.25379541593574495
3001827,10.790987365899623
3001828,12.005557434213532
3001829,0.20562949151167353
3001830,103.09591678379498
3001831,0.0
3001832,0.0
3001833,21.816254922012423
3001834,35.5685320323485
3001835,0.39857004965418724
3001836,173.60094876197286
3001837,82.53552941093302
3001838,0.6285852887674988
3001839,0.9766654061221751
3001840,31.207674777114725
3001841,14.03840213435663
3001842,371.8346882613356
3001843,65.16494445686169
3001844,0.22263565412358285
3001845,3.0647139291166603
3001846,0.06346756534951507
3001847,3.26710375368633
3001848,2707.087535015806
3001849,0.0
3001850,373.0526811312526
3001851,4.820326108183396
3001852,781.4286455777911
3001853,666.5308693492078
3001854,202.15829337306178
3001855,88.48992665829722
3001856,68.56445762820442
3001857,3306.434724886495
3001858,3.7664711422897375
3001859,0.46354800393668294
3001860,18.13683823183746
3001861,14.76802553767428
3001862,0.141338017422211
3001863,173.48615578587737
3001864,0.0
3001865,32.64528487294064
3001866,10.548973069827074
3001867,55.8440071439671
3001868,0.6783125961115117
3001869,195.4002132053588
3001870,181.6353141599344
3001871,2.069356831101771
3001872,3.9995068099740996
3001873,98.87135515423643
3001874,48.271422101894494
3001875,1111.3702659519429
3001876,110.97546933747375
3001877,0.6178589037347635
3001878,3.561350823615772
3001879,0.0
3001880,5.346939199595562
3001881,3241.7788135337028
3001882,0.0
3001883,568.8415388457521
3001884,8.328254419800121
3001885,1084.008282994942
3001886,966.3620310588952
3001887,167.5634857898114
3001888,139.33773570369502
3001889,128.12154192334214
3001890,4137.277069043685
3001891,60.52918079886944
3001892,1.2197164993998864
3001893,28.01970715061848
3001894,38.066820610623694
3001895,0.13570079277146097
3001896,266.8280620770853
3001897,20.42325761385072
3001898,42.41130764980063
3001899,11.101898652962547
3001900,108.88362901110897
3001901,7.131693671724783
3001902,210.0486897161011
3001903,258.47439492336
3001904,10.21661124411182
3001905,15.229737379164469
3001906,273.19406076179496
3001907,72.03281713106766
3001908,4233.622594217935
3001909,79.68142474179241
3001910,11.537919884214315
3001911,4.631724513339843
3001912,0.0
3001913,5.771431895809483
3001914,2402.7130391969804
3001915,0.042103186851060244
3001916,464.7919715508544
3001917,9.20751556210492
3001918,1283.7074690056274
3001919,814.5639612993211
3001920,147.70634214271408
3001921,88.63686018481202
3001922,136.61198837522494
3001923,3634.4344166942064
3001924,28.193985565822715
3001925,0.9613463775089075
3001926,31.112211782824218
3001927,82.7325891114102
3001928,0.12389775539963503
3001929,292.1033512771209
3001930,15.156547744871538
3001931,31.189232621151362
3001932,13.117905157921063
3001933,126.4703653826306
3001934,7.960883399734959
3001935,177.67466603745982
3001936,487.06645326664915
3001937,7.13800015055703
3001938,9.597798430766886
3001939,116.99561818163419
3001940,76.28028356262581
3001941,2922.08167428863
3001942,73.58106157507206
3001943,11.753134174348999
3001944,5.906303577593204
3001945,0.2934230262504728
3001946,4.189670027654938
3001947,3722.1682378548235
3001948,0.0
3001949,646.4681858635847
3001950,6.424928289970269
3001951,1093.8743462965704
3001952,703.2623230598394
3001953,216.53187366920042
3001954,260.27331500039764
3001955,62.67636715862045
3001956,5368.959817333983
3001957,25.191762648991183
3001958,0.8967468466152584
3001959,19.721043362560028
3001960,23.13566138624358
3001961,0.15851938429548873
3001962,272.77186695935404
3001963,3.751410428741849
3001964,24.092634145689825
3001965,10.580543806525522
3001966,62.98339439567286
3001967,2.3883230377925524
3001968,135.0986484241544
3001969,246.9694062665861
3001970,5.251663398688696
3001971,8.612001460967164
3001972,206.14250638901055
3001973,59.235717935058936
3001974,1521.5900426018604
3001975,52.05773321933992
3001976,13.53099004587052
3001977,2.557757180433197
3001978,0.049124148075860845
3001979,5.307767623318201
3001980,2447.447230129133
3001981,0.17195650328145304
3001982,393.7472849358959
3001983,7.173140098288883
3001984,852.5114657697417
3001985,788.4154359180113
3001986,182.06459886123994
3001987,136.68186330647083
3001988,86.09017790007456
3001989,3200.0340544147757
3001990,22.592693520642083
3001991,1.2695858492104404
3001992,12.402239346685088
3001993,16.76571201508137
3001994,0.3187093506773291
3001995,244.63615565965083
3001996,15.414101793143146
3001997,33.495319843099324
3001998,19.465147084290845
3001999,65.93289964206987
3002000,5.5106169354351096
3002001,327.93324298426677
3002002,219.97470083505547
3002003,5.521621259906898
3002004,8.138918007421
3002005,351.0761550572177
3002006,51.08545184065652
3002007,3225.181207635148
3002008,56.79621846899498
3002009,22.189458591523213
3002010,2.9424593423667322
3002011,0.21526252666191614
3002012,3.941388536525051
3002013,4014.7472958049293
3002014,0.0
3002015,370.7867278455409
3002016,10.10633870489315
3002017,1306.8081591814348
3002018,819.869152299248
3002019,265.7736692327697
3002020,162.1409547935368
3002021,55.13539213811057
3002022,5197.051468308079
3002023,9.652200154197534
3002024,1.352513251967828
3002025,26.888497063420804
3002026,25.87983299305745
3002027,0.16265120403722858
3002028,347.8563723026221
3002029,0.0
3002030,33.696126375736384
3002031,11.312309280554258
3002032,43.12308194603402
3002033,1.3218777158599595
3002034,126.53668342755716
3002035,255.53854637185856
3002036,2.907956412983839
3002037,7.445878647926612
3002038,150.9142443891663
3002039,54.33445224605044
3002040,1064.2307624654989
3002041,0.0
3002042,3.4652888485817304
3002043,5.4639285228339265
3002044,0.08913998431307131
3002045,6.792941347880001
3002046,2519.5115758394045
3002047,0.0
3002048,461.54421437853546
3002049,8.91205438740715
3002050,1121.309483549272
3002051,724.339392756377
3002052,224.1135411973513
3002053,129.3636140408216
3002054,110.21217620105588
3002055,4051.248627421108
3002056,27.284061632608914
3002057,0.9847158754119942
3002058,24.722508810277102
3002059,41.189691075457134
3002060,0.2494913722744841
3002061,246.84131382206598
3002062,12.94851486107031
3002063,33.429606232268206
3002064,11.561259006653936
3002065,107.70136448751917
3002066,8.022368132226939
3002067,192.84280389597242
3002068,498.8399324069094
3002069,10.957970701755412
3002070,8.243703951049932
3002071,201.2441120135697
3002072,68.01332634330879
3002073,2913.793815361082
3002074,70.85407265489256
3002075,5.249064815053064
3002076,2.32225982899617
3002077,0.0
3002078,5.166688171891536
3002079,3024.4207574032625
3002080,0.0
3002081,506.7558740392242
3002082,9.268461259924933
3002083,796.2582367352352
3002084,854.0792319017319
3002085,173.80930456722652
3002086,134.62417561064115
3002087,108.44877601962722
3002088,3166.548603347421
3002089,29.316814520469865
3002090,0.6735899783381853
3002091,19.61302667011808
3002092,28.439918730981635
3002093,0.18716270362741508
3002094,231.1541748380705
3002095,14.16619384786305
3002096,49.389898379203366
3002097,11.123816949645247
3002098,67.6535676916167
3002099,7.307546354252956
3002100,228.42884009210104
3002101,226.55445062311009
3002102,7.316899137675978
3002103,8.051789744278468
3002104,246.95613434613713
3002105,57.937657837495166
3002106,3463.46215591474
3002107,68.45013225111458
3002108,14.182793184709384
3002109,3.030855097124487
3002110,0.04455678204984863
3002111,3.7622455049345502
3002112,3913.6603042749243
3002113,0.0
3002114,464.0964285343227
3002115,9.062929906490002
3002116,943.995213414577
3002117,657.8416161500191
3002118,234.25839246913748
3002119,149.5576872019527
3002120,42.302056529212535
3002121,3849.3612368161225
3002122,6.466391014695923
3002123,0.048304132862485756
3002124,12.410788376902515
3002125,20.72079763201296
3002126,0.082070094014415
3002127,211.63896538510213
3002128,0.0
3002129,17.219529880305757
3002130,18.860738145057713
3002131,57.937588143727076
3002132,2.2920131905358545
3002133,164.6335180902391
3002134,225.93382061568295
3002135,2.1437938170440094
3002136,1.7367348754226164
3002137,204.343885131613
3002138,105.7150998698885
3002139,1042.39065188643
3002140,31.542419795614784
3002141,0.3964251518698118
3002142,12.465256785369874
3002143,0.0
3002144,13.840120247508352
3002145,8524.970416854158
3002146,0.09358331673560577
3002147,1611.4418342378704
3002148,35.61578316147232
3002149,2824.080081771067
3002150,2407.083741743751
3002151,499.9885228073879
3002152,566.0250451926662
3002153,412.74454763410716
3002154,9230.04582101495
3002155,90.02071245829464
3002156,3.372249140799938
3002157,108.40579962619208
3002158,120.01897281535781
3002159,0.7543944386681469
3002160,692.1942679242457
3002161,32.973286324313364
3002162,35.678879568215415
3002163,23.655059825555796
3002164,271.74728366038624
3002165,20.105113288256742
3002166,758.5254375169987
3002167,528.9887792836944
3002168,33.328710092918854
3002169,33.90566460593909
3002170,995.2759844132598
3002171,336.89779034200257
3002172,12887.991257604137
3002173,84.9647867840038
3002174,77.98180148354372
3002175,11.679380700706947
3002176,0.0
3002177,10.245647617837582
3002178,8101.762963256924
3002179,0.11428865284477699
3002180,1082.9281690550024
3002181,27.310152217869827
3002182,2300.4333386958556
3002183,2095.17915399833
3002184,603.2717383038472
3002185,318.6229857589766
3002186,269.83709937426613
3002187,10192.064607841536
3002188,121.78514920352835
3002189,1.404843463007213
3002190,67.34278891671347
3002191,76.96778079772292
3002192,0.6550114950384636
3002193,603.4034877306724
3002194,26.096260398796897
3002195,51.17168448365715
3002196,13.11060182904652
3002197,188.8611317244587
3002198,14.27462872850594
3002199,835.3396752940483
3002200,609.6428266416651
3002201,15.34581084289914
3002202,25.807177438474458
3002203,1016.464184520521
3002204,262.315704339887
3002205,8396.63935581322
3002206,188.70403668277686
3002207,73.0614780429385
3002208,8.780004334628718
3002209,0.0
3002210,12.832375903081092
3002211,5045.785394357453
3002212,0.15788795211804757
3002213,880.2694027195469
3002214,13.991687671813148
3002215,2134.442670633003
3002216,1368.3263344786556
3002217,634.5735992442387
3002218,120.22099531342722
3002219,190.1692374169429
3002220,8064.924110990394
3002221,36.26457081311475
3002222,1.1344289283233686
3002223,33.59283777445659
3002224,26.74280982225161
3002225,0.3218109890988537
3002226,559.4264325616429
3002227,27.571084344524508
3002228,38.50254238177431
3002229,13.824941234265589
3002230,94.4251911874516
3002231,7.431313806761292
3002232,847.8292309291838
3002233,613.6641601059117
3002234,19.489768276654846
3002235,40.186596653982356
3002236,551.9444330957407
3002237,136.25904073737138
3002238,3521.8198729625037
3002239,126.2286791471957
3002240,35.59991926230169
3002241,10.714638773738976
3002242,0.0
3002243,14.696938638500725
3002244,7382.843700586489
3002245,0.1587600426507142
3002246,1030.24275098183
3002247,19.824553325827935
3002248,2120.115953836505
3002249,2101.543813277726
3002250,562.6153440130812
3002251,313.84384190809175
3002252,232.71407302418174
3002253,8980.413244155578
3002254,49.81291399474268
3002255,1.6898603791473992
3002256,66.88934782896898
3002257,76.6182324301306
3002258,0.49445135945277663
3002259,568.914513358233
3002260,33.85532562863835
3002261,45.656279232647826
3002262,12.770500130586251
3002263,165.0470962773266
3002264,10.03156352601352
3002265,709.1907197810315
3002266,580.9531393169106
3002267,19.840617381222856
3002268,23.62515333270281
3002269,902.0319876341009
3002270,208.36726242656476
3002271,7732.716843153508
3002272,118.75801149342216
3002273,56.95996031708986
3002274,8.72005539664063
3002275,0.0
3002276,14.338626347863869
3002277,3884.961252398847
3002278,0.058981707623726
3002279,684.4421811238892
3002280,17.215414755137534
3002281,1731.11744818246
3002282,1064.0310175012416
3002283,533.4080868593777
3002284,93.90384130700335
3002285,154.8888212702467
3002286,6574.304656474266
3002287,36.99787475068683
3002288,0.4359163367908216
3002289,26.13255041143227
3002290,41.70982216882195
3002291,0.2539771912111087
3002292,507.9330756840627
3002293,25.484038463549705
3002294,24.64212473703681
3002295,17.467029816095614
3002296,98.01221214773575
3002297,3.3087015281094727
3002298,664.782604604781
3002299,740.6136397874268
3002300,12.388029913553199
3002301,21.912904377536428
3002302,598.2954545869866
3002303,86.4432786323832
3002304,2336.0897605029318
3002305,112.62303944595394
3002306,16.299801674730674
3002307,8.123112592793047
3002308,0.0
3002309,11.238583892668233
3002310,6480.832695670767
3002311,0.06756752919084263
3002312,1271.3484034514534
3002313,27.64027721588512
3002314,1894.8930579716798
3002315,2227.6001892961317
3002316,397.8217385837436
3002317,449.6931686468441
3002318,352.73743815390253
3002319,7756.792624769019
3002320,60.80328262140219
3002321,1.2118994975014843
3002322,44.151657574977364
3002323,59.14985260341913
3002324,0.5810798176930918
3002325,472.18575126441976
3002326,14.37314545821247
3002327,44.887547297725206
3002328,14.681875322398959
3002329,218.43248369625948
3002330,13.220358374082112
3002331,668.3499007620234
3002332,472.69181763485017
3002333,16.618542412243073
3002334,28.224934266292692
3002335,907.5482910113158
3002336,246.6440103644555
3002337,11435.743550418869
3002338,97.03233717443632
3002339,75.51170463932147
3002340,4.065125761416748
3002341,0.20640481462042276
3002342,5.848322358383136
3002343,1835.7627336282967
3002344,0.0
3002345,349.21659652944254
3002346,17.750451814202222
3002347,936.9281670726065
3002348,576.6422966361646
3002349,228.61325652135292
3002350,89.74776900753986
3002351,81.00915811269549
3002352,2978.0577191372845
3002353,41.49777347290673
3002354,0.8801290805140429
3002355,28.750100597329116
3002356,27.04361661793885
3002357,0.4595575655671239
3002358,222.20683986269913
3002359,11.521657400633474
3002360,18.691725846374815
3002361,12.91340258281372
3002362,57.9361058554781
3002363,5.133399655592407
3002364,241.20465779838338
3002365,252.85773988740112
3002366,2.6402967711364664
3002367,6.239002827779344
3002368,235.03762899389062
3002369,51.07489659871115
3002370,2195.491089605418
3002371,41.6974656096503
3002372,9.514462772355623
3002373,6.817378258343373
3002374,0.0
3002375,11.926238307112802
3002376,3983.5360640333897
3002377,0.14238112380353757
3002378,567.9507342864778
3002379,26.990601293442527
3002380,1546.5535259615685
3002381,1056.499592429409
3002382,435.1875380015317
3002383,89.52890813971436
3002384,139.90895142850363
3002385,5856.212613357671
3002386,89.841784183393
3002387,1.1850847480447015
3002388,46.07790636093255
3002389,47.12633830464347
3002390,0.2902582719260931
3002391,421.0899030994288
3002392,17.248940715458318
3002393,18.388573474332727
3002394,16.636347535127417
3002395,124.63437277992244
3002396,6.2260881344916275
3002397,547.4943769743024
3002398,452.1281525781411
3002399,9.191544019318918
3002400,19.534371171523787
3002401,372.1137693810658
3002402,72.94138047239485
3002403,2889.778420476905
3002404,125.4718738709269
3002405,14.092054855365882
3002406,6.1582470481621465
3002407,0.0
3002408,5.338568902768849
3002409,4517.00527869799
3002410,0.13216879237521229
3002411,937.5400671361587
3002412,8.66197081014337
3002413,1534.9136278075987
3002414,1701.7854381266293
3002415,241.3982132362307
3002416,366.66474606900834
3002417,243.45227762986272
3002418,5290.6321848605085
3002419,40.86746655216097
3002420,0.999909164319188
3002421,34.19035455318562
3002422,47.59572087842584
3002423,0.5724699329285701
3002424,378.9040897579737
3002425,2.52917446817464
3002426,53.56927741944659
3002427,11.79064833087635
3002428,119.07509570372807
3002429,9.89677645881828
3002430,566.9035207088283
3002431,293.25824765258074
3002432,16.83076252838623
3002433,9.27029615419979
3002434,747.4489090213086
3002435,125.81349932352043
3002436,8827.668879069099
3002437,58.830365240559786
3002438,40.996043540756226
3002439,10.44059205489831
3002440,0.0
3002441,6.759035285507318
3002442,4144.414341344385
3002443,0.0
3002444,790.1037242138549
3002445,9.569843869724862
3002446,1617.1769525676807
3002447,1144.776963551012
3002448,320.32113739618745
3002449,208.59316454052703
3002450,284.89844205755116
3002451,5576.413934935436
3002452,45.86570780477899
3002453,2.3239183118977094
3002454,64.15063239714524
3002455,70.89971687914024
3002456,0.2626512913692731
3002457,344.0889477588191
3002458,5.63047773034174
3002459,67.4738269005976
3002460,8.781508039009266
3002461,209.83591585181097
3002462,6.64418469472051
3002463,379.89525089553376
3002464,321.890871761897
3002465,11.540165280022904
3002466,9.166003749110589
3002467,420.3031403996457
3002468,111.46594072872946
3002469,7892.491664154693
3002470,44.138779447481326
3002471,7.945298742155465
3002472,7.751475867765704
3002473,0.1085733426308175
3002474,6.018665520626725
3002475,2454.1284914998014
3002476,0.0
3002477,489.2042242612522
3002478,5.741403704474538
3002479,1111.8128008959254
3002480,591.7765232567607
3002481,236.50170461198525
3002482,90.57668842170797
3002483,107.67295522911657
3002484,3265.701462721762
3002485,13.051140932122612
3002486,1.2106807408101736
3002487,26.170018873500133
3002488,35.15740989000648
3002489,0.1602433192165112
3002490,233.45092880593756
3002491,3.7630059039698027
3002492,23.65429776094825
3002493,10.921565637173323
3002494,69.75785136501202
3002495,2.880110463745963
3002496,249.93049962209855
3002497,250.60909844458232
3002498,3.7224426843082323
3002499,5.620291213214407
3002500,165.66057458625215
3002501,84.90596065586921
3002502,3253.188615036905
3002503,74.98231066213371
3002504,2.8560317347261264
3002505,5.0329187580705375
3002506,0.0
3002507,2.5710681427940814
3002508,2100.2025459998627
3002509,0.0
3002510,210.6364781760093
3002511,2.042689168965743
3002512,783.4414443552882
3002513,265.46501501575125
3002514,192.8513902995046
3002515,55.09837291841917
3002516,26.7805867099775
3002517,2783.7204503382063
3002518,4.046433811818254
3002519,0.4304265576280998
3002520,18.255762860367906
3002521,14.698731758766959
3002522,0.07725122088108946
3002523,178.02110356764604
3002524,0.0
3002525,0.0
3002526,6.161088888523201
3002527,19.90203396726285
3002528,0.6560086961265517
3002529,44.415761423434745
3002530,161.24979664548826
3002531,0.08241857105422097
3002532,1.7656696721284386
3002533,50.459259893544356
3002534,79.48689692315132
3002535,677.1484417157432
3002536,0.0
3002537,1.5972734639614257
3002538,4.309397989303412
3002539,0.16559970704087773
3002540,7.740136210051936
3002541,3348.7306581697326
3002542,0.0
3002543,539.1381198920361
3002544,10.73268423571222
3002545,1218.917503865741
3002546,993.3309558209739
3002547,319.22577215481
3002548,170.133241043477
3002549,140.26728987606714
3002550,4714.644070130722
3002551,30.527619711581643
3002552,0.9314400177078073
3002553,27.212853038928042
3002554,47.60872577227349
3002555,0.17033054002458348
3002556,326.0018461960653
3002557,19.537292630784762
3002558,27.260078523075336
3002559,12.940919146685243
3002560,73.31458648476854
3002561,5.442461344746728
3002562,418.62029255415956
3002563,293.8904131284539
3002564,7.972699810568606
3002565,12.152365982731377
3002566,474.8565626696833
3002567,86.58148692558844
3002568,3781.0377579570822
3002569,0.0
3002570,31.624706192881156
3002571,4.980961216851129
3002572,0.14023356363560194
3002573,5.4061657319128535
3002574,4355.95088823077
3002575,0.09950881149853598
3002576,754.5105911704343
3002577,16.02506604740494
3002578,1181.19664619732
3002579,1489.771555341335
3002580,208.53916371149697
3002581,290.0946214948617
3002582,222.8667676949554
3002583,4471.743329362449
3002584,40.719323928140255
3002585,2.7404147397850322
3002586,30.458107975707097
3002587,31.547842438840746
3002588,0.6526786066732053
3002589,283.67870266264134
3002590,11.750472209180762
3002591,62.58592093992643
3002592,10.56716191070426
3002593,145.66222404447478
3002594,9.402908988970994
3002595,460.95981150003854
3002596,273.91324030124025
3002597,5.962051227252366
3002598,11.589609171446105
3002599,707.6580362421671
3002600,153.70856721243723
3002601,7518.351341602026
3002602,56.31251279039541
3002603,44.41353422015625
3002604,4.513325139937149
3002605,0.1388625391453291
3002606,9.284563662189619
3002607,4526.0330786750565
3002608,0.11846148483074313
3002609,864.5654397584768
3002610,19.3059286536138
3002611,1350.2973113577257
3002612,1487.511123304472
3002613,267.9372795647532
3002614,305.9207015004816
3002615,169.56247721852853
3002616,4749.800828975019
3002617,30.868546284334634
3002618,3.7160188274948522
3002619,43.32353374134631
3002620,70.66848247271196
3002621,0.41846900988343233
3002622,351.63348287987924
3002623,26.309538848325126
3002624,56.49262868691467
3002625,23.16251516627342
3002626,123.3169075678728
3002627,14.34399262813671
3002628,381.3283028591188
3002629,299.90422885098013
3002630,13.935039789993304
3002631,17.614816639064372
3002632,533.7347128033053
3002633,159.33902743389507
3002634,6953.610858978509
3002635,51.346381096730425
3002636,36.57692291121143
3002637,7.1845651182215615
3002638,0.12652840666144408
3002639,6.441834215234402
3002640,2810.9334466088226
3002641,0.0
3002642,459.5309808594589
3002643,13.185889933372028
3002644,1268.4775874491766
3002645,830.990414851961
3002646,465.86401310726194
3002647,158.22530378849936
3002648,81.92448555947907
3002649,5421.1762098607405
3002650,8.718107025894055
3002651,0.7706090566480388
3002652,44.92457317098222
3002653,39.619851204917595
3002654,0.09679803241088664
3002655,347.95336784320745
3002656,9.56731688009463
3002657,14.741912262725037
3002658,9.540848468969976
3002659,47.39860275122934
3002660,2.5723954619683513
3002661,295.190594543352
3002662,352.91023774204155
3002663,6.441589964638342
3002664,6.123184501339378
3002665,326.33282968293616
3002666,87.97507471575315
3002667,1296.5577899291236
3002668,76.64091211413496
3002669,13.130612059722262
3002670,3.5452823519850174
3002671,0.0
3002672,3.9196008250806313
3002673,2004.654840496358
3002674,0.2092304657821035
3002675,358.20180952651174
3002676,16.38898269841499
3002677,696.232061372678
3002678,737.8698379491971
3002679,129.25537731483644
3002680,130.47710384470858
3002681,126.80189550330356
3002682,2609.216322517847
3002683,23.302347086763017
3002684,1.6575028176743212
3002685,18.040327960643946
3002686,24.942201761137724
3002687,0.6470331443453519
3002688,175.18467926434755
3002689,11.654257838611066
3002690,14.482735164316912
3002691,5.050823543203337
3002692,96.28600668829517
3002693,5.660029324812175
3002694,269.2624312131844
3002695,148.28310072326428
3002696,4.059653035984654
3002697,6.635217620871552
3002698,335.22293828107917
3002699,70.20280112518304
3002700,2341.2587180523833
3002701,0.0
3002702,19.539894293301284
3002703,1.0750805778783619
3002704,0.0
3002705,2.288480591569581
3002706,1052.324377010213
3002707,0.0
3002708,81.37868447983202
3002709,2.319659248330925
3002710,866.5675399692798
3002711,220.3863440434491
3002712,199.49712658351783
3002713,22.265776969867854
3002714,23.086482965242325
3002715,2117.244432142291
3002716,3.02510403757402
3002717,0.1546667056458284
3002718,7.742853363006274
3002719,4.348374074576672
3002720,0.05274295815658006
3002721,128.89108762652424
3002722,1.7059137436009841
3002723,0.0
3002724,0.8171411182159156
3002725,9.195716957306118
3002726,0.3751920056318869
3002727,216.8621095058693
3002728,146.960681891834
3002729,0.4731836833720035
3002730,2.895537599640732
3002731,108.94435918327648
3002732,22.74491006362243
3002733,208.95880680682077
3002734,0.0
3002735,0.9585785907898998
3002736,5.441285000133502
3002737,0.1559261972959598
3002738,4.528987565658101
3002739,3810.6509058753345
3002740,0.0
3002741,614.0396190002177
3002742,11.660448108228463
3002743,1484.890147716875
3002744,554.6622953009858
3002745,423.42200436996137
3002746,129.6023766937489
3002747,59.80171121570079
3002748,5705.998987312567
3002749,29.862659751897695
3002750,0.38557358015765286
3002751,20.478696449369682
3002752,17.1709592461238
3002753,0.17157963925910763
3002754,397.3909323774655
3002755,11.14237885464845
3002756,1.3476165781979481
3002757,7.7040641301540145
3002758,41.69577621990998
3002759,1.8614899784644647
3002760,855.5783217776234
3002761,290.23458205097165
3002762,1.5454488031117806
3002763,11.809597716396103
3002764,288.28260233989226
3002765,103.35941591721054
3002766,1062.6805283359947
3002767,7.351388774210607
3002768,6.2215894861286705
3002769,4.043216828676065
3002770,0.015174276923012495
3002771,0.3560707540750059
3002772,1329.7911551667185
3002773,0.0
3002774,150.0846848972281
3002775,5.883609822357364
3002776,744.9997750926168
3002777,377.7846436886337
3002778,188.3456084526537
3002779,65.12400745696554
3002780,33.10865247020286
3002781,2624.1409444232636
3002782,6.9018348831356215
3002783,0.49272134450465227
3002784,11.83573882199829
3002785,16.578734092506362
3002786,0.1865406484763437
3002787,155.52123630062573
3002788,4.499592513882684
3002789,0.0
3002790,5.985691056118639
3002791,38.49014266504502
3002792,1.0969865095580444
3002793,207.15611089841363
3002794,145.08956578465623
3002795,1.0823008775665315
3002796,4.564838865688223
3002797,156.5637264275286
3002798,31.75853888507215
3002799,330.12983636030805
3002800,4.2507044639698135
3002801,3.1066781954975804
3002802,3.4549651779470656
3002803,0.0
3002804,2.0097248180951697
3002805,1313.030754475058
3002806,0.0
3002807,112.23445587260078
3002808,4.581324527194891
3002809,820.0069189982323
3002810,231.66778280853524
3002811,120.15539352860216
3002812,33.95896278283172
3002813,27.167139961997066
3002814,2427.490073816554
3002815,7.684168094352053
3002816,0.0432920635047007
3002817,10.787173679467157
3002818,6.308230823327942
3002819,0.06824095100208262
3002820,113.21235926626204
3002821,1.2160659355636647
3002822,0.0
3002823,1.6749119225422446
3002824,27.352285296542128
3002825,0.7982960536184895
3002826,175.96192931411332
3002827,146.74126077766098
3002828,0.3380088178143938
3002829,4.27138794603236
3002830,88.36171795047824
3002831,22.26404312172012
3002832,156.9480068568241
3002833,2.0788428056025148
3002834,1.4811243119673771
3002835,2.69404214036228
3002836,0.0
3002837,2.3531581626063587
3002838,1209.1553041711243
3002839,0.0
3002840,152.92921568772894
3002841,5.37706807922336
3002842,1289.5737100293604
3002843,350.86670157620614
3002844,237.46224220044965
3002845,28.68645329225953
3002846,41.365567507316364
3002847,2648.2237455943364
3002848,10.45260652708371
3002849,0.28364702328337993
3002850,10.316485618730294
3002851,18.310074694844264
3002852,0.08049741555575886
3002853,190.23104734756902
3002854,0.9723108306226464
3002855,0.0
3002856,2.217978765740716
3002857,14.383965301965373
3002858,1.3719488915344358
3002859,377.46908926343616
3002860,219.1261196853656
3002861,0.7657772376307006
3002862,3.3626166586552815
3002863,74.36541404870285
3002864,90.49143729094274
3002865,358.2818736965562
3002866,6.960973847248907
3002867,3.2874633217838882
3002868,2.4030971600163054
3002869,0.8166607068405325
3002870,3.460922620721705
3002871,1558.9367823857613
3002872,0.0
3002873,166.7097623507472
3002874,1.4465555711627238
3002875,815.4617145857724
3002876,316.45305152061104
3002877,256.19283991661524
3002878,76.74633132926375
3002879,63.739441545537375
3002880,2657.547839690538
3002881,5.3697319144718865
3002882,1.8794201358250135
3002883,11.707052360289154
3002884,15.08701709897484
3002885,0.10260100124566485
3002886,199.3465956715205
3002887,7.4547838041167385
3002888,0.0
3002889,2.7220250514022477
3002890,20.344387915441
3002891,1.0009663510047333
3002892,157.77887990479684
3002893,174.15566043291508
3002894,0.8315618452853271
3002895,3.990540246748777
3002896,112.6848010739705
3002897,42.6133181750231
3002898,532.3189572166273
3002899,11.22307475792386
3002900,4.123909327408193
3002901,2.9561966591540356
3002902,0.08506041469914197
3002903,0.4997885898630308
3002904,955.673007897355
3002905,0.0
3002906,115.73730601242227
3002907,4.090951757215676
3002908,905.7823010883476
3002909,190.82262566726288
3002910,126.65019014236509
3002911,108.09489616256131
3002912,25.463525483700053
3002913,1674.0250614484012
3002914,4.257819351451118
3002915,0.24745083255251923
3002916,8.36677654040968
3002917,8.344683386928256
3002918,0.10376464822158236
3002919,149.44596893141298
3002920,0.0
3002921,0.0
3002922,1.782115597625622
3002923,28.366400442361904
3002924,0.8064428072045544
3002925,59.436057862929665
3002926,107.35791361821661
3002927,0.4118067925332692
3002928,2.1966606757707043
3002929,60.06935991062879
3002930,27.38991366178736
3002931,351.468431665745
3002932,0.0
3002933,0.7089232053574153
3002934,5.572539199322441
3002935,0.2793964943558238
3002936,3.0332689130875066
3002937,2574.418343842855
3002938,0.0
3002939,274.21779391401367
3002940,4.726382971832515
3002941,835.9380711658645
3002942,556.6910391951507
3002943,400.87105838823857
3002944,147.7094904954754
3002945,71.07347412864993
3002946,3617.6563163166657
3002947,11.903394701182187
3002948,0.6487904581647299
3002949,14.46813393343112
3002950,20.704009225967077
3002951,0.16689994639597916
3002952,226.85968485348135
3002953,0.6481607496469441
3002954,0.0
3002955,4.1632740665282935
3002956,29.12860568471515
3002957,2.2819900249122567
3002958,290.596450338472
3002959,214.67621956695325
3002960,1.3037440258572741
3002961,5.605692779502383
3002962,287.05297179153894
3002963,53.483550179302
3002964,810.4252434589231
3002965,4.163134416186736
3002966,9.582840208570223
3002967,2.019700556371288
3002968,0.0
3002969,3.4796873024220387
3002970,1728.978178469456
3002971,0.0
3002972,465.85929314938505
3002973,5.270935410536315
3002974,415.9946051628167
3002975,461.15282277451485
3002976,156.37385591103626
3002977,109.21487221090126
3002978,23.523289410458144
3002979,2077.621094995618
3002980,6.599685441983699
3002981,0.41607895883538404
3002982,10.451982915300947
3002983,9.224408954991553
3002984,0.06884952402815007
3002985,143.70601452882607
3002986,6.228966275262648
3002987,3.6166805135519855
3002988,5.0517530405684505
3002989,41.61436142742994
3002990,1.1887929425576682
3002991,222.86710021952365
3002992,114.45633799808344
3002993,2.6931594510921104
3002994,4.399936342631201
3002995,41.65050514895354
3002996,31.709250624672784
3002997,968.4474576379031
3002998,37.701501260555325
3002999,6.790510409546772
3003000,4.141983824292095
3003001,0.3921023466552086
3003002,2.5950663101392255
3003003,1795.0202477007335
3003004,0.0
3003005,132.09265529296587
3003006,4.635419010394686
3003007,698.9054353346287
3003008,259.53138610958035
3003009,213.25323019890928
3003010,45.45967272575428
3003011,35.79144428973556
3003012,2529.6980841126197
3003013,20.80607503436798
3003014,0.8886144410778556
3003015,12.42818696419227
3003016,7.377711083260193
3003017,0.09426195348710835
3003018,135.97512106835745
3003019,4.5685165707168265
3003020,0.0
3003021,3.2055919495900964
3003022,30.478746231882802
3003023,1.6507748089869736
3003024,124.5908526043291
3003025,144.08655691603303
3003026,0.6381776675231676
3003027,4.498019386069239
3003028,164.36716570581217
3003029,22.839390972389147
3003030,383.06620851232617
3003031,12.319865104362849
3003032,2.5550368697830583
3003033,4.739195027848008
3003034,0.045900187515351715
3003035,5.89383223442888
3003036,2655.9439288543044
3003037,0.0
3003038,575.7200090923653
3003039,11.557331285829921
3003040,833.9469284435277
3003041,717.1607666585207
3003042,191.10482207696316
3003043,132.5071394776427
3003044,90.09063206444512
3003045,3434.7128691682187
3003046,32.13513246428512
3003047,1.0046716180043282
3003048,13.661973958679038
3003049,31.576989632060354
3003050,0.31528042760722524
3003051,233.39594650581697
3003052,21.227938612120376
3003053,11.268486660514629
3003054,4.879821864864642
3003055,84.60827177625363
3003056,5.452704557878035
3003057,380.8636232182835
3003058,207.4754255090349
3003059,6.951593147564041
3003060,6.375131000137101
3003061,387.77860878417005
3003062,99.81585355310798
3003063,1973.998405680422
3003064,0.0
3003065,24.16624300454115
3003066,4.987561862926413
3003067,0.12448114119249581
3003068,4.413885611847033
3003069,2834.5894925497005
3003070,0.0
3003071,383.9099226940018
3003072,5.182372574149527
3003073,1094.7776100962783
3003074,548.4423868168377
3003075,460.04826694735186
3003076,73.07274682154218
3003077,61.03509016454599
3003078,4315.446244549914
3003079,11.457438323398463
3003080,0.4138745855641454
3003081,13.959299335013664
3003082,12.524723224146845
3003083,0.03614411496377011
3003084,279.10522421526855
3003085,2.937732256802309
3003086,3.72490851802457
3003087,3.8644236349787713
3003088,40.85308170147066
3003089,0.7888833607963797
3003090,634.0590482461856
3003091,270.37559166046594
3003092,3.0198565662279666
3003093,3.3712334271389537
3003094,201.91169295339876
3003095,50.64558092059318
3003096,716.6472167956156
3003097,39.42055435668
3003098,8.598652410662057
3003099,6.936343136335068
3003100,0.34915145553005394
3003101,2.687544010773759
3003102,2077.274197478388
3003103,0.0
3003104,313.7833413525126
3003105,5.728939319743177
3003106,1302.758359638833
3003107,404.14194061671793
3003108,214.05131670724637
3003109,163.82944442775002
3003110,56.164772114716904
3003111,2960.611928396667
3003112,9.197860610067991
3003113,0.725600387852855
3003114,22.359252585209735
3003115,23.359164062672818
3003116,0.2195908037214905
3003117,219.5552008336459
3003118,2.1077242942153736
3003119,1.45188530477897
3003120,7.036431716406728
3003121,72.50436013127687
3003122,1.0672185964283285
3003123,113.67875069018528
3003124,183.00167522236868
3003125,2.1648304042492184
3003126,4.493700157237131
3003127,119.77826934670533
3003128,118.04749661464975
3003129,640.5527358571017
3003130,0.4572340795238874
3003131,4.263072674828797
3003132,3.214967755832017
3003133,0.026320069684202054
3003134,1.2849762207407283
3003135,1444.3774374269963
3003136,0.0
3003137,120.16739627010817
3003138,5.664600243994975
3003139,574.0421307167331
3003140,284.3363727781749
3003141,139.12937857001518
3003142,38.15753873393973
3003143,43.7472838640588
3003144,2213.4217921386635
3003145,7.014874568234191
3003146,0.3236470693207615
3003147,19.984869282105375
3003148,13.797297325533245
3003149,0.090555039984374
3003150,133.34336301667435
3003151,1.0166697159094444
3003152,0.0
3003153,2.90239484939946
3003154,57.79643156448752
3003155,1.497870812021071
3003156,115.98073127673307
3003157,130.12682983486005
3003158,0.8770486194165947
3003159,4.822952474237606
3003160,110.29244736372664
3003161,28.90429727381048
3003162,361.6640844399474
3003163,14.243672899699202
3003164,2.237696831167943
3003165,1.7799313041113978
3003166,0.0
3003167,2.053404060271024
3003168,1278.7739765007843
3003169,0.04042142000304129
3003170,250.28949413673374
3003171,16.108879221648948
3003172,478.1190862696929
3003173,431.95889412742196
3003174,108.91015998105786
3003175,41.51225056647805
3003176,61.59149146820243
3003177,1843.5116475931302
3003178,20.93069468695558
3003179,0.3538568392521408
3003180,11.066527186764894
3003181,8.840801567241112
3003182,0.15451146211958716
3003183,116.96308417922627
3003184,8.191294536603095
3003185,1.4063904579354265
3003186,3.861593135402786
3003187,50.82371784953515
3003188,3.238224646496233
3003189,599.1547353156769
3003190,136.07992039966538
3003191,1.9467538447661483
3003192,4.983406751913399
3003193,248.97321946455207
3003194,29.86362242533847
3003195,985.5901720473178
3003196,0.0
3003197,6.480321745391492
3003198,2.969421653140348
3003199,0.18800602713589618
3003200,3.382297602028724
3003201,1853.8542250009884
3003202,0.09536608609043434
3003203,524.7406239797452
3003204,16.246249584060788
3003205,792.4475499385858
3003206,787.6623685713316
3003207,203.09305858608505
3003208,170.66230949055557
3003209,149.69935591503045
3003210,700.8469786559398
3003211,29.085243727522652
3003212,0.6579911931484324
3003213,19.38336533759017
3003214,30.809293814837325
3003215,0.09732568619362887
3003216,220.60240977643411
3003217,8.480674416465416
3003218,34.79144210474345
3003219,7.754151875245034
3003220,71.48945476725825
3003221,12.03768622884086
3003222,314.4498768429288
3003223,223.8063329178744
3003224,14.96605518170554
3003225,8.77587292765624
3003226,447.5598177163213
3003227,108.08710813054816
3003228,2736.9841107624275
3003229,0.0
3003230,18.00606191873485
3003231,2.168520684759466
3003232,0.0
3003233,1.065119613238319
3003234,1516.205888393152
3003235,0.0
3003236,264.6108226053148
3003237,4.332611523567707
3003238,339.42642130472905
3003239,419.49319929645634
3003240,104.40544623139743
3003241,63.32227367344808
3003242,50.115874002653655
3003243,1421.867031791666
3003244,11.725499904385092
3003245,0.3268914704510572
3003246,9.758647922048958
3003247,13.053083248493037
3003248,0.11006788130023476
3003249,81.26262441992046
3003250,0.0
3003251,17.098779581519047
3003252,1.9195230232125993
3003253,122.9835335315025
3003254,3.2901913271038303
3003255,133.12196936545155
3003256,84.70590145900142
3003257,2.6520323873880796
3003258,5.993615139302658
3003259,107.88518332428565
3003260,24.5984868268216
3003261,852.9294538211615
3003262,0.24290371188679014
3003263,1.50487414479164
3003264,3.4111179674029453
3003265,0.0
3003266,0.3159909859153681
3003267,744.0400653028067
3003268,0.0
3003269,162.04558761507064
3003270,4.308988257199007
3003271,337.9968603963306
3003272,194.07662611627185
3003273,55.773457058956424
3003274,25.51733617512431
3003275,32.486446034028596
3003276,1212.6168884456063
3003277,7.646740709948158
3003278,0.5868770733888495
3003279,9.052579681103566
3003280,7.436445012700652
3003281,0.25375908166148287
3003282,66.75715590290162
3003283,0.20472508315411928
3003284,4.239135876071325
3003285,0.8169095565486
3003286,24.692115919069877
3003287,0.355115155640213
3003288,197.70078792072053
3003289,98.82851946130467
3003290,1.6684588950415642
3003291,1.129561366813236
3003292,97.14862697509272
3003293,12.712979147137345
3003294,370.0304448357108
3003295,0.4333343160472794
3003296,1.381876279786943
3003297,4.7060281038356395
3003298,0.15852727558542476
3003299,2.463862909954659
3003300,2198.7872977294087
3003301,0.16011680597561057
3003302,478.21250632970526
3003303,13.21065441341369
3003304,660.7895966401145
3003305,720.3383475209674
3003306,220.23159978550336
3003307,166.9341455250862
3003308,91.49183571852316
3003309,2953.9479234732876
3003310,13.618141775680993
3003311,2.0609896215461725
3003312,25.03101569748816
3003313,23.39762639907615
3003314,0.18593981196626297
3003315,179.4443614874583
3003316,3.917493616383892
3003317,20.782719361694266
3003318,5.144851840081186
3003319,96.61440633987282
3003320,3.171789912860259
3003321,201.53534358677456
3003322,166.007228075199
3003323,7.196311657880429
3003324,5.9480217513309
3003325,273.72377434245976
3003326,64.51390164344978
3003327,1942.9701928864667
3003328,0.8651616505141486
3003329,9.092124319194452
3003330,5.777042787173119
3003331,0.02631476507405676
3003332,2.956432251268576
3003333,2536.6904043921013
3003334,0.0
3003335,472.7043975715772
3003336,10.588307929920852
3003337,975.708787001178
3003338,648.0161515709942
3003339,278.00590602006326
3003340,197.3364502756956
3003341,53.11597990054993
3003342,3468.267588714556
3003343,8.672250064949907
3003344,0.673700142724611
3003345,32.46040698167071
3003346,15.778763237286256
3003347,0.5366471544591755
3003348,237.9326205236157
3003349,0.0
3003350,4.302504378047497
3003351,3.147084205754184
3003352,43.22450425707135
3003353,0.9037709274909804
3003354,282.04831785299876
3003355,240.67866611637197
3003356,3.0601467968510043
3003357,2.963253365677855
3003358,171.25712405341574
3003359,71.80375694157644
3003360,1184.428844416912
3003361,1.8697181091020854
3003362,1.6169922511536279
3003363,4.819738160934344
3003364,0.2106441211706511
3003365,2.6175289093887795
3003366,2385.886787429541
3003367,0.0
3003368,450.6980947413213
3003369,10.396097089997555
3003370,799.9113476827895
3003371,512.079620016341
3003372,215.20422142848005
3003373,144.67846729492732
3003374,47.32106370604635
3003375,3156.381338158356
3003376,9.32893094836642
3003377,0.6519639271283733
3003378,21.81408432486008
3003379,16.669202609421486
3003380,0.15940010740384483
3003381,208.71048398230968
3003382,0.0
3003383,3.4155826365880353
3003384,3.9828358898070118
3003385,79.82997001204005
3003386,1.0179161867941855
3003387,137.0600809342178
3003388,187.2995866241324
3003389,3.803170841449006
3003390,3.4881340004136554
3003391,149.80377950931083
3003392,48.37731571120763
3003393,869.6589609196932
3003394,1.242434563141492
3003395,3.3812760503509747
3003396,7.255474827467202
3003397,1.0394921915391464
3003398,10.83149415807025
3003399,6892.526237083027
3003400,0.11083954632490799
3003401,1108.3744904507569
3003402,73.33996752369089
3003403,1623.7850943135575
3003404,1667.5685921852214
3003405,314.28897744872074
3003406,397.3137884303497
3003407,295.5552197955063
3003408,6637.493726322815
3003409,58.86324788973945
3003410,2.1426859834573566
3003411,41.28286492762828
3003412,48.69798308374591
3003413,1.1055543032048654
3003414,414.14366961055924
3003415,29.852469366964378
3003416,37.87095328151208
3003417,18.652821977038638
3003418,211.5622696275947
3003419,23.380598480224368
3003420,581.3694980655687
3003421,415.01849140437184
3003422,13.272768583134253
3003423,20.56221721898049
3003424,920.7053930242882
3003425,271.9609822676929
3003426,6017.688160246086
3003427,0.9211067820182344
3003428,67.4740247990582
3003429,2.503424788525559
3003430,0.21223760871834021
3003431,0.5610767953357338
3003432,1338.9906609686902
3003433,0.0
3003434,152.64123046777812
3003435,3.4519895089423196
3003436,921.4233281933597
3003437,240.5598948751339
3003438,102.14539939500469
3003439,140.2632137952944
3003440,37.02042088108728
3003441,2313.157836737439
3003442,3.5994677597032965
3003443,0.31367833841254034
3003444,11.073671676619568
3003445,7.800022052192826
3003446,0.21411708332709709
3003447,166.71208948421162
3003448,0.24293963740418673
3003449,0.0
3003450,2.0166599940775134
3003451,56.28646060083546
3003452,0.5161109707034945
3003453,149.48224078667536
3003454,106.04931212800152
3003455,1.3718992542678268
3003456,3.8242990722496897
3003457,98.84527925283945
3003458,18.677460973606117
3003459,451.165052225605
3003460,0.03615985653222109
3003461,3.8414546372061382
3003462,6.166567429551192
3003463,0.17446353128223938
3003464,1.7343028402525373
3003465,2394.4009841818975
3003466,0.0
3003467,414.80054963852905
3003468,9.26271401576091
3003469,1330.6322499836028
3003470,516.575175184637
3003471,202.82878404467715
3003472,218.1721903334649
3003473,83.47168792236347
3003474,3726.6147186206163
3003475,10.318632424175632
3003476,0.21916647779922174
3003477,18.58206337083473
3003478,16.81848705510044
3003479,0.15943649130129603
3003480,238.28361822430503
3003481,0.9811953402866129
3003482,2.747273512718991
3003483,7.661917300197839
3003484,16.340505486431837
3003485,1.2792026013696796
3003486,600.7466772792652
3003487,227.21066989886793
3003488,2.4552618867156095
3003489,4.799603354901815
3003490,134.94527872413897
3003491,51.93679587093015
3003492,1003.9206242887386
3003493,1.1801081406318916
3003494,4.142910223703326
3003495,1.2253120908091075
3003496,0.0
3003497,0.2440106352767207
3003498,841.5371445338207
3003499,0.0
3003500,116.49891883804487
3003501,2.498129925610109
3003502,963.7124329402644
3003503,142.90652751827866
3003504,80.96335102345601
3003505,170.64321519202764
3003506,16.417829519776262
3003507,1394.6383805827354
3003508,1.2223268108162335
3003509,0.22307219348292667
3003510,8.476438039367647
3003511,2.2767250925855573
3003512,0.04206674765641698
3003513,81.6293071415694
3003514,0.0
3003515,0.0
3003516,0.22575216303021356
3003517,36.29196851673415
3003518,0.18772375024910498
3003519,114.53934368170675
3003520,66.35600443964205
3003521,0.30009662818720084
3003522,0.8862471247757946
3003523,52.74962702013053
3003524,9.767991267105668
3003525,153.52353813059656
3003526,0.03398357351375227
3003527,1.3021199003009283
3003528,6.277189985287756
3003529,0.0
3003530,2.6247402468362773
3003531,1711.5576793455616
3003532,0.0
3003533,205.0014393730814
3003534,8.66268865024343
3003535,810.7411063795231
3003536,323.2502744934753
3003537,160.9347022528798
3003538,126.07286615241642
3003539,45.700497893055655
3003540,2479.23086220812
3003541,2.310061961494594
3003542,0.4261398041310335
3003543,19.09277688581038
3003544,13.43443064773577
3003545,0.21260955478693855
3003546,178.32177771024288
3003547,0.0
3003548,0.0
3003549,9.8750930768929
3003550,22.631118857402555
3003551,1.0145476959137474
3003552,375.3640526882151
3003553,175.14592490700747
3003554,1.1557254731545572
3003555,3.5801195848948906
3003556,192.05165219916825
3003557,23.182720295813464
3003558,1000.1839265742831
3003559,0.0
3003560,0.7926154555719949
3003561,2.3617402002284265
3003562,0.20831782380477018
3003563,2.3355829659877103
3003564,2182.234197554417
3003565,0.0
3003566,579.8735352470411
3003567,6.127308770271908
3003568,773.7501019245248
3003569,543.3338988513445
3003570,206.6404577448882
3003571,82.6769053421393
3003572,64.58186744686864
3003573,3414.8981569547345
3003574,4.670684269589197
3003575,2.924468064527191
3003576,23.56034872179826
3003577,33.6994273511546
3003578,0.2599946079465351
3003579,187.8798144598072
3003580,2.112984763843321
3003581,4.304363956402747
3003582,3.0195831095431673
3003583,36.868315820634656
3003584,1.704440443682365
3003585,240.15214446076436
3003586,224.25220295330618
3003587,3.3275522617356916
3003588,5.347570973388919
3003589,127.03514003431329
3003590,32.759600382238105
3003591,561.5415441494391
3003592,1.7636796869801397
3003593,3.2477564116430457
3003594,3.3395102011472826
3003595,0.03511510411654388
3003596,0.17588813534879397
3003597,1159.9622862146275
3003598,0.0
3003599,79.51282303091168
3003600,2.1862221630086647
3003601,352.06840551549413
3003602,151.7973843835046
3003603,75.22408462544232
3003604,95.3134068094444
3003605,34.91250778734615
3003606,1465.2888904149843
3003607,2.0798086144535506
3003608,0.2371826121836686
3003609,10.668112303260013
3003610,5.744898370230748
3003611,0.1795529058690264
3003612,87.20015561386414
3003613,0.0
3003614,0.0
3003615,0.35776257433776765
3003616,21.7311312238778
3003617,0.3897728631645669
3003618,304.1346815704819
3003619,71.47983806112143
3003620,0.5650266681615337
3003621,0.7519056349500948
3003622,56.30457763460411
3003623,13.041562972267625
3003624,325.0069516662094
3003625,0.04314854058872453
3003626,0.1321547473988388
3003627,3.4873281118019213
3003628,0.05762939026176226
3003629,1.9266437722899719
3003630,2687.807280201925
3003631,0.0
3003632,414.9738394872294
3003633,7.833071145975293
3003634,740.9569475712875
3003635,473.76979418635136
3003636,167.33865962155755
3003637,152.06037729987912
3003638,65.31199619355161
3003639,3202.903603419545
3003640,3.7620512623089235
3003641,0.3643735520706904
3003642,13.842662973714624
3003643,7.700330634510873
3003644,0.14123383734489398
3003645,176.28125777833762
3003646,0.0
3003647,22.73949102283106
3003648,2.3578174404492604
3003649,41.958041731772816
3003650,0.6996798055505546
3003651,392.1674302412616
3003652,182.85889629119416
3003653,1.4931757952486713
3003654,3.123406364331758
3003655,109.11196340130378
3003656,36.449746825133076
3003657,1061.4248070654319
3003658,0.48538458225637215
3003659,0.6160100080395823
3003660,2.7188196303583863
3003661,0.0
3003662,4.820577975826927
3003663,2536.356413667151
3003664,0.0
3003665,528.4024652302454
3003666,7.83118094173264
3003667,929.916811413933
3003668,808.0830455323328
3003669,156.70432395877296
3003670,108.04472669315508
3003671,114.04002971785016
3003672,3472.806499901031
3003673,51.84640332739432
3003674,1.049384517995438
3003675,27.888022115348143
3003676,30.61136525332212
3003677,0.12260682620576835
3003678,231.49482452643846
3003679,18.18799891503739
3003680,21.717411408596416
3003681,1.6518734757196385
3003682,112.96138707713791
3003683,8.006541079426762
3003684,196.92475258636907
3003685,229.04991969079992
3003686,9.568242327400538
3003687,12.132891166415376
3003688,243.37832361909557
3003689,78.5888778943403
3003690,2364.589736556128
3003691,0.07322896728176204
3003692,9.905661110747186
3003693,4.5380408653225555
3003694,0.0
3003695,6.007229128965362
3003696,2170.055137737909
3003697,0.035878783370035104
3003698,385.0467023588485
3003699,12.625529777708516
3003700,832.7399237120753
3003701,610.1487570666783
3003702,122.12426765846399
3003703,63.65622119350628
3003704,90.51209901827276
3003705,3118.5835766216633
3003706,20.93429401950338
3003707,1.0341707721560782
3003708,25.75514326658205
3003709,50.3347820206229
3003710,0.08551863077659884
3003711,245.9919951356375
3003712,12.934344327334616
3003713,15.804416677653602
3003714,6.687410448099462
3003715,83.9336003990988
3003716,8.165989543550209
3003717,140.52904869449463
3003718,276.70124329563794
3003719,5.566593587480327
3003720,8.15379941812584
3003721,96.42788937502196
3003722,75.25392031028214
3003723,1535.2379275658072
3003724,0.15392576963024263
3003725,13.351246910179665
3003726,6.049687700071808
3003727,0.2678501445032119
3003728,3.2037003938257262
3003729,3203.8199154900694
3003730,0.0
3003731,639.8315346426137
3003732,8.342546489599941
3003733,1879.088339279321
3003734,582.4555629357893
3003735,181.48580234221927
3003736,268.3182884847685
3003737,60.8170312623804
3003738,4856.980555915851
3003739,27.962199073041397
3003740,1.0689583196956112
3003741,19.322415353775863
3003742,13.968793431754401
3003743,0.11990889584034047
3003744,273.23644744428316
3003745,3.7298999180374306
3003746,10.788493536168478
3003747,4.887224425151568
3003748,61.640282019996306
3003749,2.9045542277256455
3003750,224.64132479687285
3003751,283.90240950784045
3003752,5.78107911091701
3003753,8.507524000340812
3003754,230.96375959446593
3003755,55.312045264946526
3003756,1318.6941245928542
3003757,10.863769764321574
3003758,11.830610376182388
3003759,2.468387256921125
3003760,0.03704452262455261
3003761,4.512759785242094
3003762,2062.092750185912
3003763,0.15942376656126275
3003764,326.74205534300927
3003765,7.090288539421392
3003766,688.631702771452
3003767,643.7833725089572
3003768,171.7245523339593
3003769,105.30051821444563
3003770,72.54331412494588
3003771,2866.680974135268
3003772,16.592684240326648
3003773,1.0894092285334853
3003774,8.333196096955946
3003775,9.839427113128963
3003776,0.34045587323462295
3003777,209.87414560499442
3003778,14.095299863495054
3003779,13.999937111994592
3003780,0.9836285272490697
3003781,61.833564083550506
3003782,4.969137563676732
3003783,312.2318244237988
3003784,186.43530070665406
3003785,4.51204669588788
3003786,7.809482848150724
3003787,298.9077449960284
3003788,39.99941804987032
3003789,1725.1676646534886
3003790,0.08917596026939148
3003791,19.45420573775159
3003792,2.8545142228962095
3003793,0.23920595470286074
3003794,3.3105663818671713
3003795,3339.3758679452703
3003796,0.0
3003797,324.94291744468694
3003798,6.496181651782871
3003799,1516.920864039633
3003800,487.03921672465816
3003801,225.90675059526578
3003802,128.95357491503637
3003803,57.851361592837264
3003804,4388.457842450379
3003805,9.634968037594449
3003806,1.392522345788354
3003807,25.409307292495598
3003808,17.25537912708868
3003809,0.15782309913968445
3003810,303.16362180735484
3003811,0.0
3003812,0.11286432317971375
3003813,5.556464656892565
3003814,34.18660431808751
3003815,1.2993423154579267
3003816,152.98363459889072
3003817,253.95424265962782
3003818,2.0012157257963357
3003819,7.913244818503056
3003820,137.16212003527542
3003821,43.48714393473262
3003822,884.3707548399381
3003823,0.0
3003824,4.737344583131407
3003825,4.205383083696592
3003826,0.08381949568712446
3003827,5.913218449122543
3003828,2191.940750279576
3003829,0.0
3003830,376.5028591775282
3003831,10.989528285381626
3003832,1236.433543540729
3003833,520.8960196174047
3003834,179.904094939139
3003835,91.18102209524986
3003836,137.92315818892598
3003837,3129.560175883458
3003838,23.129011748398497
3003839,0.9119975396632913
3003840,21.487988655535883
3003841,21.956863725560467
3003842,0.23334258206255515
3003843,177.56327505630776
3003844,12.247127369450759
3003845,14.094744140650375
3003846,7.090133180191268
3003847,103.14105951085422
3003848,7.899803640637668
3003849,155.93852745118627
3003850,270.5054425862004
3003851,10.130133643393018
3003852,6.833658634673468
3003853,139.41543619033948
3003854,46.81624993874413
3003855,1507.8141986159637
3003856,0.45582702195238844
3003857,4.962976080129459
3003858,2.625240469039036
3003859,0.0
3003860,2.7091953960529698
3003861,1641.8153855552243
3003862,0.0
3003863,363.1921730073529
3003864,8.373266722488479
3003865,535.6320576109454
3003866,600.443538994967
3003867,131.4746099621983
3003868,107.31698967451457
3003869,92.40342142792326
3003870,1215.0910183136039
3003871,23.660955908621812
3003872,0.744768646669651
3003873,14.969638892784014
3003874,11.371721370179232
3003875,0.16045837018507914
3003876,153.76481850694546
3003877,13.029155970712416
3003878,26.888299451254973
3003879,3.617442093535888
3003880,66.93491607945411
3003881,7.376293269140827
3003882,211.39262332516034
3003883,152.2047375978033
3003884,6.168849031786756
3003885,7.742481755458364
3003886,195.93881953252819
3003887,54.905402946025426
3003888,1988.0790897725167
3003889,0.06936507858796513
3003890,11.651490280363802
3003891,3.2738466927120475
3003892,0.10739368352526751
3003893,2.901889676734339
3003894,3674.0333726510385
3003895,0.0
3003896,435.2369442483232
3003897,10.145352345730217
3003898,913.9319587398517
3003899,472.6332827487653
3003900,219.10166943059875
3003901,139.86198130168108
3003902,46.3198695549545
3003903,3620.7191740058356
3003904,5.48468808789296
3003905,0.1458902031909931
3003906,9.051247181563134
3003907,13.040235944606843
3003908,0.13033283961092262
3003909,177.6100673837926
3003910,0.0
3003911,5.506338776740709
3003912,0.7963380174786137
3003913,67.41768591255482
3003914,1.7045415329456741
3003915,217.77896437207653
3003916,223.461930119996
3003917,1.8110319583892225
3003918,2.2301440119462645
3003919,170.85922556147364
3003920,107.22465494808773
3003921,569.980921273371
3003922,1.7953745140186208
3003923,0.41169678322451525
3003924,12.8687486358862
3003925,0.0
3003926,10.514143257841262
3003927,7309.965613971942
3003928,0.08793274545932585
3003929,1280.729949708005
3003930,31.052419310234548
3003931,2021.872646039307
3003932,1924.8126930855237
3003933,415.07855942709637
3003934,412.7196093685862
3003935,400.78046769108124
3003936,7433.578083827433
3003937,70.62786549552874
3003938,3.365986641638325
3003939,112.14118293569736
3003940,86.64557276583716
3003941,0.6153400957909463
3003942,529.3010079588564
3003943,28.461963428633926
3003944,18.550078016796473
3003945,20.03839336629698
3003946,326.7019451478037
3003947,19.45961268466466
3003948,657.158534889208
3003949,396.21533589576615
3003950,31.449862322966872
3003951,29.471939567506684
3003952,911.8239246284411
3003953,328.73215625809564
3003954,6822.232833251256
3003955,94.33466686579406
3003956,69.40234989028578
3003957,10.582206511012114
3003958,0.0
3003959,9.222556739844697
3003960,6718.791970341271
3003961,0.10894894741336264
3003962,992.1767503519831
3003963,33.924595856684824
3003964,2102.457444099519
3003965,1681.133912175581
3003966,524.6281304749776
3003967,272.81109917000305
3003968,253.9930111007173
3003969,8279.208486803087
3003970,111.81396388073067
3003971,1.3342863151141358
3003972,52.11617005413257
3003973,68.30754510489858
3003974,0.5336779217460128
3003975,501.58475808036246
3003976,24.417600012172983
3003977,30.59945392096821
3003978,6.243737679169598
3003979,208.16197127464918
3003980,15.39718001056611
3003981,804.2469318437372
3003982,496.1213241089683
3003983,17.02552034608172
3003984,22.251360572427895
3003985,832.1533138562481
3003986,214.1396114612319
3003987,4678.654245446289
3003988,119.52977483848423
3003989,48.68128485705731
3003990,9.406327014393
3003991,0.0
3003992,12.64090709082581
3003993,4451.168326257283
3003994,0.19357629516208907
3003995,752.993328239519
3003996,17.10368676364655
3003997,1919.976164121715
3003998,1178.9212861015353
3003999,611.2652804537415
3004000,99.0269719581836
3004001,195.13589969640765
3004002,7229.434540604581
3004003,34.0326630255957
3004004,1.1772500148746339
3004005,35.61360011755763
3004006,17.98793738168608
3004007,0.349105256320976
3004008,490.6960749037963
3004009,25.583788437207218
3004010,18.357027569766647
3004011,9.46617134220309
3004012,107.47637236322647
3004013,7.451170352022938
3004014,760.2957448883079
3004015,519.9984217496468
3004016,18.0352223539206
3004017,32.33419672865473
3004018,586.0077560454112
3004019,120.77952367330123
3004020,2125.2187391360667
3004021,103.55165504744157
3004022,31.28204120404388
3004023,12.258646478057308
3004024,0.0
3004025,12.820299587652773
3004026,6022.443133742168
3004027,0.15320722465811346
3004028,916.6017214659189
3004029,26.517081132092407
3004030,1922.900563326776
3004031,1671.3623832146486
3004032,508.23438997329066
3004033,262.8895015435666
3004034,209.1735846633765
3004035,8056.916575857042
3004036,46.90682570693538
3004037,1.2843844563921332
3004038,48.07282342031343
3004039,71.11125716242489
3004040,0.42279554463838953
3004041,552.2479446453392
3004042,30.41311332538763
3004043,27.18068646131687
3004044,12.170567069080677
3004045,171.09501466244419
3004046,10.899770005998276
3004047,686.5192438720104
3004048,544.9656952283543
3004049,19.475658594913103
3004050,23.221664436357575
3004051,862.837455263185
3004052,201.42199792259933
3004053,4537.379033977861
3004054,98.66885794451477
3004055,53.84722556478574
3004056,9.66495752216751
3004057,0.0
3004058,13.08847413160084
3004059,3701.5975143696473
3004060,0.061321266660795654
3004061,631.5597095147366
3004062,15.427358006287502
3004063,1646.054913585143
3004064,958.2360025424493
3004065,470.55891287942137
3004066,81.45251702349839
3004067,153.53447565052184
3004068,6004.309731456359
3004069,37.07763590811575
3004070,0.40805303733424736
3004071,25.726212470820276
3004072,28.254312351322362
3004073,0.18891213058511297
3004074,458.6996508708941
3004075,18.79052774891846
3004076,7.291737388973308
3004077,6.66525774550421
3004078,103.45811413100004
3004079,3.5844654584690048
3004080,619.5888309504229
3004081,563.6089705539322
3004082,13.39408313371488
3004083,16.01209816080975
3004084,602.1171024393965
3004085,81.82512786003775
3004086,1424.2794453182855
3004087,106.60185680741415
3004088,16.376323490464046
3004089,8.439710593652709
3004090,0.0
3004091,8.780798183619233
3004092,5399.474135120806
3004093,0.06245170490236391
3004094,989.1050678511745
3004095,25.816995842319557
3004096,1493.9846008385975
3004097,1827.827451425946
3004098,340.36529082776434
3004099,351.71020578801705
3004100,293.1452471050785
3004101,6359.449305005182
3004102,58.31847148416615
3004103,1.1731566999151055
3004104,56.13097048860569
3004105,43.83690986038013
3004106,0.5189769208821795
3004107,395.4624649161484
3004108,19.737147898393623
3004109,24.39040936383745
3004110,10.222498836720913
3004111,240.88661622356858
3004112,12.095316497686287
3004113,574.0418976888731
3004114,388.69982232313816
3004115,14.574029796680186
3004116,25.92202875092379
3004117,771.825006297114
3004118,199.50598297585904
3004119,5686.339072724417
3004120,127.50633495785553
3004121,60.710482086039434
3004122,4.633671494939443
3004123,0.2065945144386782
3004124,5.999603380390757
3004125,1537.1697061856069
3004126,0.0
3004127,304.4133785355346
3004128,18.519998167263765
3004129,858.7084199090889
3004130,458.11354947409507
3004131,203.7885977694279
3004132,62.35607233429093
3004133,72.29024469574153
3004134,2598.656410578854
3004135,33.26305090388444
3004136,0.7963663396345566
3004137,28.17224751558308
3004138,21.910128098994182
3004139,0.4330896733322076
3004140,207.63393387063377
3004141,9.346051645135873
3004142,5.981684496664994
3004143,8.70109695351835
3004144,57.742346740305024
3004145,4.767849262340349
3004146,221.50355484921198
3004147,208.60868454396208
3004148,2.190097194433967
3004149,6.983600910878364
3004150,170.65904555713422
3004151,55.4932865169717
3004152,1272.077459185607
3004153,0.6078610205412014
3004154,8.80542704696139
3004155,7.199133485905527
3004156,0.0
3004157,11.079266747244398
3004158,3772.5062020322084
3004159,0.14222623036136026
3004160,510.7850762539459
3004161,29.27689928857369
3004162,1370.0081009744124
3004163,946.5904904630041
3004164,393.33425255579454
3004165,75.76665380804128
3004166,169.83504505935687
3004167,5510.02223339453
3004168,84.21093072746554
3004169,0.8760775753120305
3004170,44.25145460516232
3004171,32.5919447828602
3004172,0.21719008119064478
3004173,372.77719744184856
3004174,16.518057108890417
3004175,4.9087902714083675
3004176,1.7274182669463918
3004177,128.6338442638734
3004178,6.599806061669232
3004179,418.9755019988265
3004180,402.5301520191575
3004181,8.641839732045907
3004182,14.789937978828924
3004183,321.5448821460251
3004184,73.71373101658139
3004185,1858.8288780047828
3004186,81.99939953510675
3004187,14.510594858753194
3004188,6.2639852467282635
3004189,0.0
3004190,4.481624890914116
3004191,3416.1045685995673
3004192,0.1333032220450543
3004193,692.3750327072111
3004194,7.981946506985089
3004195,1117.220441178947
3004196,1197.6651526537992
3004197,210.45810052630324
3004198,253.4243579415325
3004199,187.09828909139446
3004200,4039.5297634104604
3004201,26.451771474866685
3004202,0.904935286401632
3004203,22.381906108999246
3004204,29.33070192545069
3004205,0.5435817408449415
3004206,264.24625510169415
3004207,2.0576338448849727
3004208,35.39311100674006
3004209,4.944247732739732
3004210,115.49211692587456
3004211,8.30343194315726
3004212,444.23875072939614
3004213,210.82030969753242
3004214,16.361255058214457
3004215,9.770648706523211
3004216,529.2360268441394
3004217,104.08887044785132
3004218,4192.076727222397
3004219,2.8424769484188652
3004220,30.547126068273986
3004221,9.645278406129618
3004222,0.0
3004223,4.467549538211321
3004224,3574.813627312235
3004225,0.0
3004226,623.0548312355223
3004227,10.700320528996897
3004228,1314.0869567543034
3004229,904.0366266415803
3004230,278.16971363092443
3004231,146.2702318491108
3004232,247.26337603557192
3004233,4672.304969252149
3004234,39.477560212310834
3004235,2.256899632777261
3004236,9.570890845089526
3004237,58.47938388197314
3004238,0.21689203289109532
3004239,281.2910162668353
3004240,6.0189236245865425
3004241,41.43080428197247
3004242,4.958403858588665
3004243,233.79413373584165
3004244,8.721886679809863
3004245,346.23322021703285
3004246,257.1162553627302
3004247,12.592421413022318
3004248,8.839046555861124
3004249,337.90577655573344
3004250,80.98219787233197
3004251,3842.372804770158
3004252,1.8808339052904115
3004253,6.375093134228636
3004254,6.214407400651741
3004255,0.09014295393719564
3004256,3.2382049594776747
3004257,1749.8672180079445
3004258,0.0
3004259,393.5586833677811
3004260,6.775895819436096
3004261,796.162989365336
3004262,408.100959862499
3004263,195.1922676412154
3004264,68.46431115612933
3004265,90.36872761863917
3004266,2591.6578467401614
3004267,12.34943808038364
3004268,1.0380965726318032
3004269,19.84820350556038
3004270,22.731821095755294
3004271,0.15913902284535691
3004272,171.54736332369097
3004273,3.2753699823806484
3004274,6.006075859134344
3004275,5.186595655367683
3004276,69.23538376924772
3004277,2.7894271713220236
3004278,202.24310886306694
3004279,198.04494873537917
3004280,3.9494018399123316
3004281,5.526238712056847
3004282,148.60050596701046
3004283,49.206812095851554
3004284,1449.2939342579634
3004285,0.3981796701963668
3004286,2.9161077770314017
3004287,4.496521418616134
3004288,0.0
3004289,0.5946510637557962
3004290,1895.3447471999648
3004291,0.0
3004292,174.30484284976995
3004293,2.316859787443893
3004294,727.5436080802149
3004295,180.06682774987655
3004296,175.24336088332566
3004297,51.9000474416931
3004298,28.222212740551587
3004299,2408.5248299923805
3004300,5.670565626499869
3004301,0.3770390744336188
3004302,20.780428806470123
3004303,9.161099491939694
3004304,0.08127407078118014
3004305,158.73009754545913
3004306,0.0
3004307,0.0
3004308,1.6085847499543
3004309,25.946273393987603
3004310,0.5491939615029213
3004311,61.0019424129998
3004312,137.2264367014613
3004313,0.06939994063642842
3004314,1.6791912237335223
3004315,52.402859002808064
3004316,74.24158970143075
3004317,478.9527003827734
3004318,0.0
3004319,1.3317509334513873
3004320,3.723246360265037
3004321,0.14798369396093217
3004322,5.443431535972408
3004323,2795.0399573915834
3004324,0.0
3004325,479.4526244328174
3004326,12.085447797166704
3004327,1065.4662531495965
3004328,798.3614485903543
3004329,265.41620201472574
3004330,131.41372840821546
3004331,115.43697185618913
3004332,4133.363629832264
3004333,29.06099021021926
3004334,1.1922917680919025
3004335,22.45239992639252
3004336,52.073583662327096
3004337,0.16731411912507158
3004338,263.3914343210612
3004339,17.833232907326956
3004340,14.33529809372174
3004341,12.031893977483499
3004342,68.88933477942213
3004343,4.83606512373889
3004344,366.53199174683033
3004345,253.8028542757433
3004346,6.190261847925837
3004347,12.47812269537502
3004348,419.41728290901875
3004349,88.87017082532702
3004350,1997.779928186577
3004351,0.0
3004352,21.495837507009963
3004353,4.7013024988872285
3004354,0.1306559852849898
3004355,3.2263277239583568
3004356,2445.993730823415
3004357,0.08138647952697146
3004358,573.4788232154176
3004359,14.656724659687992
3004360,816.7770056348828
3004361,958.0288712459909
3004362,146.54326969838152
3004363,232.08515599795984
3004364,192.47572940829033
3004365,1564.4485655165745
3004366,37.794146021030436
3004367,1.8471635552635872
3004368,26.629490468488687
3004369,21.92376702861611
3004370,0.5795472960006303
3004371,206.77364117074785
3004372,12.19943264181432
3004373,33.38358424657316
3004374,5.76468594217576
3004375,133.53459561710784
3004376,9.70642086850129
3004377,394.02110106435765
3004378,210.67980577699424
3004379,5.8350127155754254
3004380,9.54776591568243
3004381,548.9555117411222
3004382,122.1312284808545
3004383,4506.853851454982
3004384,0.24075299367844336
3004385,33.92443851761795
3004386,4.187720168735787
3004387,0.17765541646373254
3004388,5.981985245384568
3004389,2442.3637223439564
3004390,0.1135604021710121
3004391,682.9830916836992
3004392,20.796597385242762
3004393,870.672918217782
3004394,916.9621753887488
3004395,199.4062642079523
3004396,230.49855562060233
3004397,124.59183318708524
3004398,1891.4790472775023
3004399,28.831873250938184
3004400,2.3666269402267104
3004401,30.352250511610706
3004402,33.278854571154845
3004403,0.39726134042775485
3004404,274.4334422121782
3004405,23.106128736454725
3004406,27.0296640456063
3004407,17.869751046048442
3004408,120.3849647760365
3004409,17.443629224123057
3004410,350.8142318627927
3004411,254.55763535157817
3004412,14.296756803845282
3004413,15.542172190475629
3004414,443.4888878659932
3004415,149.33226171693238
3004416,3334.6178421026193
3004417,0.24526253484744043
3004418,31.39005597483839
3004419,8.858269159077746
3004420,0.0977912633058408
3004421,5.635627824093245
3004422,2732.202761708734
3004423,0.0
3004424,451.0107732482454
3004425,13.79378580445062
3004426,1338.5714835769036
3004427,649.7202567080916
3004428,447.73276587603794
3004429,153.20973474290028
3004430,74.4618505235982
3004431,5211.014206367364
3004432,10.34354213418836
3004433,0.8245537592598837
3004434,32.233334686875494
3004435,27.692153188982417
3004436,0.08386644641736976
3004437,354.3661081213462
3004438,11.141665468155226
3004439,3.5912958109486777
3004440,5.75117166191929
3004441,36.66540214858071
3004442,2.3783402956886737
3004443,523.7529613366443
3004444,353.34835593954693
3004445,5.340150174655996
3004446,7.153757605283161
3004447,345.8975804063642
3004448,86.769192514488
3004449,1120.8892334002398
3004450,54.34513174442503
3004451,11.794362038089544
3004452,4.770790708634234
3004453,0.0
3004454,3.2731002420744186
3004455,2245.8655570631254
3004456,0.15903777805103228
3004457,389.54957212978803
3004458,20.347489555698353
3004459,743.2143376949721
3004460,735.523798804666
3004461,162.74296475237477
3004462,155.10006465805722
3004463,130.82044493985518
3004464,2692.360024624979
3004465,22.816537413056906
3004466,1.3318749242118062
3004467,21.621367832512593
3004468,21.53065634299143
3004469,0.4009870486942098
3004470,169.0913264767504
3004471,11.078209901980674
3004472,21.124184172604952
3004473,5.318143654857105
3004474,141.14994957972098
3004475,5.412100691671793
3004476,590.5594673040224
3004477,133.01080282491145
3004478,3.776632430979025
3004479,7.919312047343718
3004480,504.6242850621477
3004481,77.3903422189251
3004482,2347.0385015667794
3004483,0.0
3004484,40.16469107265137
3004485,1.1836328023351341
3004486,0.0
3004487,1.1016390924439228
3004488,1179.5061433473365
3004489,0.0
3004490,80.5246382142115
3004491,2.453191451782115
3004492,864.9147366061947
3004493,218.8007602573124
3004494,285.030633674706
3004495,28.612905124598576
3004496,25.448406188531234
3004497,2077.4621574831385
3004498,4.710750664874827
3004499,0.16571534703934837
3004500,6.735228774570938
3004501,5.989704705419874
3004502,0.04829763101947459
3004503,135.53170866020437
3004504,1.7201188731063386
3004505,0.0
3004506,0.9075630228939497
3004507,15.040110798789879
3004508,0.3651328858518929
3004509,126.83937021455785
3004510,138.67705360683956
3004511,0.6725496649544507
3004512,2.4685684572030446
3004513,147.08649806692384
3004514,21.06573781825356
3004515,216.0405742041413
3004516,9.891858957997595
3004517,0.8353852777950965
3004518,5.477445364758981
3004519,0.22107515828557223
3004520,4.44160218141268
3004521,4761.438889219104
3004522,0.0
3004523,634.0165943989604
3004524,12.00030478082224
3004525,1630.9063393801225
3004526,557.1016110206797
3004527,564.9056492522213
3004528,304.0116518311334
3004529,87.87202979764933
3004530,6243.0826079318
3004531,27.526543540566315
3004532,0.3614653188833327
3004533,21.749265890782336
3004534,16.144553942298707
3004535,0.16392208906541084
3004536,385.69546473659835
3004537,10.916452892817658
3004538,1.48814353457322
3004539,7.460041318915076
3004540,60.699518845326025
3004541,1.9309052086557887
3004542,470.29918018463883
3004543,282.63924232186247
3004544,1.3958491283557102
3004545,12.004411749589165
3004546,500.4674232015785
3004547,97.35719658322111
3004548,1359.6719619721187
3004549,4.7592775482030145
3004550,5.34888800478485
3004551,3.65556439192666
3004552,0.007601485939377108
3004553,1.4132896936679695
3004554,1426.2738148689803
3004555,0.0
3004556,152.40897599592208
3004557,9.946040733931373
3004558,876.1430737157484
3004559,329.3648849075448
3004560,245.90858583379958
3004561,45.111082607762995
3004562,36.169453270955735
3004563,2558.250174748534
3004564,8.583819581112325
3004565,0.45608592071053133
3004566,12.589533762790886
3004567,13.44125495235031
3004568,0.1716346163064728
3004569,139.8509145483638
3004570,4.452840425878642
3004571,0.0
3004572,4.5760305406115656
3004573,53.5223398977228
3004574,1.0213812496215646
3004575,115.03855360620882
3004576,134.60163044946654
3004577,0.8197409276532552
3004578,3.585371803290153
3004579,161.96564555945818
3004580,26.953865546917196
3004581,291.81045929630653
3004582,17.06549272466961
3004583,2.164541883169621
3004584,3.2736253165826428
3004585,0.0
3004586,1.9655658719122284
3004587,1490.3748864371098
3004588,0.0
3004589,99.67709102008004
3004590,4.042761755484669
3004591,678.1691535126137
3004592,226.39183679235927
3004593,171.13722602526005
3004594,33.63569200799063
3004595,28.769559408634453
3004596,2520.3133499611054
3004597,13.702383586881341
3004598,0.09818822521310311
3004599,7.995269108395108
3004600,7.768343828985806
3004601,0.05833281472289574
3004602,126.56957516407194
3004603,1.3164451104123294
3004604,0.0
3004605,1.601625913592938
3004606,51.24152128082342
3004607,0.5948354277589956
3004608,140.92508505960998
3004609,134.47858978510388
3004610,0.31268764453779924
3004611,3.756173750923945
3004612,99.06844258941267
3004613,19.57079901948989
3004614,165.10949125432683
3004615,5.031925651625046
3004616,2.0798163228798456
3004617,2.6688090859333315
3004618,0.0
3004619,2.192585938372588
3004620,1374.9353118636502
3004621,0.0
3004622,137.84656653912305
3004623,8.811164897776543
3004624,1080.3514818539704
3004625,316.55958678985985
3004626,331.81237226091645
3004627,33.864849264384155
3004628,45.38657121397984
3004629,2734.4315945499034
3004630,10.228166859090114
3004631,0.22207767183921373
3004632,10.398691252911917
3004633,18.82076108998042
3004634,0.04648074049434887
3004635,155.2766106498483
3004636,0.9907592695351459
3004637,0.0
3004638,2.0265235483623125
3004639,26.41861074613201
3004640,1.1809502522280662
3004641,201.78575872524118
3004642,225.89264147498287
3004643,0.6931089118808673
3004644,2.94840292152887
3004645,74.00087096381198
3004646,82.68075402463327
3004647,320.99197222816616
3004648,0.0
3004649,3.0274885922893082
3004650,2.383312506719817
3004651,0.7891070928840873
3004652,2.289970761915133
3004653,1548.3672592420053
3004654,0.0
3004655,149.68713220152821
3004656,1.335533216232598
3004657,831.1436285527762
3004658,303.85650719554843
3004659,306.8064175039038
3004660,74.6845609680879
3004661,60.770512128559446
3004662,2300.6236340800024
3004663,7.256706970966762
3004664,0.5672587376300557
3004665,14.215960946342731
3004666,13.729934461266474
3004667,0.09249985390177001
3004668,194.6623622361134
3004669,8.295922849459382
3004670,0.0
3004671,2.8332500399646823
3004672,30.691637725561648
3004673,1.4289568148240295
3004674,111.79877543298446
3004675,150.23274503230553
3004676,0.6524957631217898
3004677,3.439453418161717
3004678,125.87669116473683
3004679,46.89094220365861
3004680,584.7217330550966
3004681,12.498602017119369
3004682,3.204784501545279
3004683,3.2551107781831545
3004684,0.057897736785071326
3004685,0.5387214512913985
3004686,1185.6631220106772
3004687,0.0
3004688,111.32668371846768
3004689,4.668488050968689
3004690,956.0379828443891
3004691,189.25718952430685
3004692,155.41107456538762
3004693,89.56725314575428
3004694,33.450712730931336
3004695,1702.0766446468879
3004696,4.5330705120086545
3004697,0.23658418668676323
3004698,9.536725394477209
3004699,10.858636339267768
3004700,0.08609902601428
3004701,138.23477456679038
3004702,0.0
3004703,0.0
3004704,1.6488513961913704
3004705,40.26575080606413
3004706,0.7150028989653581
3004707,42.165530436439184
3004708,100.41609900876742
3004709,0.4327463728803994
3004710,1.6086440120917453
3004711,72.60663585309871
3004712,23.891937150466934
3004713,389.6054096507064
3004714,0.0
3004715,0.6806287236266897
3004716,6.437793374777158
3004717,0.3235706326702848
3004718,3.244530314822331
3004719,2688.825532090958
3004720,0.0
3004721,257.19643846081
3004722,5.684520155061224
3004723,867.7408609995067
3004724,505.04037522452995
3004725,576.2371350105576
3004726,156.40049232014545
3004727,83.37215922542623
3004728,3628.6170402588455
3004729,13.572220028361338
3004730,0.6473901415907681
3004731,17.93975574449851
3004732,16.3548830679491
3004733,0.15226477491986254
3004734,226.9709132162357
3004735,0.7199598521978856
3004736,0.0
3004737,3.0440393773598347
3004738,54.721066413384435
3004739,2.402022994043139
3004740,196.66118246580797
3004741,202.13147148537647
3004742,1.3831789817569407
3004743,5.587631346598178
3004744,320.7978869682978
3004745,53.7214169752014
3004746,794.7462729966036
3004747,7.7391214030917475
3004748,10.836243517124373
3004749,1.8842784629990845
3004750,0.0
3004751,2.6296528166682536
3004752,1635.9143776129374
3004753,0.0
3004754,414.67461985036795
3004755,6.097258411030015
3004756,424.75073824860135
3004757,423.2480996902332
3004758,196.44916797928718
3004759,104.90139677162868
3004760,33.62770460351099
3004761,1935.8306824845836
3004762,5.968704407913828
3004763,0.3982818053529821
3004764,17.54033049058914
3004765,6.763840829226338
3004766,0.011644189921878741
3004767,126.82616895442571
3004768,3.9263001379518334
3004769,2.457842407389564
3004770,3.609095568139762
3004771,67.65349052978843
3004772,0.9735146163743644
3004773,48.08220500945998
3004774,121.50854170131285
3004775,1.7914945884363083
3004776,2.777122489286123
3004777,186.10862482266532
3004778,49.049162359523564
3004779,859.1748250416964
3004780,10.248956036282543
3004781,5.170743087006003
3004782,5.288510105601157
3004783,0.4475917567176213
3004784,1.4957714546345855
3004785,2243.8453402953887
3004786,0.0
3004787,132.41506379418908
3004788,5.173209597586552
3004789,773.4544028495777
3004790,282.7181897879766
3004791,263.5775885208701
3004792,45.3213175368343
3004793,39.990685001497
3004794,2807.9825299854037
3004795,32.48477018758901
3004796,0.8819175302714866
3004797,10.582703987647447
3004798,9.197038407862157
3004799,0.08687653708742366
3004800,152.02621392632844
3004801,4.916371823791656
3004802,0.0
3004803,3.7149667963814323
3004804,49.997223474154595
3004805,2.108141356563847
3004806,108.35691814724437
3004807,172.77765381072373
3004808,0.7538174421703936
3004809,3.999691406468247
3004810,116.32205023394762
3004811,20.05532735232245
3004812,345.74232483577424
3004813,0.0
3004814,2.032253308524356
3004815,4.7871514763697665
3004816,0.03987074551401887
3004817,5.7259785524977715
3004818,3066.6047433712943
3004819,0.0
3004820,646.14048233492
3004821,14.057491209501288
3004822,913.9470713521983
3004823,847.3595368110614
3004824,255.39095235291109
3004825,180.47997740703758
3004826,124.99567570971978
3004827,3974.448251391941
3004828,37.76166813706193
3004829,1.2996745878218778
3004830,19.88926123279911
3004831,21.812864161896535
3004832,0.27537067878589755
3004833,245.84880605193754
3004834,20.305944167212722
3004835,13.261030283374726
3004836,7.506610619442011
3004837,124.11103106224402
3004838,7.118391702009477
3004839,1185.8484719527864
3004840,231.22312760362757
3004841,8.26699391226438
3004842,8.068447013095849
3004843,619.8751885865362
3004844,98.23181048458756
3004845,2220.613998093552
3004846,0.0
3004847,43.72130234924742
3004848,5.067940567197868
3004849,0.1206018035825151
3004850,3.7854713348048366
3004851,2850.9349664671586
3004852,0.0
3004853,340.3705246489373
3004854,7.579053726126638
3004855,1232.094091386431
3004856,502.1880260130837
3004857,907.415891366671
3004858,77.19282867923388
3004859,65.89714220525859
3004860,4224.061629051888
3004861,12.82467015395969
3004862,0.37661418154101534
3004863,20.357997088442758
3004864,12.268881365566374
3004865,0.02151168398580821
3004866,243.69846029273793
3004867,3.5786105942437025
3004868,4.16751568879617
3004869,2.451730707175246
3004870,63.263573997441824
3004871,0.8483827997291311
3004872,211.78586404201977
3004873,241.75009518216163
3004874,2.7267999858695045
3004875,3.225021859101358
3004876,477.4568257362644
3004877,59.70671740748715
3004878,701.81157590913
3004879,18.130834792577318
3004880,8.117741678893607
3004881,7.49314252405528
3004882,0.331184718609689
3004883,2.4768750530369616
3004884,2260.259000082584
3004885,0.0
3004886,311.8060962397353
3004887,5.416340401097559
3004888,1278.720114264098
3004889,419.97300347000174
3004890,283.8266349469644
3004891,143.23133966820566
3004892,76.57771752725608
3004893,3104.322474147864
3004894,10.312041664800041
3004895,0.4842464225803035
3004896,29.748017052383855
3004897,21.88589060781355
3004898,0.18440398887182308
3004899,205.90412151335485
3004900,1.798630505276205
3004901,1.619660670966109
3004902,7.824724248286261
3004903,114.24375240261833
3004904,1.4671481558079722
3004905,78.86527365926865
3004906,193.3042043446184
3004907,1.60008377063932
3004908,5.085162345227447
3004909,145.73418468562693
3004910,143.35981071022488
3004911,906.7412894408986
3004912,0.4326560903622154
3004913,3.7976157552669187
3004914,3.3264066455244707
3004915,0.08665392237581018
3004916,1.2876560452958707
3004917,1281.0182349650909
3004918,0.0
3004919,169.763548761684
3004920,5.741537468016555
3004921,562.6681730951346
3004922,280.1030391323829
3004923,149.6297369864891
3004924,55.74468996364017
3004925,45.44834430813022
3004926,2126.8616923952304
3004927,8.029667370468689
3004928,0.4062588228446967
3004929,17.54662100863852
3004930,14.051345944620351
3004931,0.04536616358710498
3004932,145.1225826705307
3004933,1.1818112877458837
3004934,0.0
3004935,3.2573640471590313
3004936,131.50378568497493
3004937,1.6807138428882769
3004938,90.64342599868134
3004939,120.75154129482121
3004940,0.6591554829372692
3004941,4.213749831229994
3004942,266.68430298196387
3004943,31.636172557475128
3004944,558.9158106654712
3004945,11.538792384126651
3004946,1.3934797271156927
3004947,1.4311441124024866
3004948,0.0
3004949,1.962341507927857
3004950,1317.2346349421432
3004951,0.03830724822748195
3004952,249.92073067361366
3004953,12.2572728988549
3004954,517.9378830667039
3004955,488.1750203732714
3004956,142.46549189454802
3004957,59.22070157227981
3004958,70.95388177817365
3004959,1984.2152064588633
3004960,24.38548122631378
3004961,0.3521686815498521
3004962,9.557266941318865
3004963,12.599134211648215
3004964,0.14912257006066865
3004965,109.20589227971679
3004966,8.116632997049347
3004967,2.0889160058724916
3004968,3.641290913809997
3004969,76.9732251956783
3004970,3.949600099434006
3004971,527.628163876555
3004972,123.9829292363355
3004973,2.4528072337144042
3004974,4.577579619600104
3004975,359.17382016892753
3004976,36.81118797639683
3004977,1201.690362976687
3004978,0.0
3004979,12.072807508680555
3004980,2.7288217385150317
3004981,0.1863168280200865
3004982,3.7280460677205243
3004983,3579.6304723811986
3004984,0.1432200626780274
3004985,760.7929085363635
3004986,21.072194266645027
3004987,1166.2198444805158
3004988,1315.777518660393
3004989,318.40002401919236
3004990,267.9741880519184
3004991,218.1101469068495
3004992,4291.737337086411
3004993,26.72241925923679
3004994,0.7963617526787972
3004995,20.00343930461587
3004996,33.98407460172151
3004997,0.10777938591654893
3004998,260.5627767843728
3004999,10.55911155430272
3005000,37.04142884877149
3005001,8.174449760274802
3005002,139.08230539811237
3005003,12.717171457269908
3005004,702.315170812654
3005005,255.39017059607056
3005006,12.945897187208848
3005007,8.535442122939289
3005008,765.1939695294923
3005009,126.16990302639958
3005010,3595.2847772115424
3005011,0.0
3005012,44.847270525233206
3005013,2.2499925034586785
3005014,0.0409787578285318
3005015,3.765331788772806
3005016,2021.701745008591
3005017,0.0
3005018,355.95781060156617
3005019,5.5988402805666295
3005020,423.26543780232674
3005021,569.5188953184393
3005022,157.1755391422158
3005023,129.29413887574785
3005024,81.48367974494022
3005025,1826.0335236732233
3005026,15.588711053277951
3005027,0.3816899975671462
3005028,12.764050871312469
3005029,15.030060726477487
3005030,0.06955951811017617
3005031,99.32815296483726
3005032,0.0
3005033,26.011836140658296
3005034,2.087377807581731
3005035,236.08708836025562
3005036,5.938891968825259
3005037,326.7269081990453
3005038,98.49338983583502
3005039,3.570473565182951
3005040,4.4659172189281
3005041,249.46874496195167
3005042,31.284176462499154
3005043,1178.011173094964
3005044,0.2446180798643781
3005045,5.247278582195134
3005046,3.3304405501574763
3005047,0.0
3005048,1.6819475396110892
3005049,744.4373590641484
3005050,0.0
3005051,196.2963022262305
3005052,5.2125575907300785
3005053,374.9214615224302
3005054,214.32785207039217
3005055,103.32892738731519
3005056,39.17725345871534
3005057,30.899606970739583
3005058,1408.2069683162401
3005059,9.096995255537305
3005060,0.6557400448802944
3005061,9.390678512151672
3005062,7.5724038424826805
3005063,0.24763472669727843
3005064,72.48794045286337
3005065,0.1936894063155075
3005066,7.235794472231902
3005067,0.7805294110319545
3005068,26.64726890553199
3005069,0.3678946666699155
3005070,392.503597100887
3005071,128.12671008589484
3005072,1.7927323756154356
3005073,0.8640582365564877
3005074,195.2635606636043
3005075,15.261956342840357
3005076,438.3672466893998
3005077,0.3431544245764877
3005078,3.989684848928869
3005079,4.258310952060588
3005080,0.14473234171617924
3005081,2.349678749814259
3005082,2430.9511555085446
3005083,0.14303209358487262
3005084,492.90428005682656
3005085,15.528643469364166
3005086,707.4442073501084
3005087,763.856782017903
3005088,293.04472407943666
3005089,216.76045022926036
3005090,141.9667739329799
3005091,3099.6937929164437
3005092,18.230577067477796
3005093,1.5565051164834407
3005094,28.617576575037837
3005095,21.572355390794144
3005096,0.15517692959956794
3005097,186.342282996159
3005098,3.5995215115694803
3005099,27.049770937061783
3005100,5.947278170382525
3005101,198.49638345874686
3005102,3.0877407872398575
3005103,379.21118316022637
3005104,167.20610584132217
3005105,7.38265772143199
3005106,7.92256117755182
3005107,429.4036310094167
3005108,68.61703806878674
3005109,2115.271686032161
3005110,0.6800900107567938
3005111,22.802863233227022
3005112,5.163835305067772
3005113,0.019906262155490084
3005114,1.592710392220535
3005115,2525.6528551888878
3005116,0.0
3005117,443.39139883337555
3005118,15.512573428041545
3005119,1038.0464697930338
3005120,583.4104885930312
3005121,390.4248602711843
3005122,160.99866737364624
3005123,63.29131757240087
3005124,3485.3769332284837
3005125,9.438823512722028
3005126,0.6921176066637704
3005127,25.0276254137968
3005128,16.844475968255946
3005129,0.48519098112546855
3005130,197.63258853988563
3005131,0.0
3005132,3.97307190003039
3005133,3.950264814648234
3005134,69.45316749109121
3005135,0.866544564284019
3005136,142.88131324934332
3005137,263.18874861416975
3005138,4.129554678031364
3005139,2.938313812001392
3005140,216.8976913876641
3005141,72.85432779156143
3005142,977.7590839453544
3005143,1.3068861626848052
3005144,1.1681583157339852
3005145,4.0624853436501525
3005146,0.19469530365938428
3005147,2.5293902058178457
3005148,2188.1508617955346
3005149,0.0
3005150,439.44683743900265
3005151,10.60289435435329
3005152,775.9271450175639
3005153,511.62397011957466
3005154,256.0035496650256
3005155,139.98235535219655
3005156,67.32494197922267
3005157,2785.7360896497576
3005158,9.564419861138177
3005159,0.7782271494342017
3005160,23.764963767622703
3005161,13.97034914531619
3005162,0.14578879252068802
3005163,182.20410067883353
3005164,0.0
3005165,3.530539435724198
3005166,2.9347233483279753
3005167,119.74581371328193
3005168,1.1021714798384474
3005169,87.19433037287695
3005170,169.0906784206269
3005171,3.2743711651364906
3005172,3.03420884114721
3005173,208.85181793227562
3005174,55.28938702369854
3005175,749.5322303699947
3005176,0.8955974408942058
3005177,3.477900734466923
3005178,8.600373184908078
3005179,1.1284429742272564
3005180,10.98108085973862
3005181,7873.128293839875
3005182,0.1334347504908718
3005183,1183.5131430102049
3005184,56.78538037996311
3005185,1876.7058865221834
3005186,2049.1381030635325
3005187,435.80867168754673
3005188,547.0811701374056
3005189,395.64316756420214
3005190,8017.886514571568
3005191,73.28047168056615
3005192,2.4719290367027313
3005193,48.02645459530859
3005194,53.46707214560445
3005195,1.1259891886552382
3005196,499.186609564549
3005197,41.32668185905493
3005198,63.70169741961769
3005199,21.918106050724152
3005200,342.74617316389254
3005201,28.959070731750604
3005202,1353.5822995295243
3005203,462.06991953116045
3005204,15.275772792011761
3005205,21.223190598384402
3005206,1550.8524562943753
3005207,278.9332629519636
3005208,7141.786905021202
3005209,0.8262876102140213
3005210,126.14321358383253
3005211,2.3968258965601272
3005212,0.2469958524387519
3005213,0.702167829474744
3005214,1102.4106915720145
3005215,0.0
3005216,119.05621142046601
3005217,3.483648084888044
3005218,823.5203763268505
3005219,216.78975385773794
3005220,130.86077789663292
3005221,125.29832629427128
3005222,43.907424567945675
3005223,1534.9563475353932
3005224,3.5717905124450997
3005225,0.31666221322523624
3005226,10.474975361195643
3005227,7.654398247007853
3005228,0.21414603676372584
3005229,118.52254426610172
3005230,0.293878889886023
3005231,0.0
3005232,2.4946459272055757
3005233,48.878334231790966
3005234,0.45092080788916167
3005235,46.71574754036494
3005236,82.41396756855343
3005237,1.7650334484468786
3005238,3.3094371299750716
3005239,128.6213685357495
3005240,16.62497027774475
3005241,378.51626179102317
3005242,0.00986719232963014
3005243,3.3843708435228574
3005244,6.6286503444443925
3005245,0.2021670209016468
3005246,2.3961229917596456
3005247,2630.9561181182958
3005248,0.0
3005249,453.7158046367839
3005250,10.745416323351225
3005251,1140.1255873892474
3005252,536.7573245569394
3005253,293.34516125522026
3005254,282.09708231460127
3005255,89.99970995014769
3005256,3679.3551024444164
3005257,9.312447128548527
3005258,0.23510573950159017
3005259,22.611917178239263
3005260,16.277945379132376
3005261,0.12865042151105474
3005262,234.78106329440644
3005263,0.8606725699447264
3005264,2.4950459068416824
3005265,7.337501575871588
3005266,19.601197140378716
3005267,1.1761263919769593
3005268,291.82155643725366
3005269,213.71370554517458
3005270,2.8505751372131023
3005271,4.394014325503782
3005272,142.95756108286872
3005273,57.29250101083298
3005274,1038.292544299332
3005275,0.8312764978112068
3005276,4.686479044060003
3005277,1.123478987853741
3005278,0.0
3005279,0.28972505105809454
3005280,781.2315166530566
3005281,0.0
3005282,88.3823737323178
3005283,2.635192376513865
3005284,540.4298896196293
3005285,125.84712628978436
3005286,105.24137156219071
3005287,142.53215879087864
3005288,16.464525460389723
3005289,1298.9712194605472
3005290,1.4269831298236149
3005291,0.19573881019592426
3005292,7.891548280481231
3005293,2.298002361925899
3005294,0.017725195084802626
3005295,70.5979844012157
3005296,0.0
3005297,0.0
3005298,0.2362850911296359
3005299,62.54784937353408
3005300,0.21154410231094484
3005301,54.64944555879072
3005302,63.495435239079455
3005303,0.36014273183603884
3005304,0.9997915167277662
3005305,69.12333223743005
3005306,8.654745987834348
3005307,178.34471294429787
3005308,0.004786369958482554
3005309,1.2482354336022827
3005310,6.352853715101116
3005311,0.0
3005312,1.399934428951969
3005313,1976.0475395572316
3005314,0.0
3005315,172.2106097451623
3005316,7.945093359242879
3005317,773.737715354221
3005318,314.33055515580696
3005319,197.5966587049439
3005320,83.02910543669401
3005321,71.74312128471418
3005322,2542.300405273144
3005323,2.18138416170687
3005324,0.34583442856431856
3005325,24.06780154619195
3005326,13.359678393033228
3005327,0.18542602041712952
3005328,160.46390998091871
3005329,0.0
3005330,0.0
3005331,10.286361446058784
3005332,32.246646603895734
3005333,0.9540364523063498
3005334,190.42458859645666
3005335,157.04232351647212
3005336,1.0850995729646802
3005337,3.000738395977822
3005338,235.49383348831077
3005339,30.272427067046124
3005340,955.0213228379403
3005341,0.0
3005342,0.5159724549320774
3005343,2.7756511645805952
3005344,0.20198689086970276
3005345,2.284309259082222
3005346,2285.1638435110817
3005347,0.0
3005348,612.42867750473
3005349,7.797968251527127
3005350,911.9969415268755
3005351,592.2284251023659
3005352,252.89847333627608
3005353,136.30754483563112
3005354,71.5983775163725
3005355,3878.650650047147
3005356,4.703098187968258
3005357,3.0503885429948463
3005358,29.918880579389985
3005359,35.97524852905947
3005360,0.2504720869286289
3005361,200.46160457884483
3005362,1.9601782684167985
3005363,5.250805214793398
3005364,2.6248861698953183
3005365,54.35857057293525
3005366,1.9873850662746788
3005367,163.71866358348026
3005368,242.87427829379757
3005369,3.4534449773543487
3005370,5.1423357897799535
3005371,170.64308278588268
3005372,37.25081488010292
3005373,578.001957389006
3005374,1.3583151558632514
3005375,2.368369339827817
3005376,4.039459220431753
3005377,0.028892364654010384
3005378,0.14317375024858608
3005379,1270.3186381334074
3005380,0.0
3005381,83.28896582615944
3005382,3.3483789987804524
3005383,412.5373830912302
3005384,135.99321373123516
3005385,110.30164285569735
3005386,135.69918484949068
3005387,41.1730374664241
3005388,1560.9857547356419
3005389,2.9715144934879922
3005390,0.20339255951718468
3005391,8.847724948256486
3005392,5.688797323749017
3005393,0.15875681065547506
3005394,89.44815185532727
3005395,0.0
3005396,0.0
3005397,0.30886137170408945
3005398,32.83043984362244
3005399,0.4674828914216288
3005400,152.01141064402773
3005401,71.0634013980313
3005402,0.47010371468960704
3005403,0.6599379938770806
3005404,68.3299908794368
3005405,15.25160265557636
3005406,303.31218290215963
3005407,0.08994245912792435
3005408,0.11216032122999266
3005409,3.543973686146046
3005410,0.05354903737275746
3005411,0.6895796138667538
3005412,2747.5094703504155
3005413,0.0
3005414,402.7457580837164
3005415,7.397108045640255
3005416,804.2934226946714
3005417,468.0845032202213
3005418,224.98551169806908
3005419,113.93670786967594
3005420,100.12189258498586
3005421,3209.775567842912
3005422,4.589709716289489
3005423,0.4194655655083718
3005424,19.029306009992236
3005425,9.327644120737872
3005426,0.11235045575692001
3005427,194.53454241739206
3005428,0.0
3005429,31.118971885995293
3005430,2.3676757250103257
3005431,64.48480924224111
3005432,0.7917581971584178
3005433,180.79493739526472
3005434,174.690238723734
3005435,1.7381389389250392
3005436,2.9740751365943177
3005437,117.45987794691075
3005438,44.029600490707544
3005439,1024.1408133348373
3005440,0.3151106165580442
3005441,0.6525427223289311
3005442,2.790561528120307
3005443,0.0
3005444,4.53732960759139
3005445,3043.1825461573594
3005446,0.0
3005447,515.4274027528115
3005448,10.168608582475512
3005449,966.6391153142165
3005450,884.2100093926532
3005451,172.60529713093064
3005452,139.120586621369
3005453,137.6885319335595
3005454,3565.0757556395006
3005455,61.08710276882977
3005456,1.1767662869350333
3005457,36.07467334361709
3005458,20.077713095897444
3005459,0.10564666385034667
3005460,227.8449852569898
3005461,16.3453601086082
3005462,26.661836301800868
3005463,2.1049860942956315
3005464,152.89398279114454
3005465,7.621290610659747
3005466,332.0702987815495
3005467,241.74059378059812
3005468,10.04257222253506
3005469,13.4854766970522
3005470,306.0810901267638
3005471,73.7119374159904
3005472,2535.939987086375
3005473,0.048384183441469907
3005474,16.562676212702097
3005475,4.817324843488257
3005476,0.0
3005477,5.935650505443791
3005478,2608.5794780052674
3005479,0.034053331664367775
3005480,377.0587589167758
3005481,15.54996126603315
3005482,934.778103464686
3005483,768.9147343462179
3005484,167.5237870509675
3005485,84.66158787469787
3005486,112.22406909333334
3005487,3413.189764419488
3005488,20.126791091082644
3005489,0.8526159556380719
3005490,27.428930957952964
3005491,61.77017198500979
3005492,0.06968357212636912
3005493,295.844368030811
3005494,14.643141053605476
3005495,16.748832099988142
3005496,6.949487338780298
3005497,133.17204706618398
3005498,9.387555319072998
3005499,219.40618860770235
3005500,310.5571737249195
3005501,6.018269527938059
3005502,7.262493257608213
3005503,170.9968089245348
3005504,87.90678260367785
3005505,1764.0513649199784
3005506,0.13525615670197189
3005507,19.280792986145883
3005508,7.224783782970714
3005509,0.26512288326500755
3005510,2.4706417505741567
3005511,3202.087466195572
3005512,0.0
3005513,657.1652124085568
3005514,8.484252258612461
3005515,1468.9744759620924
3005516,609.6268377269491
3005517,210.21482474272867
3005518,248.73994515614203
3005519,76.50062604751804
3005520,4642.78547988392
3005521,27.42014951526897
3005522,0.9130896299273814
3005523,17.734166213854
3005524,18.137102284941665
3005525,0.10451952252873771
3005526,274.1193946458234
3005527,3.560652882220759
3005528,15.131269495201352
3005529,9.949870630761463
3005530,85.70767401295302
3005531,3.643303252215966
3005532,133.93366393871204
3005533,236.94813256270814
3005534,5.110312618845961
3005535,9.641639348512337
3005536,288.42697618817004
3005537,63.96986428509287
3005538,1420.7635276030937
3005539,4.47108603492208
3005540,12.712638803928451
3005541,2.6905925077285135
3005542,0.024419404786373552
3005543,4.324381765835539
3005544,2510.6279751523048
3005545,0.15678505244405241
3005546,367.17802126945287
3005547,9.243385927151376
3005548,799.1128041270262
3005549,724.942412447754
3005550,228.23085036207445
3005551,145.95418593089127
3005552,101.42414053824355
3005553,3245.1353913076873
3005554,22.045151561022852
3005555,1.2212267816712084
3005556,14.371395367000309
3005557,11.867726677911543
3005558,0.26115279569250793
3005559,219.9309886464076
3005560,14.778296163351957
3005561,22.321183138200997
3005562,1.0070313154733466
3005563,140.69220139192785
3005564,5.8573690110617065
3005565,591.3529083464856
3005566,199.78312763067672
3005567,5.309973934041172
3005568,7.893627475210399
3005569,492.0046275204971
3005570,47.614166683694236
3005571,2027.2833330386836
3005572,0.08092990697100874
3005573,33.06657749700033
3005574,3.2956896870978563
3005575,0.2265108873180348
3005576,3.0710931350995105
3005577,4084.7027193343715
3005578,0.0
3005579,329.9512704201625
3005580,8.753842961836915
3005581,1722.88374231127
3005582,480.1655172167671
3005583,313.88176442622586
3005584,151.92982972950068
3005585,81.19381761660448
3005586,4836.448331555408
3005587,11.090475246046122
3005588,1.3519560631878407
3005589,23.726372523045015
3005590,23.1140452944179
3005591,0.17111787018095584
3005592,315.7666440845555
3005593,0.0
3005594,0.15085060595695263
3005595,5.290453250486797
3005596,58.0067289564868
3005597,1.5743569492921874
3005598,121.22150052166677
3005599,253.2414730769235
3005600,2.729548352108306
3005601,7.627975693359167
3005602,254.51666742893875
3005603,53.80754160180313
3005604,938.3285347951202
3005605,0.0
3005606,4.080210016128947
3005607,5.24115203070215
3005608,0.08207149186489293
3005609,6.2857734407615835
3005610,2143.7091430805463
3005611,0.0
3005612,403.39364820387397
3005613,13.086215574736373
3005614,1216.8908605632423
3005615,604.3825742783212
3005616,219.76143116305096
3005617,116.94160051112584
3005618,164.70809692291826
3005619,3303.4370491727113
3005620,30.926658221617927
3005621,0.8992633692703655
3005622,17.406796783063886
3005623,22.416307661840953
3005624,0.21967139098910812
3005625,200.8372750959114
3005626,12.06421635407457
3005627,23.79602597341416
3005628,6.782816283765311
3005629,157.14589768664703
3005630,8.77212022930968
3005631,312.68479666581334
3005632,274.14627698690225
3005633,10.778582187088059
3005634,6.799300649720167
3005635,212.8870211926366
3005636,53.74134840531515
3005637,1723.2351642887588
3005638,0.4150675927660712
3005639,7.805706031768903
3005640,2.601397433991524
3005641,0.0
3005642,4.000009360302586
3005643,2583.756220436636
3005644,0.0
3005645,423.31528040555236
3005646,9.76978949773487
3005647,684.4644631827215
3005648,797.8124566348696
3005649,187.023090786807
3005650,141.09880626232479
3005651,132.61266560974357
3005652,2766.441131619756
3005653,28.541837101134078
3005654,0.6904704500133045
3005655,17.407774788010148
3005656,14.817969963287204
3005657,0.13968704599003112
3005658,174.46636391657756
3005659,12.94664913865876
3005660,37.72976877988528
3005661,4.509201086483942
3005662,92.00177513568927
3005663,7.877021504053273
3005664,291.7445077486159
3005665,207.1098551866726
3005666,6.4949907781109575
3005667,7.178334532084559
3005668,256.01673924441076
3005669,54.42838805696254
3005670,2235.7683616975864
3005671,0.048342813276076445
3005672,19.341654195170662
3005673,3.462622028887835
3005674,0.14147364931515702
3005675,2.1467834678678877
3005676,4000.484870522995
3005677,0.0
3005678,463.40369781482013
3005679,17.662659001242965
3005680,1046.2509958918552
3005681,520.0655746416696
3005682,275.66554097956765
3005683,161.7340370915788
3005684,58.52575319080396
3005685,3876.7195849997775
3005686,6.920338061509005
3005687,0.11346143206631996
3005688,9.255822463026742
3005689,14.051534340214966
3005690,0.12634443397204595
3005691,197.54499980168362
3005692,0.0
3005693,5.955713674064398
3005694,0.6866812473470161
3005695,87.16479579715522
3005696,2.481625766757909
3005697,170.05527568604998
3005698,233.59701608737694
3005699,2.1986346643277908
3005700,2.069726627408313
3005701,309.6307891997563
3005702,127.32340257327198
3005703,831.9509312273549
3005704,1.5947600042241636
3005705,0.37631152916971833
3005706,12.625744054007429
3005707,0.0
3005708,14.280827882385298
3005709,9669.547942194095
3005710,0.09669378569342385
3005711,1572.9523946062327
3005712,35.67977503408908
3005713,2280.350995731325
3005714,2427.1124663393034
3005715,636.8642711947481
3005716,656.8746216594632
3005717,474.197397824604
3005718,9943.249232801934
3005719,82.4111933655524
3005720,3.613222314109115
3005721,118.25221639046399
3005722,93.29934826021892
3005723,0.6558244424605497
3005724,628.3422312823253
3005725,33.68767248609022
3005726,25.027591789366628
3005727,18.7342846331337
3005728,508.2113589979678
3005729,23.72905655581845
3005730,1435.6561377702312
3005731,513.4662705699004
3005732,32.99655720340397
3005733,31.03127309963901
3005734,1709.1832720545453
3005735,288.6505887225834
3005736,8117.9496671099205
3005737,120.86504049206587
3005738,128.66851477194962
3005739,12.560336317179159
3005740,0.0
3005741,10.854907340324472
3005742,8892.668426219328
3005743,0.11057679719701827
3005744,1279.9955732160884
3005745,34.15897318766156
3005746,2546.071139980034
3005747,2164.8431300122884
3005748,795.0703019608559
3005749,391.5605710418333
3005750,383.6301539958569
3005751,10210.724743702387
3005752,137.57666563268924
3005753,1.3031266802198211
3005754,60.8299738457144
3005755,85.75380318652964
3005756,0.5340681233559599
3005757,609.3401238642915
3005758,29.35505601494652
3005759,42.04263428404979
3005760,12.50677893375563
3005761,332.3195569907994
3005762,18.23474176809909
3005763,1873.2041583791627
3005764,593.2963923924899
3005765,20.5507568610567
3005766,26.327111060987487
3005767,1687.603856206743
3005768,275.4574819084927
3005769,5592.082888399957
3005770,149.2458161237801
3005771,109.30511567029389
3005772,9.428530562852204
3005773,0.0
3005774,14.326335629090666
3005775,5345.874253439032
3005776,0.18410434678688353
3005777,783.2787187006713
3005778,16.36179105471018
3005779,2144.412670756567
3005780,1341.4813848584513
3005781,808.9888828379197
3005782,141.46065333584215
3005783,254.09448271877363
3005784,8100.316578102327
3005785,49.43341497191231
3005786,1.5152705755355451
3005787,37.459534228699454
3005788,22.50072796269719
3005789,0.3170813447162895
3005790,549.6404206283642
3005791,24.509347304970895
3005792,24.86163226480118
3005793,8.697277696114485
3005794,163.66122715684463
3005795,7.1322618935503925
3005796,1732.3375104789939
3005797,615.3541648046274
3005798,18.805759295547762
3005799,34.81701321870172
3005800,971.9513209739408
3005801,145.52405080195982
3005802,2463.1733864443263
3005803,109.7313956539359
3005804,54.075321148523486
3005805,13.4656179608135
3005806,0.0
3005807,14.817835904667346
3005808,7829.380484695792
3005809,0.15928032318032578
3005810,1119.3308334624116
3005811,26.807123741423094
3005812,2207.750831843525
3005813,2050.993349873229
3005814,765.1003173905975
3005815,373.47658572758166
3005816,282.35520293732907
3005817,10177.880484016277
3005818,61.59232557507237
3005819,1.378581576825832
3005820,54.02886437189909
3005821,68.6777337716306
3005822,0.441123687925887
3005823,612.7771237615231
3005824,31.60558913711155
3005825,31.442655419009796
3005826,11.81808299411677
3005827,296.6197281345126
3005828,14.540226704380766
3005829,1655.2024621020257
3005830,612.1688816388522
3005831,19.32585613119357
3005832,21.5950611410417
3005833,1389.2507233940905
3005834,235.56171008310767
3005835,4827.374400084003
3005836,148.34805581495058
3005837,85.38117120901975
3005838,9.149506174676803
3005839,0.0
3005840,12.888621206515051
3005841,4105.468826781504
3005842,0.05412635899015528
3005843,708.8155265848706
3005844,18.986950724541565
3005845,1830.366555039998
3005846,1121.0333662769617
3005847,645.6432766212532
3005848,108.14785798015461
3005849,182.35461749675255
3005850,6977.877389567572
3005851,46.46119302894143
3005852,0.4643103367784914
3005853,32.2636324485116
3005854,29.60289361270498
3005855,0.2148817200227329
3005856,507.7787086889631
3005857,19.3508265047365
3005858,9.996590614628003
3005859,3.9896891081123034
3005860,158.78067267251404
3005861,4.372575322914243
3005862,1501.2269200615324
3005863,687.8983536053206
3005864,13.265370247458362
3005865,21.515996497433957
3005866,1030.3516289794277
3005867,83.7105722323734
3005868,1618.2734446078657
3005869,102.39778441509627
3005870,29.579600332603295
3005871,9.877551189945848
3005872,0.0
3005873,9.015029214224425
3005874,6701.671508562972
3005875,0.0618099027831045
3005876,1262.0025379208166
3005877,31.176599212099113
3005878,1761.008148154225
3005879,2161.9329524808018
3005880,521.6245582705673
3005881,504.44231495021126
3005882,424.96069361415994
3005883,7610.259273064589
3005884,60.83405841092163
3005885,1.1309197432138949
3005886,53.930415351249835
3005887,55.776739384838365
3005888,0.40138315165668825
3005889,448.40743046961677
3005890,13.590464816643882
3005891,35.49689527010724
3005892,12.38205842093185
3005893,363.21582804993835
3005894,17.407222479731022
3005895,1365.4987278040612
3005896,447.310427234415
3005897,18.418736020984657
3005898,28.694140901689405
3005899,1327.018579131236
3005900,257.2406720253543
3005901,7058.282187486002
3005902,141.9426640191619
3005903,118.6043125141287
3005904,4.513063106602388
3005905,0.17202186262781882
3005906,4.8053439974499215
3005907,1694.4536571154358
3005908,0.0
3005909,319.6696855007988
3005910,24.595629807056504
3005911,803.3773453650872
3005912,486.0903774439217
3005913,230.8695135820169
3005914,91.30870770028513
3005915,116.46085047758933
3005916,2784.1381987366467
3005917,40.25567558335093
3005918,0.8427414424703956
3005919,25.302839753454272
3005920,20.525920255834123
3005921,0.39274654381171736
3005922,210.03112076627406
3005923,10.823872926829308
3005924,7.505484883156278
3005925,8.555147760961871
3005926,82.00329184874775
3005927,5.471805608572657
3005928,296.109128086691
3005929,196.57584180906946
3005930,2.746840706786819
3005931,5.9517773958773725
3005932,290.75810480061136
3005933,55.918784240239894
3005934,1479.4372238281924
3005935,0.4142948216146156
3005936,14.284710149552481
3005937,8.495204427723538
3005938,0.0
3005939,11.243472848701282
3005940,4230.627072229251
3005941,0.12413912251330216
3005942,564.0335974839334
3005943,34.020357413539216
3005944,1553.5594737747592
3005945,1012.3367651524453
3005946,505.0992748986442
3005947,103.95034765281169
3005948,180.70937416863032
3005949,5962.722453846461
3005950,124.47522306836902
3005951,1.0084548551591337
3005952,48.08057958356241
3005953,37.04013088971105
3005954,0.22462517130473883
3005955,415.7384668207995
3005956,20.26247552496808
3005957,6.149218771302732
3005958,2.2306629920922676
3005959,186.64740829761027
3005960,7.286177832478506
3005961,804.6255567972588
3005962,433.2050509675268
3005963,8.807976282142716
3005964,19.688098600185686
3005965,491.46602924433637
3005966,73.98275841116228
3005967,2034.707082994103
3005968,129.99015271284998
3005969,22.56149798192573
3005970,5.892599387073976
3005971,0.0
3005972,4.598102374424748
3005973,4236.866100428522
3005974,0.1375513887832738
3005975,857.0054709846162
3005976,9.190934215667426
3005977,1402.5079845866028
3005978,1565.8017638301715
3005979,313.0961871256218
3005980,407.1532172446241
3005981,333.0684484430349
3005982,4921.804732381663
3005983,36.367319102350436
3005984,1.0733574394674985
3005985,28.859494605748
3005986,39.007248675774946
3005987,0.522836135748521
3005988,321.6140521891841
3005989,1.7194134022736987
3005990,39.811122322031764
3005991,5.07861524463269
3005992,207.3047538370962
3005993,10.62401488896028
3005994,1058.478667246164
3005995,255.90511425323785
3005996,17.596850053735523
3005997,7.437020228155957
3005998,3232.2462827397994
3005999,124.05173297771036
3006000,4918.810813594682
3006001,2.3960373903954943
3006002,65.80281877232501
3006003,9.529692618667568
3006004,0.0
3006005,6.9226948460042905
3006006,4295.642111024067
3006007,0.0
3006008,859.5148634997281
3006009,12.97062590232929
3006010,1542.1707658008424
3006011,1115.8911025240961
3006012,399.55524170165324
3006013,222.75543547345293
3006014,450.5149927876708
3006015,5524.0999178616785
3006016,45.36419665948072
3006017,2.3818922277145878
3006018,89.59892563294558
3006019,83.97465942239837
3006020,0.2432714133269177
3006021,335.32683951713574
3006022,4.515822817629523
3006023,49.928093094222355
3006024,5.458447477227014
3006025,305.62728108864076
3006026,8.472670892638007
3006027,814.9341524618266
3006028,310.86155249477207
3006029,8.94676084851038
3006030,7.823546065141709
3006031,649.3046803475041
3006032,135.5349654420391
3006033,4545.565774298395
3006034,1.599078931174696
3006035,11.006073687091217
3006036,8.814761522290974
3006037,0.07760068264593198
3006038,2.978601321876956
3006039,2233.662279375909
3006040,0.0
3006041,442.61466957843544
3006042,7.627711511179376
3006043,1045.0808042432582
3006044,481.54196623197964
3006045,264.4084213361101
3006046,99.63394141572608
3006047,151.76435413080648
3006048,3218.6584286967372
3006049,10.603355089397452
3006050,0.9483904540850534
3006051,20.77864869055324
3006052,18.30624212069916
3006053,0.15492512204575848
3006054,207.8180657058661
3006055,3.5440146560130605
3006056,11.815474676086708
3006057,4.415671436196214
3006058,127.73061600056357
3006059,2.5373601203855354
3006060,465.8493185185834
3006061,205.76967855055264
3006062,4.103920559198642
3006063,5.4194065753907115
3006064,258.2652948256838
3006065,60.574923546581594
3006066,2020.0331148954224
3006067,0.36040358568632636
3006068,4.439874794347758
3006069,4.836722422401839
3006070,0.0
3006071,0.7898250181486779
3006072,2941.2254127608603
3006073,0.0
3006074,173.09830325403652
3006075,2.824342890734531
3006076,975.2304647474722
3006077,196.970132995159
3006078,241.33622184043773
3006079,61.16582782660762
3006080,31.443008776685865
3006081,2581.4643499953136
3006082,4.492142379226463
3006083,0.38512280136644356
3006084,20.24921121942407
3006085,8.734912490198443
3006086,0.07972306090362097
3006087,180.18377750228885
3006088,0.0
3006089,0.0
3006090,2.044922810971934
3006091,27.13574796070461
3006092,0.5570030424752406
3006093,49.81161871758158
3006094,136.40658899871516
3006095,0.16596493534461176
3006096,2.2117070783041997
3006097,62.80499060274877
3006098,69.02021006953646
3006099,562.1330516852078
3006100,0.0
3006101,0.8863410624799699
3006102,3.67939261132328
3006103,0.12945491052918778
3006104,5.804031159244665
3006105,3163.463600629274
3006106,0.0
3006107,507.83593915174174
3006108,14.059184221128682
3006109,1317.3819515079608
3006110,925.7532048886192
3006111,384.933333333824
3006112,167.2124498820298
3006113,157.39739427455066
3006114,4455.454457986444
3006115,30.03136107328298
3006116,0.9259620743189698
3006117,31.947211487441905
3006118,50.18068415683214
3006119,0.15859297064259256
3006120,318.6789282095906
3006121,18.153614382899168
3006122,16.54696193260892
3006123,10.404706553702201
3006124,129.20026364550014
3006125,6.419265969054434
3006126,662.6130047084042
3006127,262.3441872215584
3006128,7.237999466787997
3006129,12.042876040930036
3006130,692.6041046758453
3006131,99.30168256898853
3006132,2262.477595131394
3006133,0.0
3006134,51.90577314052298
3006135,4.543982588045777
3006136,0.11354401876179433
3006137,4.796731791352714
3006138,4238.477363364266
3006139,0.08264715977928004
3006140,719.7355593284115
3006141,23.179483052617325
3006142,1003.5163275169963
3006143,1391.2914388302115
3006144,222.3067918835415
3006145,296.09040898497324
3006146,289.08367786056476
3006147,4016.8748147957654
3006148,34.54242858258133
3006149,1.845920483835095
3006150,29.30361081458444
3006151,23.255386701236002
3006152,0.5014369549842719
3006153,232.8399603995523
3006154,12.882091240695559
3006155,44.82629043542284
3006156,4.835509134960887
3006157,256.3945450642478
3006158,13.296112226134568
3006159,764.4075038626352
3006160,235.7114338136167
3006161,5.987594068274681
3006162,13.595724758401579
3006163,834.9607348245696
3006164,149.35033099289166
3006165,4824.297216572022
3006166,0.1932863767464783
3006167,57.53995113813076
3006168,3.7340588259084955
3006169,0.19784246826386168
3006170,8.609628837484152
3006171,4493.1240286246175
3006172,0.10542302798864148
3006173,831.6023937960593
3006174,27.991399120745818
3006175,1250.1581773751416
3006176,1401.1388353504308
3006177,322.77157261412987
3006178,334.35413217423945
3006179,181.18335303400286
3006180,4851.055170072923
3006181,42.72639435204002
3006182,2.361183197546395
3006183,38.14205505874997
3006184,36.49667026048953
3006185,0.32924664787050306
3006186,335.3526979487921
3006187,24.10369983236296
3006188,32.6271108367114
3006189,21.1516467388356
3006190,199.24839514858604
3006191,18.150174900263504
3006192,796.2133505595114
3006193,314.9726844613519
3006194,15.219259426873283
3006195,18.02842014051822
3006196,879.5271580664084
3006197,154.3191229435615
3006198,4138.799959845641
3006199,0.26234520293338376
3006200,61.91358824535562
3006201,7.225907124580816
3006202,0.10129300600823025
3006203,5.591929769092214
3006204,2814.0397738584084
3006205,0.0
3006206,448.7002101948396
3006207,14.948085919570824
3006208,1336.724643266888
3006209,646.5979716476767
3006210,593.3622070680349
3006211,129.13182452153134
3006212,85.88976473973861
3006213,5407.84826225091
3006214,11.496098500587443
3006215,0.6903089141860408
3006216,41.5258650179321
3006217,27.464293212967743
3006218,0.07261198783784961
3006219,338.993223051732
3006220,10.100159595059626
3006221,3.4317139272687474
3006222,4.813736814163965
3006223,63.06671794258709
3006224,2.4252232011259154
3006225,279.2742137063776
3006226,319.9412721515601
3006227,5.4416574075756285
3006228,6.284109296265139
3006229,462.6958657598561
3006230,96.35152838322367
3006231,1140.9383872068418
3006232,20.559473589061266
3006233,12.279488173349568
3006234,5.06966304092956
3006235,0.0
3006236,3.8579438524753407
3006237,2177.2197496139433
3006238,0.1396286738783339
3006239,371.8757635632593
3006240,13.206368723590824
3006241,660.1386186812317
3006242,733.4924076187796
3006243,138.856305345088
3006244,150.57119966443062
3006245,137.8022691931497
3006246,2592.6475584603995
3006247,18.112964880550596
3006248,1.6253594020686841
3006249,21.011745391962855
3006250,21.40615781623952
3006251,0.5674052182272811
3006252,179.11483068111693
3006253,14.33268047731159
3006254,14.293894852377287
3006255,4.297931762397752
3006256,139.0337609105237
3006257,6.893440623264983
3006258,294.07678780356554
3006259,155.9800423709814
3006260,4.59034789142515
3006261,8.818575759523542
3006262,273.3183377667128
3006263,71.47409792811162
3006264,2421.4362145224095
3006265,0.0
3006266,24.64702043439706
3006267,1.6469115910788457
3006268,0.0
3006269,1.6153070399092204
3006270,1543.3643503084381
3006271,0.0
3006272,111.25998127725832
3006273,5.632977874024968
3006274,926.9039577274748
3006275,316.6563101753718
3006276,258.0196218467694
3006277,41.79892690706058
3006278,50.903566381121145
3006279,2910.8197097662137
3006280,7.861939706076555
3006281,0.2163029428363383
3006282,14.0241560083489
3006283,9.923867293330764
3006284,0.07710977571673595
3006285,213.85315336978545
3006286,3.410813618637712
3006287,0.0
3006288,1.322920498828426
3006289,22.668525753358736
3006290,0.5716848596315869
3006291,156.89489460343603
3006292,203.8650135032287
3006293,0.9002051472498283
3006294,4.929665383946391
3006295,140.7325866296936
3006296,28.29663289043046
3006297,242.84773528280184
3006298,9.670922973165698
3006299,1.3447328927546223
3006300,8.507107755907429
3006301,0.25694661269104047
3006302,5.691152233150352
3006303,4767.857462923456
3006304,0.0
3006305,638.5736831581255
3006306,21.26207322162445
3006307,1898.3701719868789
3006308,681.609391143864
3006309,467.80333763086907
3006310,182.56271333358472
3006311,127.85106467756563
3006312,7439.431989882815
3006313,39.8860231543791
3006314,0.7116267774723222
3006315,37.00812717695515
3006316,22.469784592650335
3006317,0.2830956917882501
3006318,469.79740017808865
3006319,15.34593137426295
3006320,2.223147928411883
3006321,9.824372353035285
3006322,76.2669789532904
3006323,3.2569119228095866
3006324,541.9920353767751
3006325,386.4089773690515
3006326,2.4957080285164674
3006327,16.959747254147484
3006328,365.0749831354779
3006329,119.67717854450042
3006330,1251.382580148743
3006331,16.223605243045746
3006332,12.663952412745294
3006333,5.5511136545416555
3006334,0.014139724237664244
3006335,0.4463719857447545
3006336,1821.5481626972846
3006337,0.0
3006338,183.21377597611865
3006339,10.396403621078527
3006340,1118.2889162018075
3006341,473.7229657578124
3006342,219.90940853811955
3006343,58.95388487469827
3006344,58.648020994068645
3006345,3181.263216720828
3006346,10.96273432035168
3006347,0.6506605672337797
3006348,19.34961908718825
3006349,18.796325875427232
3006350,0.267971223516588
3006351,195.17974949589026
3006352,7.842385710352714
3006353,0.0
3006354,7.169126161604549
3006355,71.56328713036142
3006356,1.5704643098645414
3006357,137.0681644851859
3006358,188.9759288004737
3006359,1.4652133357264283
3006360,5.754564614828411
3006361,150.29144003797023
3006362,33.42809970400591
3006363,380.26535369082296
3006364,4.117357827772699
3006365,4.231139851315459
3006366,4.631969951793549
3006367,0.0
3006368,4.284572469419442
3006369,1867.393533794069
3006370,0.0
3006371,142.29138551183664
3006372,7.8280487112372565
3006373,882.743503198667
3006374,370.08202682896234
3006375,215.6982096627397
3006376,47.769384771885385
3006377,50.28151367880995
3006378,3283.3690734341276
3006379,17.01253172780131
3006380,0.1063720750018707
3006381,18.13453362719278
3006382,12.09486340499168
3006383,0.09171988036789938
3006384,191.93248792876884
3006385,1.9125364719302702
3006386,0.0
3006387,2.2076043217757246
3006388,67.75724626686734
3006389,0.9148031856881682
3006390,176.39225466490038
3006391,232.51024152089238
3006392,0.45648696610030176
3006393,4.64300845328385
3006394,138.97569818229817
3006395,24.044795597339338
3006396,217.8927472911181
3006397,7.613326265843037
3006398,2.906229847615418
3006399,5.639028216943881
3006400,0.0
3006401,3.3004856387422157
3006402,1602.4402909725707
3006403,0.0
3006404,196.72309387192243
3006405,10.241096588653823
3006406,1598.5250570344485
3006407,491.21635501256634
3006408,295.5558541432954
3006409,39.42447178946106
3006410,70.73979433485604
3006411,3579.7371644159966
3006412,12.95462757306071
3006413,0.4836641157614493
3006414,16.10426454564973
3006415,25.1637234833461
3006416,0.06771623922527653
3006417,283.11666229614474
3006418,1.4754260508874548
3006419,0.0
3006420,2.5940725746010727
3006421,36.662289449932565
3006422,1.6358374054519373
3006423,326.4139552226524
3006424,325.40079075868107
3006425,1.3545052732231042
3006426,4.629463972003175
3006427,157.8791876410978
3006428,94.26721165219817
3006429,475.02068616437873
3006430,4.34257179398065
3006431,7.328327479422681
3006432,3.63286399525959
3006433,2.3381331142790094
3006434,2.763002722630172
3006435,1701.8682649892366
3006436,0.0
3006437,166.9583617504449
3006438,2.1859440091511875
3006439,934.5876164308801
3006440,357.6622386960023
3006441,261.5953625101907
3006442,75.0427093930301
3006443,89.44759055702114
3006444,2738.8574121479164
3006445,8.928021464022263
3006446,0.760921257696739
3006447,15.794071880371455
3006448,16.678868141666108
3006449,0.11785045595281395
3006450,224.5267300747628
3006451,9.20222995401647
3006452,0.0
3006453,5.051331676086469
3006454,40.376880544988744
3006455,2.052810817609474
3006456,117.0619484972163
3006457,205.23543374342307
3006458,1.222594089639078
3006459,4.928815023925706
3006460,95.05763225040626
3006461,41.79465772270764
3006462,613.9829960114645
3006463,8.200086462026348
3006464,4.7407391759291135
3006465,4.890379403959014
3006466,0.09652356266891016
3006467,0.8654319705559794
3006468,1369.958076064384
3006469,0.0
3006470,150.62441838115706
3006471,8.190635765209443
3006472,973.3594968448817
3006473,277.072609386696
3006474,167.56650774765856
3006475,132.44023686505022
3006476,62.750174857682175
3006477,2109.586595468265
3006478,4.473393922586965
3006479,0.3354207530785401
3006480,11.897699543905823
3006481,11.497613350254245
3006482,0.11447149818905128
3006483,178.32737918823355
3006484,0.0
3006485,0.0
3006486,1.8689682080495365
3006487,59.73343797307778
3006488,1.3044999082155386
3006489,57.3416541632267
3006490,152.77233458425547
3006491,0.6698395016341607
3006492,2.625828233924974
3006493,66.7824832387137
3006494,34.29412719163001
3006495,443.2252189322975
3006496,0.0
3006497,0.554194646622874
3006498,10.423255862604735
3006499,0.4909643039190799
3006500,4.118809492180232
3006501,3529.693372149857
3006502,0.0
3006503,370.20892993837145
3006504,9.915273317387872
3006505,1329.6234215650932
3006506,767.653101637802
3006507,587.4015023225013
3006508,172.18566487961968
3006509,184.2936757868842
3006510,5000.245611883274
3006511,19.81481203143959
3006512,1.0599301968789199
3006513,20.450687369514338
3006514,24.836595959959404
3006515,0.3669464027060889
3006516,339.3087531679153
3006517,1.2126580896142012
3006518,0.0
3006519,7.978875396133011
3006520,81.84713494954924
3006521,3.986871761967101
3006522,221.6430801448794
3006523,309.784151264701
3006524,1.6820911360758153
3006525,9.514870501150801
3006526,419.42571574732835
3006527,69.05030023968911
3006528,1044.716733214207
3006529,19.620057571305583
3006530,17.608685522243277
3006531,3.1319413671946172
3006532,0.06202205183588514
3006533,4.867911227086386
3006534,2669.1441869919313
3006535,0.0
3006536,573.8854418156934
3006537,7.087681705984137
3006538,662.874277031962
3006539,713.6773949979228
3006540,270.48265914290954
3006541,180.23922191097424
3006542,98.22892312709943
3006543,2928.2364504859224
3006544,8.231364103621955
3006545,0.4488108234732506
3006546,29.358834769844215
3006547,16.795483028189924
3006548,0.09579582200466485
3006549,210.5058845395483
3006550,8.511111782496755
3006551,3.1574657598091074
3006552,6.023233808485271
3006553,74.93791725774574
3006554,1.4952431013098098
3006555,61.667233766538374
3006556,182.03367273571536
3006557,3.100254980012238
3006558,5.565608567129144
3006559,202.6664248317871
3006560,40.584670551070815
3006561,1444.7237934129387
3006562,73.07333528456924
3006563,19.175330520991274
3006564,7.806795935646363
3006565,0.6238758496097672
3006566,4.322075529178013
3006567,3570.0968966396213
3006568,0.0
3006569,221.10287548668242
3006570,7.936392920921367
3006571,1519.0168288086427
3006572,504.5906948287911
3006573,382.18323691508726
3006574,69.04289262259785
3006575,65.71163187708162
3006576,4627.191308737859
3006577,44.54982195886227
3006578,1.4040069064633247
3006579,19.967352865803132
3006580,16.307565067352694
3006581,0.1543687474153912
3006582,273.3970926436252
3006583,11.126288904696654
3006584,0.0
3006585,4.673457374668077
3006586,69.90881318070156
3006587,2.7058288730435187
3006588,198.65316788573557
3006589,275.53116395191205
3006590,1.0367659665453677
3006591,6.617462638301216
3006592,291.848334319449
3006593,31.244212662166362
3006594,565.8331934155628
3006595,19.42265499697434
3006596,4.466433588800581
3006597,7.575709532509672
3006598,0.06998095036232242
3006599,7.617935950925503
3006600,3910.520058591724
3006601,0.0
3006602,822.489854868228
3006603,19.67812057424791
3006604,1045.3697352886275
3006605,1057.702441137987
3006606,294.6914627989101
3006607,196.77189313417233
3006608,167.6020704557152
3006609,4671.910966748131
3006610,60.84433525997264
3006611,1.3218334577022328
3006612,27.985342177047244
3006613,27.833545932689773
3006614,0.3513693898500509
3006615,321.3338967595353
3006616,31.684624385773105
3006617,20.472591333975405
3006618,8.240378427607906
3006619,185.3231293334474
3006620,10.32295608223444
3006621,484.1068486870724
3006622,317.4025925524431
3006623,10.51104573887102
3006624,10.354195121276478
3006625,549.1063383800273
3006626,141.27280408163205
3006627,2787.35800458135
3006628,0.0
3006629,37.33037716519111
3006630,10.347278038514887
3006631,0.2611303373749865
3006632,7.3140218046005145
3006633,4449.53640106605
3006634,0.0
3006635,541.2552341504909
3006636,13.564272440159066
3006637,2085.043535388282
3006638,884.8282120908854
3006639,758.2115656819645
3006640,105.56745305008323
3006641,147.52659918389728
3006642,6613.701028777531
3006643,19.266190789918486
3006644,0.7001595979673949
3006645,31.729424328020606
3006646,15.211572094757948
3006647,0.10717354951231234
3006648,407.7874544548991
3006649,4.6108820922202804
3006650,6.032775581927155
3006651,4.1637857547110535
3006652,91.83081792444057
3006653,1.5072420649073082
3006654,323.9514746393499
3006655,411.4417306504176
3006656,5.694354950264919
3006657,6.475032202370067
3006658,355.80990837236044
3006659,81.08694932972226
3006660,1149.5212100869842
3006661,21.013263566868286
3006662,22.45943128121924
3006663,12.732604579173985
3006664,0.49485770620532593
3006665,5.9214505093874905
3006666,3225.699831371324
3006667,0.0
3006668,477.5405784466305
3006669,9.76743933353202
3006670,1499.9793282265634
3006671,691.8682684821787
3006672,354.4929070617757
3006673,233.2302553757643
3006674,185.58602575607733
3006675,4359.154336824115
3006676,14.03497866656632
3006677,0.720617634055063
3006678,44.61474967133158
3006679,34.19808082016405
3006680,0.3272111875920904
3006681,346.4102850605551
3006682,3.7904227834023914
3006683,3.4716061270269893
3006684,10.134353042383784
3006685,135.33491060684227
3006686,2.3738822310778063
3006687,122.78619161784744
3006688,325.5718567005317
3006689,2.7878795163088435
3006690,6.242489097174684
3006691,191.84366586555612
3006692,162.65281148498954
3006693,1396.4675719435318
3006694,0.5702740314926156
3006695,10.719245711375855
3006696,5.426322656887487
3006697,0.10336251172941457
3006698,2.270065130913852
3006699,1721.2771039007482
3006700,0.0
3006701,142.57276197969355
3006702,11.515303681607111
3006703,761.4156033151804
3006704,341.28712651634055
3006705,164.75413476762458
3006706,44.42932803051576
3006707,88.67673449519239
3006708,2608.0192880054738
3006709,12.015988167648233
3006710,0.43087066041339683
3006711,25.251728692244544
3006712,18.564995164864996
3006713,0.09207485756697985
3006714,192.37159654108345
3006715,1.6097508575902166
3006716,0.0
3006717,5.318912812032196
3006718,144.9053168710332
3006719,2.4335168924046204
3006720,77.40326261134473
3006721,156.82883076846053
3006722,1.2060783064779668
3006723,5.4691131881660775
3006724,133.48808798277923
3006725,35.016066366072565
3006726,401.5334711893512
3006727,23.775714804728054
3006728,4.044338010570878
3006729,1.6155502190955437
3006730,0.0
3006731,3.7956942201942683
3006732,1737.3168156786194
3006733,0.04568091770593962
3006734,277.86704822658186
3006735,19.64285672544631
3006736,568.7597658508374
3006737,537.6455543541183
3006738,153.02542810866154
3006739,51.882944346808756
3006740,87.48992915561463
3006741,2288.285279128877
3006742,26.081359677618828
3006743,0.4245370713784237
3006744,18.06122125550871
3006745,12.444694115975658
3006746,0.3051420857035547
3006747,135.06818498176315
3006748,14.134105903338249
3006749,2.6909629183664103
3006750,2.8805257775460142
3006751,108.25715629449667
3006752,5.806877607694902
3006753,312.06650173155003
3006754,160.9676326339966
3006755,3.573197436636998
3006756,5.91922628359947
3006757,264.024259285449
3006758,42.130282526139446
3006759,1167.6146341127042
3006760,0.0
3006761,8.049322239886363
3006762,3.648347358962771
3006763,0.20671708942004657
3006764,6.1593443633582385
3006765,4192.171102869945
3006766,0.11055047893735694
3006767,829.4132861228238
3006768,21.408549050715465
3006769,1310.6919174750958
3006770,1511.2592809106575
3006771,319.1695624331767
3006772,241.33755279282738
3006773,208.38068410410284
3006774,4830.272550166237
3006775,30.115386669306886
3006776,0.8655880580997228
3006777,24.484066835884473
3006778,41.87748655433817
3006779,0.09101418841054824
3006780,298.40636790652877
3006781,14.57600238196881
3006782,43.41356373918949
3006783,11.570703173222467
3006784,166.8513258740541
3006785,15.173991563794104
3006786,399.5227339771559
3006787,322.4115004533167
3006788,19.55109972218416
3006789,11.267498450517143
3006790,544.488933287762
3006791,139.9841588827959
3006792,3687.656740894115
3006793,0.0
3006794,24.021000836632496
3006795,3.227009784550929
3006796,0.04975523265275686
3006797,3.112568717428771
3006798,2488.016368427732
3006799,0.0
3006800,403.7964352373535
3006801,8.853618510782557
3006802,527.7624562588918
3006803,691.3579388404165
3006804,167.59610406638535
3006805,110.09084545512955
3006806,151.30367183683515
3006807,2092.4631541319895
3006808,19.782131151502753
3006809,0.7857910418510297
3006810,15.949506600046366
3006811,16.789218997705355
3006812,0.0916169581147196
3006813,112.09343154468712
3006814,0.0
3006815,26.668334093133502
3006816,3.48416067898933
3006817,419.35902661063596
3006818,9.27882678025905
3006819,184.2177509550608
3006820,129.75780425931066
3006821,4.3122746514064945
3006822,6.7180611822653535
3006823,163.98424384982903
3006824,38.52766742001457
3006825,1514.7850812341064
3006826,0.41093679720047693
3006827,2.934591808097042
3006828,5.75563267830617
3006829,0.0
3006830,1.876912524602396
3006831,1234.8992005995253
3006832,0.0
3006833,231.9735785898458
3006834,8.506266216524107
3006835,472.69611374024146
3006836,273.162257691866
3006837,101.83057180086521
3006838,36.67768988793204
3006839,43.176928872591944
3006840,1830.4237422225162
3006841,10.697201330983301
3006842,0.6582975694798259
3006843,10.798035183273875
3006844,9.615739366574958
3006845,0.4418738260581162
3006846,100.24417086197535
3006847,0.28169140458366626
3006848,7.607177516632412
3006849,1.3949879468147603
3006850,57.177828037238925
3006851,0.44203056587665807
3006852,279.0329924813895
3006853,142.93074238755722
3006854,3.2388140174084477
3006855,3.7079948682731256
3006856,171.18052040422407
3006857,24.572437618837174
3006858,518.2797192435013
3006859,0.604495138281963
3006860,1.9455434658801458
3006861,8.46640194407604
3006862,0.21878973390352421
3006863,4.257448785047828
3006864,3533.079402359758
3006865,0.1692054635127774
3006866,652.1798379444383
3006867,28.175165187558132
3006868,1042.190119360602
3006869,1059.1451788459426
3006870,323.4747927398619
3006871,246.12656042015354
3006872,235.00742675454222
3006873,4236.202679763404
3006874,25.158814209906865
3006875,2.1452262082088147
3006876,30.062424888229714
3006877,36.00758261261344
3006878,0.21915235241330386
3006879,264.70080170564114
3006880,10.385863135235523
3006881,47.11809068756392
3006882,8.836430901452632
3006883,356.9556205113651
3006884,5.0155526479831725
3006885,287.63775294841787
3006886,268.075496041783
3006887,10.88906508945956
3006888,10.926699604604284
3006889,394.5651518431746
3006890,91.40154047840214
3006891,2756.6676743306252
3006892,1.0054239502947615
3006893,15.745447838920594
3006894,7.986084801626713
3006895,0.03651767663098188
3006896,4.22639163278102
3006897,3649.2756521927813
3006898,0.0
3006899,685.260574965043
3006900,23.454745357427424
3006901,1426.1900793478392
3006902,962.9702432952464
3006903,374.1143282587757
3006904,236.35755763257174
3006905,134.85834959505334
3006906,5142.379382207104
3006907,12.710668473689731
3006908,1.1679124227251716
3006909,39.53945990327982
3006910,24.32140476205663
3006911,0.5445569821809559
3006912,308.95153952319674
3006913,0.0
3006914,7.492739760873464
3006915,5.716969467919761
3006916,138.676118385465
3006917,1.4928540493403006
3006918,208.418285034295
3006919,309.9159507867743
3006920,6.496392434735503
3006921,5.372207020005137
3006922,272.55812104164045
3006923,86.17895927900233
3006924,1750.5338166865993
3006925,2.9200372754730695
3006926,6.377483670611854
3006927,7.968411974661519
3006928,0.3159479748385714
3006929,2.3481482891813985
3006930,3139.8763684991923
3006931,0.0
3006932,612.7798634664234
3006933,16.727044607450683
3006934,1106.4816288101654
3006935,782.5877145721676
3006936,285.6845260976623
3006937,210.0303832877728
3006938,166.0750520813447
3006939,4203.457346538609
3006940,19.04050703889205
3006941,1.262606197087878
3006942,29.88020359179261
3006943,23.105836178467833
3006944,0.1864739286155728
3006945,269.84823249647553
3006946,0.0
3006947,5.618525403989917
3006948,6.872083610069792
3006949,226.30253430511584
3006950,1.594550470113501
3006951,109.59027447826136
3006952,268.01655437178664
3006953,4.930867311591917
3006954,4.815180163576799
3006955,197.7484202658636
3006956,69.46359327759981
3006957,1215.957391218575
3006958,1.2756995650402838
3006959,9.211513690174082
3006960,15.200007931884205
3006961,1.267839195594958
3006962,15.547957477091725
3006963,10931.543850821641
3006964,0.1272323607578139
3006965,1452.2171542373242
3006966,67.11350910965187
3006967,2275.064520630231
3006968,2507.652319916786
3006969,479.1186346260317
3006970,566.4308696615398
3006971,506.44977251647595
3006972,10346.520640340495
3006973,91.01117164323692
3006974,2.974213653034272
3006975,58.96549396641272
3006976,65.74140430456792
3006977,1.2292369840756021
3006978,684.5012173721576
3006979,62.89012287101098
3006980,69.69734575882205
3006981,25.761426465063845
3006982,422.7918411723677
3006983,32.83913981368456
3006984,856.0934904842247
3006985,721.2454478211982
3006986,22.814066060638485
3006987,31.294337671844602
3006988,1271.4335650521023
3006989,325.2072062913768
3006990,8839.738331500566
3006991,1.3242562545255785
3006992,88.68418330852235
3006993,3.3321173999789444
3006994,0.24861248799445052
3006995,0.9462534552845101
3006996,1666.2410284739703
3006997,0.0
3006998,161.96806824701574
3006999,3.845349183507313
3007000,810.0310009540103
3007001,287.24872481216704
3007002,121.89529848866833
3007003,141.9782356934921
3007004,77.33933340431814
3007005,2140.141181158853
3007006,4.212670785202738
3007007,0.34100068058362676
3007008,12.883395110394327
3007009,8.129468309859126
3007010,0.2816658791361505
3007011,171.23052567235143
3007012,0.40407648214969016
3007013,0.0
3007014,3.6014435057999945
3007015,70.35232662381304
3007016,0.7229723394203869
3007017,59.76210823624891
3007018,102.10156371251365
3007019,2.19657559487178
3007020,5.170484742841556
3007021,112.50718329157888
3007022,20.50928976702872
3007023,460.42652000721574
3007024,0.009201282735477715
3007025,5.6643582981076435
3007026,10.723427007112429
3007027,0.25279406693255596
3007028,3.572152723169335
3007029,3134.9360631672553
3007030,0.0
3007031,572.9134183181676
3007032,15.047232473305371
3007033,1776.6395351410563
3007034,796.4452160281674
3007035,294.8905490892045
3007036,242.2547028464932
3007037,164.56623395540788
3007038,4925.399611141815
3007039,15.598835768350646
3007040,0.2636504176293845
3007041,27.663920428656763
3007042,22.228996357352003
3007043,0.15598823009787435
3007044,326.123981887405
3007045,1.4273248935357468
3007046,3.4233111850805322
3007047,10.614326578566711
3007048,41.84691821422405
3007049,1.9679487693105386
3007050,337.5286604468359
3007051,331.27883091913316
3007052,3.851527504252916
3007053,9.129553793868677
3007054,147.80752571804885
3007055,72.24060573521
3007056,1358.5969636080977
3007057,1.1601375433942458
3007058,7.851848090973315
3007059,1.7754470493552201
3007060,0.0
3007061,0.46730008722414706
3007062,1162.8091665663856
3007063,0.0
3007064,111.16671802657463
3007065,3.7665967763575727
3007066,1240.4324045501785
3007067,186.07331377425928
3007068,85.68647972197988
3007069,118.62599904267847
3007070,32.05087672739886
3007071,1813.667988956928
3007072,2.324616908365574
3007073,0.2662053639609192
3007074,12.897811558459416
3007075,3.787981203032336
3007076,0.027566414536637045
3007077,104.12906555554822
3007078,0.0
3007079,0.0
3007080,0.4364513490393297
3007081,46.51682377761224
3007082,0.23978561683940086
3007083,70.36931023262333
3007084,91.46177097316902
3007085,0.4846067782180028
3007086,1.1414072210301747
3007087,69.60995225970912
3007088,13.226211096700572
3007089,248.38286931508043
3007090,0.004857044371838364
3007091,1.8673968984648597
3007092,11.25284880440547
3007093,0.0
3007094,2.3592605203832915
3007095,2171.4863018650535
3007096,0.0
3007097,253.88118512599638
3007098,10.96655128305341
3007099,1136.1055794671965
3007100,508.26888196154556
3007101,202.78821330836686
3007102,174.43875929295223
3007103,164.0530217806808
3007104,3457.1078470178923
3007105,2.8599081548360825
3007106,0.46099863426036103
3007107,29.376737940947585
3007108,22.225808828984597
3007109,0.20262021290973087
3007110,306.13402778316987
3007111,0.0
3007112,0.0
3007113,13.834723303776151
3007114,63.67734807837773
3007115,1.4008569831898199
3007116,283.80530617273615
3007117,248.54868189212158
3007118,1.3978846554705235
3007119,5.016405850737098
3007120,180.16619577945076
3007121,32.81492794404042
3007122,1368.6268321744892
3007123,0.0
3007124,1.7723830665260536
3007125,3.2488006838315764
3007126,0.3126258126158483
3007127,1.7347451183043954
3007128,2944.6132788463683
3007129,0.0
3007130,689.2762350374692
3007131,9.066328760575107
3007132,912.4503414255779
3007133,769.4197317418336
3007134,243.27671322848394
3007135,118.76761835579026
3007136,95.41063959635758
3007137,4532.999151844527
3007138,7.671560449987917
3007139,3.3868041712890964
3007140,38.12096936571116
3007141,43.61709596544196
3007142,0.28093475972013987
3007143,242.28435171998908
3007144,2.5297504021278168
3007145,7.917788885645486
3007146,3.8104460109433695
3007147,66.52075575119673
3007148,2.938677864157637
3007149,178.49972074856439
3007150,287.1088997640712
3007151,4.849518914878695
3007152,6.010541459808907
3007153,147.98114891325912
3007154,38.05756711574685
3007155,639.6903686772314
3007156,2.157286071575882
3007157,5.394836873024559
3007158,5.549284237676621
3007159,0.029011364150123415
3007160,0.2934832447993291
3007161,1686.6321848274176
3007162,0.0
3007163,99.00733817764198
3007164,4.518282270549003
3007165,540.8211291834748
3007166,211.73423072842849
3007167,101.68533657335234
3007168,161.62131620346636
3007169,89.94314858536538
3007170,1993.6874804897243
3007171,5.337073796574793
3007172,0.2999217083581745
3007173,13.075342890077959
3007174,8.60756143454665
3007175,0.1818061334604092
3007176,120.64576721054996
3007177,0.0
3007178,0.0
3007179,0.4183764194027199
3007180,98.1297225555681
3007181,0.6022971371898318
3007182,169.80600197997518
3007183,107.0272736347387
3007184,0.7893983618476472
3007185,0.9429014113138716
3007186,53.23986854858748
3007187,19.384637646218334
3007188,381.9455490328485
3007189,0.08013563369703722
3007190,2.222059693123531
3007191,4.8014776488129804
3007192,0.04632984306244514
3007193,0.8988771294391031
3007194,3202.527810601722
3007195,0.0
3007196,491.6883802317794
3007197,14.714593368408043
3007198,1020.3684587287565
3007199,621.7535108727833
3007200,218.65686539144428
3007201,144.30461998540363
3007202,187.5228326653979
3007203,3983.4507861851207
3007204,6.6905437763629445
3007205,0.38823793663778916
3007206,23.24747440769179
3007207,10.486257046854597
3007208,0.10265692777280272
3007209,228.02093389227386
3007210,0.0
3007211,32.840922730351345
3007212,2.753457158749423
3007213,93.92598550474548
3007214,1.114694139581359
3007215,217.66628326332145
3007216,231.80914989154047
3007217,1.6686674840717926
3007218,4.557241034666789
3007219,123.04555204338025
3007220,49.92374560324534
3007221,1297.0012106199579
3007222,0.4227804325473361
3007223,0.7654040263431683
3007224,3.479180701703049
3007225,0.0
3007226,6.697681803023912
3007227,3047.969059000747
3007228,0.0
3007229,548.8954432814909
3007230,11.148536193812697
3007231,1007.1754354379954
3007232,959.1820848130076
3007233,173.60958342994365
3007234,143.65266612326326
3007235,127.89641577730188
3007236,4034.1714011005324
3007237,56.33755118959784
3007238,1.6852492768066578
3007239,29.848498732037804
3007240,25.33911468436448
3007241,0.12999265281307065
3007242,294.17464039060616
3007243,30.007247999519986
3007244,22.86871344936281
3007245,2.5168028421698017
3007246,171.58775222003217
3007247,12.727235164521884
3007248,232.7601353689516
3007249,294.7936588174565
3007250,11.266093738957405
3007251,15.574341381439922
3007252,300.4253161856686
3007253,67.53275218202289
3007254,2768.9663416764106
3007255,0.044802974353283544
3007256,13.672246758572244
3007257,6.907727946795712
3007258,0.0
3007259,9.841109374178906
3007260,4117.091775778267
3007261,0.057938200389900475
3007262,558.7968359387761
3007263,20.29071346963965
3007264,1452.1005841226338
3007265,991.1342821195617
3007266,209.56227157400647
3007267,121.05778444638244
3007268,131.34532171564507
3007269,4915.270285981143
3007270,31.55352481192815
3007271,1.424187422857421
3007272,52.831010756624536
3007273,65.10233088441991
3007274,0.09889061370417776
3007275,468.8789739601645
3007276,33.25597203470628
3007277,21.905148297712483
3007278,11.285092490218654
3007279,186.94755287025475
3007280,13.509980310901286
3007281,168.56431990780342
3007282,540.3987746892141
3007283,9.796882561632987
3007284,12.842135551592497
3007285,166.37781886903028
3007286,97.84822907348827
3007287,2103.7756615112976
3007288,0.23726740789213333
3007289,18.92027529133845
3007290,11.715660394547832
3007291,0.4571117374313344
3007292,4.610509674312016
3007293,4318.755922691942
3007294,0.0
3007295,784.7129060051682
3007296,9.975026221062599
3007297,1980.8421542673805
3007298,793.6452644481315
3007299,258.30820908840724
3007300,349.7061585964114
3007301,131.3461323763596
3007302,5644.758932339881
3007303,36.556132785684454
3007304,1.3682592205850166
3007305,29.661124603181896
3007306,22.056090381988
3007307,0.16146165642584653
3007308,371.1798717819128
3007309,7.5535695060298735
3007310,16.907674672908207
3007311,12.079536341026213
3007312,129.29541220934735
3007313,4.715766042778469
3007314,186.11512544210245
3007315,349.8477854409774
3007316,7.707133547716133
3007317,13.692648279011879
3007318,278.0098946803276
3007319,70.66727391988867
3007320,1740.3582148100936
3007321,18.117873664366698
3007322,22.256160792379866
3007323,4.005585225788618
3007324,0.14050046702394636
3007325,5.766646569768778
3007326,3494.094508168161
3007327,0.15802504133120437
3007328,440.35826040599926
3007329,13.327524638238321
3007330,1008.1214809289902
3007331,943.5043534845271
3007332,286.48067694115883
3007333,173.616330175364
3007334,134.4974160016567
3007335,4055.993168666555
3007336,30.869633379424812
3007337,1.3856147475997083
3007338,17.85700202358947
3007339,14.715967110468204
3007340,0.292502114610628
3007341,309.00961120984266
3007342,23.69452113629796
3007343,23.70341897582591
3007344,1.3686960154351997
3007345,178.39671245649714
3007346,9.316146876521687
3007347,389.4810070627304
3007348,287.64099586522195
3007349,9.104991811142996
3007350,11.807677998406561
3007351,464.074914807834
3007352,57.866008850498524
3007353,2603.467648458987
3007354,0.09383776038457041
3007355,30.363585725686487
3007356,4.770418972618607
3007357,0.3042305168562345
3007358,4.362370822058259
3007359,5274.5070675208135
3007360,0.0
3007361,419.918397791619
3007362,14.452069474777229
3007363,2624.4314429478336
3007364,697.0357647851288
3007365,301.9075035839589
3007366,177.50597703877787
3007367,126.02479003595022
3007368,6334.794042298824
3007369,14.39279712068889
3007370,1.6614124713604532
3007371,32.62808145880042
3007372,27.72600582863282
3007373,0.24426140613388567
3007374,439.51814996491305
3007375,0.0
3007376,0.18193708549855656
3007377,7.112130869862984
3007378,105.56617946236659
3007379,2.355237895250354
3007380,150.39743207684813
3007381,359.9976346326888
3007382,3.355391253411227
3007383,10.015708576668466
3007384,185.9024993022903
3007385,73.81385681230141
3007386,1184.365473555987
3007387,0.0
3007388,8.218530121299315
3007389,7.507191134331267
3007390,0.08693228869375805
3007391,7.438804299837788
3007392,3437.5720646359055
3007393,0.0
3007394,579.0586263074642
3007395,15.225425337593652
3007396,1198.4508660592096
3007397,815.0890117200514
3007398,273.0005803264869
3007399,147.24492641571905
3007400,216.14026835861696
3007401,4349.888901808171
3007402,45.63988273667061
3007403,1.1248241829134695
3007404,39.04840345012181
3007405,34.44145073646954
3007406,0.2727136947796375
3007407,290.4107807717477
3007408,22.022839178841643
3007409,25.845028205113483
3007410,9.413280339919444
3007411,232.05824275568696
3007412,13.78147475581061
3007413,232.4890855001183
3007414,578.2375438391076
3007415,12.940701708650517
3007416,10.077704589322668
3007417,207.49106830070696
3007418,67.20188932345391
3007419,2098.0324236216893
3007420,0.4455745264132351
3007421,7.183665168753409
3007422,4.074859170440222
3007423,0.0
3007424,6.070963294963135
3007425,3388.4556328729936
3007426,0.0
3007427,574.8572670740343
3007428,15.109380495821465
3007429,919.4836406276418
3007430,1000.9059646174308
3007431,216.01510741113077
3007432,160.53866428517733
3007433,137.13602694602665
3007434,3703.4871738934135
3007435,37.943959406932656
3007436,1.011281708649602
3007437,35.55895841763972
3007438,21.169430620813
3007439,0.16268810742324616
3007440,273.0606345499165
3007441,26.40826138160508
3007442,45.92131510461091
3007443,7.582536061949112
3007444,137.13081617381428
3007445,10.741361686734347
3007446,285.389779415401
3007447,268.84548366240637
3007448,10.418426547966257
3007449,10.437835872919974
3007450,272.7841669550799
3007451,69.90781662828216
3007452,2728.2019997944344
3007453,0.07515354006436514
3007454,16.309173320957814
3007455,5.4536512460979525
3007456,0.10650180902458951
3007457,4.3923200419683
3007458,4705.580074860878
3007459,0.0
3007460,550.4691555356095
3007461,18.649185082024015
3007462,1305.294829256433
3007463,657.8631422101809
3007464,278.7247762467159
3007465,171.98797906487968
3007466,97.61240152849417
3007467,4785.568670599896
3007468,9.873842930338485
3007469,0.11562625902036089
3007470,18.753230576156348
3007471,19.20386796599048
3007472,0.12326170927520341
3007473,250.94977489863348
3007474,0.0
3007475,8.222008058295177
3007476,1.3594881544210358
3007477,162.01074810291266
3007478,2.816844666932805
3007479,166.67129928228067
3007480,308.5733040538088
3007481,2.9409401836714117
3007482,2.432449380934701
3007483,206.14018454556182
3007484,115.01609415419811
3007485,967.8543053295955
3007486,1.834675838497636
3007487,0.3030937380734717
3007488,21.817336350325768
3007489,0.0
3007490,23.21733119744034
3007491,12830.99891019278
3007492,0.1294318394947885
3007493,2073.4189750861638
3007494,40.78346934258263
3007495,3368.693916375209
3007496,3414.4012217226514
3007497,786.1514342634327
3007498,788.1209254832943
3007499,613.3077970589723
3007500,13263.315793067433
3007501,95.34055192815224
3007502,4.776190375129993
3007503,141.9289416517596
3007504,153.77173094152982
3007505,0.7640745348763247
3007506,1110.4171657435506
3007507,56.22943661622095
3007508,40.485842087756694
3007509,25.853037460553377
3007510,655.076909172135
3007511,33.01151412564069
3007512,1108.209801419367
3007513,859.437973147732
3007514,59.70068333394776
3007515,44.1447567028925
3007516,1424.133265401923
3007517,362.2463097882584
3007518,12348.741098369448
3007519,127.85295965821302
3007520,105.41861561233571
3007521,17.52650065972469
3007522,0.0
3007523,16.624799572721837
3007524,12531.370529897593
3007525,0.17552353294229406
3007526,1493.523501398912
3007527,39.979019367824954
3007528,3309.825610988764
3007529,2921.127392312985
3007530,940.3205216167358
3007531,474.3371661605212
3007532,475.45873367044163
3007533,13124.274199890919
3007534,173.79171932450342
3007535,1.8569583494848865
3007536,84.29195263270648
3007537,98.97827450508383
3007538,1.1002603466689167
3007539,936.4751474574638
3007540,48.76219584596925
3007541,47.561766261327925
3007542,12.474930534086987
3007543,387.07018260858206
3007544,23.826520446049813
3007545,1431.8133136704137
3007546,936.152992513661
3007547,31.820693783065728
3007548,40.61257364324296
3007549,1500.4547462173387
3007550,313.67149578583417
3007551,7512.023917675919
3007552,172.21664658661615
3007553,90.34423649498999
3007554,16.652567081831684
3007555,0.0
3007556,20.687717416836854
3007557,8968.011403438515
3007558,0.30200033260815684
3007559,1269.0336366250892
3007560,28.02197013356488
3007561,3445.8076673358437
3007562,2168.3581915416366
3007563,1154.629900627134
3007564,227.7593189545996
3007565,349.5884868552495
3007566,13030.28818175859
3007567,66.78952718821989
3007568,2.349441885059738
3007569,53.49338762773484
3007570,39.018644433075316
3007571,0.5406552816567107
3007572,956.1095600281659
3007573,57.638973933006724
3007574,38.7284088590925
3007575,11.989251959015672
3007576,239.83829978190602
3007577,12.632296720284982
3007578,1090.7736565875064
3007579,1038.2748840818188
3007580,33.42496637807011
3007581,64.23747172280154
3007582,1082.1673859868197
3007583,190.44581070412832
3007584,3815.1895954517136
3007585,359.5267412225271
3007586,61.52429682778535
3007587,18.626066449860094
3007588,0.0
3007589,22.0348084405541
3007590,11744.053992550234
3007591,0.22388559436803726
3007592,1424.704704116821
3007593,37.22702272219927
3007594,3045.3077992185013
3007595,2816.536705189565
3007596,876.0150483662985
3007597,443.26861954210744
3007598,360.89857423308223
3007599,12912.569358263547
3007600,72.8302020247705
3007601,2.2339964315674354
3007602,72.37794340259215
3007603,101.72056559649435
3007604,0.6674830247119381
3007605,922.128445572731
3007606,50.950442054622
3007607,37.300572817069565
3007608,12.921602103859147
3007609,377.4191840220858
3007610,19.325557305441926
3007611,1042.1512697585074
3007612,986.0911337100508
3007613,29.51271671393134
3007614,40.488047520023926
3007615,1363.109632377822
3007616,306.0942899834617
3007617,6566.185382509154
3007618,129.3405141999561
3007619,74.72524774387794
3007620,18.39052034227183
3007621,0.0
3007622,21.81993782587661
3007623,6571.558420715802
3007624,0.12594600582891
3007625,1048.3110611272134
3007626,34.61230242575442
3007627,2838.9171880868835
3007628,1820.151942696693
3007629,866.351555484334
3007630,163.80147108166793
3007631,260.42071596981236
3007632,10846.450006695886
3007633,62.00762110388624
3007634,0.7438659321461387
3007635,37.953616105920894
3007636,58.87663459230374
3007637,0.3825632338804545
3007638,837.5610277847363
3007639,59.081552156051124
3007640,15.41539803301713
3007641,11.855693311634518
3007642,224.97258148645585
3007643,7.900337433051904
3007644,1008.7973199190031
3007645,961.6663849216884
3007646,24.759996179350416
3007647,36.52016973848155
3007648,1122.7592362482565
3007649,117.86892936098236
3007650,2563.391564753575
3007651,147.86325539536892
3007652,26.20089451913961
3007653,12.071962359415558
3007654,0.0
3007655,12.90916280400259
3007656,8415.283017733887
3007657,0.09574805349471481
3007658,1284.525615034201
3007659,32.0491210163474
3007660,1978.7262470842666
3007661,2545.945671342266
3007662,535.3392764617762
3007663,493.5849893386568
3007664,445.64967426574407
3007665,8591.009856683208
3007666,70.23693343281408
3007667,1.7123431494840515
3007668,57.11340581602879
3007669,69.81740240772311
3007670,0.7278231443201351
3007671,598.5252113972033
3007672,22.123150152687014
3007673,36.19193969696514
3007674,13.269804173184752
3007675,432.65632904786486
3007676,22.146726951841707
3007677,852.9864855112093
3007678,597.291721811101
3007679,23.10328839168905
3007680,39.473324099913036
3007681,1115.5615524909713
3007682,288.9534585054517
3007683,8167.088071110408
3007684,203.92817291207638
3007685,77.28335026005743
3007686,5.737667657961417
3007687,0.3006437116735454
3007688,6.632842080962163
3007689,2070.3772003393356
3007690,0.0
3007691,352.15167110578136
3007692,29.49511090781162
3007693,1133.2557108534777
3007694,545.6275714127216
3007695,231.65829820631268
3007696,85.60366124718682
3007697,133.44672949209573
3007698,3317.235480069767
3007699,59.59651419609564
3007700,1.4774099907958407
3007701,30.118009220480214
3007702,23.25627065006611
3007703,0.48807999167243205
3007704,248.42405503987845
3007705,15.432340816617689
3007706,9.7413651619875
3007707,11.067184853322823
3007708,115.26098983764984
3007709,7.707573193431347
3007710,251.80881408590005
3007711,266.0553835687333
3007712,3.8723623335011137
3007713,7.510492346468876
3007714,249.9396758631713
3007715,61.37890136215188
3007716,1591.0700642995355
3007717,0.5645168454050882
3007718,8.450385476479072
3007719,11.975791531682114
3007720,0.0
3007721,18.018442575243213
3007722,6057.658776759427
3007723,0.16511742879383517
3007724,777.3217105304301
3007725,43.01500051286159
3007726,2322.5591185550884
3007727,1524.5441179836166
3007728,632.6472925998046
3007729,142.73090428840788
3007730,217.74438655092501
3007731,8562.830896442754
3007732,136.5942493180362
3007733,1.5767614506928145
3007734,62.10793199572703
3007735,51.56223382664234
3007736,0.39011738071431634
3007737,669.2797177898365
3007738,41.78422887773119
3007739,10.869303501764383
3007740,2.309611932785785
3007741,228.2535319786555
3007742,12.40061609638328
3007743,644.7221460932918
3007744,752.4953808444535
3007745,19.308489632344067
3007746,35.224120234358615
3007747,484.7069990964517
3007748,97.58444847169605
3007749,2701.05255596751
3007750,131.61198839408652
3007751,21.686901772041384
3007752,8.838116228001486
3007753,0.0
3007754,6.745207300428912
3007755,5580.60882665752
3007756,0.14828077152938895
3007757,1036.1254705137194
3007758,13.83153562408879
3007759,1640.3081054901295
3007760,1802.819628820611
3007761,297.08908496012015
3007762,363.7949681155528
3007763,390.1088187008052
3007764,5650.340020262828
3007765,51.95527902481309
3007766,1.440569048113891
3007767,48.34452737271759
3007768,42.334981285119454
3007769,0.6702971950603525
3007770,413.22473951045976
3007771,2.8526400199731694
3007772,51.19802905698161
3007773,8.761602546891847
3007774,302.24625650219207
3007775,13.159485226093821
3007776,671.2178987821992
3007777,359.59730700317994
3007778,24.33612490479995
3007779,13.700945852760132
3007780,773.8829233828695
3007781,148.31141613272436
3007782,5654.1761485928455
3007783,3.4895161749364183
3007784,49.059151452007015
3007785,12.957431776386757
3007786,0.0
3007787,10.467756672721158
3007788,5419.432618604183
3007789,0.0
3007790,1030.831205991226
3007791,11.998934357433924
3007792,2086.2129287719413
3007793,1439.8091255946683
3007794,464.7114823712109
3007795,220.6254065708493
3007796,421.3207352983898
3007797,7352.724219662846
3007798,58.78356236769914
3007799,3.471398804048313
3007800,77.66599456365029
3007801,91.5165068164367
3007802,0.33183653690238696
3007803,485.05551882625093
3007804,13.175051900555347
3007805,74.73779701234014
3007806,7.363430721652463
3007807,373.17333319853105
3007808,14.021902909141035
3007809,508.99462315555246
3007810,456.5903873053215
3007811,11.480274598191713
3007812,11.497219503520055
3007813,544.648076743681
3007814,124.09354865226919
3007815,5311.227726129034
3007816,3.1109735535125456
3007817,12.198836598195207
3007818,14.153942047601397
3007819,0.09078184978627586
3007820,6.7843460778366085
3007821,2908.8355685869983
3007822,0.0
3007823,597.8034450973081
3007824,11.580467546292148
3007825,1261.5840297325958
3007826,620.5489806135869
3007827,321.67058446165316
3007828,105.40990183481281
3007829,233.61556685253476
3007830,4130.2357569742535
3007831,20.631240817056387
3007832,1.1998734111182374
3007833,35.93082682567964
3007834,30.756706313449925
3007835,0.186207494225353
3007836,287.5957820224137
3007837,5.756295689309642
3007838,16.495002192446883
3007839,7.826939770245534
3007840,207.6990774955296
3007841,3.4219118902349894
3007842,342.0694509608557
3007843,320.9508826105595
3007844,5.730700931571397
3007845,9.777884177108493
3007846,248.8104634282334
3007847,79.2013518447196
3007848,2377.970522154798
3007849,0.3718875455841765
3007850,2.913626037973311
3007851,9.0563234407727
3007852,0.0
3007853,1.2476340504898125
3007854,2658.6769833228254
3007855,0.0
3007856,219.02634705334512
3007857,4.5353249851974144
3007858,1386.071436963444
3007859,272.2596401097647
3007860,236.8897659670815
3007861,66.42606759377287
3007862,66.66556346480651
3007863,3438.1529117821483
3007864,6.45626374198551
3007865,0.5437699273615626
3007866,21.888771510131388
3007867,12.91973240984894
3007868,0.0788414827330423
3007869,259.3422457437741
3007870,0.0
3007871,0.0
3007872,2.8461250163810465
3007873,41.58456695539011
3007874,1.3099999290340656
3007875,54.80705539743991
3007876,189.49316776846533
3007877,0.15664018976344896
3007878,2.8730794599091354
3007879,73.46317565743071
3007880,81.74636043805056
3007881,648.482364502669
3007882,0.0
3007883,2.7733599460627354
3007884,6.4411219938027795
3007885,0.16859808559927394
3007886,7.044524102354446
3007887,4442.176429858863
3007888,0.0
3007889,673.7852393603953
3007890,21.128323076917816
3007891,1475.7049733887418
3007892,1196.7001687758109
3007893,413.6336581202247
3007894,207.98696162348037
3007895,224.260161362377
3007896,5646.103792540574
3007897,43.509225386578656
3007898,1.5528562435746385
3007899,41.410968481504376
3007900,51.90319256160424
3007901,0.15162213847138875
3007902,410.3960033635202
3007903,31.51324456548776
3007904,18.436175928495054
3007905,12.509654931655383
3007906,194.8959241023361
3007907,8.783690040870194
3007908,516.0620834302835
3007909,359.71837730141203
3007910,11.055419126546772
3007911,15.41776679720849
3007912,621.9351889818087
3007913,125.47086632780031
3007914,2867.1948285243993
3007915,0.0
3007916,36.061814031996455
3007917,5.155908584202557
3007918,0.14485740575891648
3007919,4.698270454361998
3007920,4079.2207918182453
3007921,0.10026343167743991
3007922,690.738764292926
3007923,27.024201078634768
3007924,925.6878933047011
3007925,1267.9593739912984
3007926,194.41578263295588
3007927,267.34147268068693
3007928,315.00651552067046
3007929,3671.765641455226
3007930,39.49175172117518
3007931,2.631706595581943
3007932,32.11823163701468
3007933,24.13111499203448
3007934,0.629448362565413
3007935,241.4536764404269
3007936,17.951651219350943
3007937,51.536080147434795
3007938,6.916731189220656
3007939,309.3815376776888
3007940,14.736093212104745
3007941,452.1855143562802
3007942,233.76940541434166
3007943,6.294191704735268
3007944,17.1041418646931
3007945,610.3263259601347
3007946,153.721475820302
3007947,4695.009286176944
3007948,0.2179026200769284
3007949,35.228316892750385
3007950,6.14594997074375
3007951,0.19929100383654053
3007952,13.296904528429986
3007953,6210.3343241316
3007954,0.11028071040430319
3007955,956.2631782870078
3007956,28.47271694563081
3007957,1439.1945668293827
3007958,1817.1324228744945
3007959,365.46102418131875
3007960,415.8111620598259
3007961,212.47484020178823
3007962,5958.247517567322
3007963,47.12494266427366
3007964,4.281619486626466
3007965,54.34722925073526
3007966,56.58372878104439
3007967,0.3741228900054239
3007968,460.07539345623127
3007969,39.41649600674581
3007970,43.68653258925867
3007971,22.123498730031876
3007972,242.61128536979035
3007973,22.646058739564324
3007974,525.2319271131246
3007975,420.7279868178472
3007976,22.339890053517447
3007977,24.446370595833436
3007978,775.0677818205302
3007979,199.70540011231782
3007980,5396.843510999937
3007981,0.24303470503201638
3007982,43.98517385109229
3007983,11.829031540356851
3007984,0.18855124116674682
3007985,9.215057101347913
3007986,4273.200761571322
3007987,0.0
3007988,611.9119632991659
3007989,26.97786307841245
3007990,1859.4207565631177
3007991,983.6154284611017
3007992,615.5286382911542
3007993,222.89017472832958
3007994,148.81612068686778
3007995,7879.591505488185
3007996,16.515418851818772
3007997,1.0779992837146235
3007998,52.68565112238803
3007999,43.922450896737736
3008000,0.08951799258737234
3008001,493.82276199244313
3008002,16.331756190673932
3008003,5.786608604083162
3008004,6.612329088941731
3008005,112.05854616229938
3008006,2.960220169318019
3008007,375.9764138334283
3008008,525.716412507034
3008009,8.122503833348805
3008010,9.173465933371135
3008011,478.75824673090716
3008012,138.13054263017932
3008013,1698.9597834013587
3008014,32.75434296389301
3008015,21.621141367143
3008016,1.9710562583614175
3008017,0.0
3008018,2.416295571758285
3008019,1069.950193778973
3008020,0.04899928750922885
3008021,151.26639646815948
3008022,3.0683485888758044
3008023,254.17373061715395
3008024,349.32271384522045
3008025,68.80069578853531
3008026,74.5125088062277
3008027,48.81844834611962
3008028,1231.7369654900624
3008029,8.379200934129344
3008030,0.7846755985673544
3008031,5.844256278013317
3008032,10.003674213860227
3008033,0.2533539340757026
3008034,85.58114744339461
3008035,6.339305356416323
3008036,9.064637068529407
3008037,1.9276239280286536
3008038,45.83148279447674
3008039,2.887646202481553
3008040,123.04296912356538
3008041,75.0869014160984
3008042,2.6667939926757858
3008043,3.175107946941491
3008044,137.73827944133234
3008045,40.612079663011386
3008046,1211.746041191583
3008047,0.0
3008048,11.373238075851601
3008049,1.4829539184688154
3008050,0.0
3008051,1.9449540008799397
3008052,1454.7710927712567
3008053,0.0
3008054,128.89488125440965
3008055,3.389827193359821
3008056,799.4368795722909
3008057,320.17187677266975
3008058,276.92428343848024
3008059,48.88404954472096
3008060,33.94536122457662
3008061,2753.755156464722
3008062,5.724973363648131
3008063,0.21253649138763386
3008064,11.397012731824882
3008065,8.003865181643423
3008066,0.1377651176013703
3008067,198.10184510549712
3008068,4.319445060024933
3008069,0.0
3008070,1.3600347306937666
3008071,9.965445245266459
3008072,0.5054430299392867
3008073,175.0315514568019
3008074,200.6030461250681
3008075,0.9979981916935308
3008076,4.060993835347269
3008077,198.06522668847813
3008078,24.523079825147605
3008079,282.0831989195282
3008080,10.511852189410504
3008081,1.0916335087661375
3008082,8.432681315815627
3008083,0.2940661166935808
3008084,4.801777514218489
3008085,4997.202442112551
3008086,0.0
3008087,830.0928069202809
3008088,11.101404465966151
3008089,1992.5826958944324
3008090,849.0111948010655
3008091,555.1254909908511
3008092,208.59501563517682
3008093,105.8912748903019
3008094,8169.7979397685785
3008095,32.843068422577
3008096,0.6001319559715341
3008097,36.757588899163586
3008098,21.60674200212719
3008099,0.23427905774545812
3008100,522.3829180627681
3008101,15.283761456342983
3008102,2.348615513967987
3008103,7.898930875320717
3008104,35.49741785693302
3008105,3.678411435645142
3008106,562.655343503309
3008107,468.7338511799088
3008108,2.712795793205683
3008109,15.759977329641753
3008110,455.10927232254454
3008111,95.32355068792786
3008112,1491.8171866774805
3008113,30.594326493039397
3008114,13.67977786158902
3008115,6.063782263590318
3008116,0.013329010964347484
3008117,0.5022887027082852
3008118,1985.2049634881769
3008119,0.0
3008120,227.66216521053403
3008121,10.089809577919924
3008122,1087.213162097713
3008123,494.34646576276793
3008124,232.17099994118917
3008125,64.47974335475757
3008126,34.28416179686004
3008127,3029.178397929021
3008128,10.559079020349479
3008129,0.6702257984175253
3008130,11.558748087711937
3008131,19.30362852308122
3008132,0.30814570333565855
3008133,200.54933455806008
3008134,8.551175757808622
3008135,0.0
3008136,7.836244754107977
3008137,38.16374910167531
3008138,1.470235423113782
3008139,137.7550590577991
3008140,203.52200092029423
3008141,1.805508650812909
3008142,6.27668244575427
3008143,169.13900874816136
3008144,32.55741157797106
3008145,364.43706493367586
3008146,2.2551492226458607
3008147,3.157389583950324
3008148,4.429963655508957
3008149,0.0
3008150,3.917393035912811
3008151,1509.7034243769035
3008152,0.0
3008153,161.45000042290516
3008154,6.439733648672546
3008155,845.6996809323508
3008156,290.92346828635107
3008157,159.53624583209563
3008158,49.83498090469392
3008159,28.728652583181972
3008160,2498.319790395369
3008161,14.22564189953844
3008162,0.10986181949705355
3008163,12.994626773827315
3008164,10.738611745505443
3008165,0.08277404132364426
3008166,151.4275254539408
3008167,1.8523715547685264
3008168,0.0
3008169,2.185560133645427
3008170,20.827467477020043
3008171,1.0675429715951994
3008172,106.6998336099148
3008173,165.16299186859445
3008174,0.5109913789782261
3008175,5.7121222480059695
3008176,103.21744868697398
3008177,26.611063244802086
3008178,179.0998742509261
3008179,8.065245814805502
3008180,2.2713604600834065
3008181,4.272126594766544
3008182,0.0
3008183,1.939332283797587
3008184,1484.9854015847914
3008185,0.0
3008186,169.76687791442825
3008187,6.913158851019553
3008188,1283.4163890631703
3008189,335.20189636919133
3008190,214.82303386476394
3008191,49.54868091723207
3008192,37.16368734501966
3008193,2778.6091203152464
3008194,6.804675058551915
3008195,0.3796006125466409
3008196,9.520691390235092
3008197,16.417364361902106
3008198,0.20694282062345462
3008199,175.130986568888
3008200,0.9741719964909248
3008201,0.0
3008202,1.9874304555332247
3008203,19.966444389812747
3008204,1.8455985104252233
3008205,217.59104672779708
3008206,193.1258863239975
3008207,1.2528345869850148
3008208,4.4830836511203165
3008209,75.53985858517285
3008210,67.91175669311951
3008211,386.7313966652108
3008212,7.286637805177669
3008213,2.8395459998147863
3008214,4.917240607933629
3008215,1.0160359985365806
3008216,3.6258598673577698
3008217,1448.4779366562923
3008218,0.0
3008219,175.89919760798716
3008220,1.8864363205362444
3008221,790.2778043360353
3008222,290.75683014137314
3008223,233.50653119032486
3008224,73.99037409408528
3008225,55.71903507077241
3008226,2447.7614109138012
3008227,5.9502911967652325
3008228,0.6071645138769644
3008229,13.703713353589917
3008230,17.43490281298441
3008231,0.1355489898067495
3008232,192.73790064737375
3008233,10.615113933592824
3008234,0.0
3008235,3.0622102033277816
3008236,12.079188427725446
3008237,1.465090783990255
3008238,99.41407732242857
3008239,177.1494538824733
3008240,1.0476025635003308
3008241,4.931549866996234
3008242,83.77811719650548
3008243,33.27290483307247
3008244,512.3016587832822
3008245,17.4916390819616
3008246,3.4029177126657952
3008247,5.137678202907083
3008248,0.09459130184027696
3008249,2.181704825246579
3008250,1632.4537805555549
3008251,0.0
3008252,217.3802400100285
3008253,4.828107884133593
3008254,1372.189733271507
3008255,374.7807671965645
3008256,229.5609899221061
3008257,178.82603334441103
3008258,38.08471486086765
3008259,2830.6237204795575
3008260,6.955009709381845
3008261,0.3894268051447662
3008262,11.092094163787415
3008263,15.955462116398373
3008264,0.12224265076285552
3008265,225.93131944236785
3008266,0.0
3008267,0.0
3008268,2.070119828573157
3008269,40.77881104362729
3008270,1.2415418713773305
3008271,66.18650442785258
3008272,202.5395007840869
3008273,0.9565873966418292
3008274,3.1834272122441423
3008275,76.94558680577927
3008276,42.42155500871491
3008277,543.3100440374297
3008278,0.0
3008279,0.9955387729847318
3008280,9.504580373894864
3008281,0.506160936545867
3008282,4.667746287879124
3008283,4143.101668469971
3008284,0.0
3008285,550.9887655515322
3008286,5.959916227583111
3008287,1490.0510606751636
3008288,968.570252978217
3008289,632.4982788103762
3008290,249.03063965802875
3008291,129.9714031005604
3008292,5810.68712284729
3008293,22.126099364765103
3008294,1.2006856811566977
3008295,27.06646597843817
3008296,28.268862051747245
3008297,0.31565510280978015
3008298,425.7509221317183
3008299,1.7205362306839853
3008300,0.0
3008301,7.305218932449256
3008302,49.950232161359786
3008303,3.761875757415762
3008304,281.0796407153236
3008305,382.0873745121533
3008306,2.445943940739053
3008307,9.984428948864386
3008308,489.1533441802598
3008309,71.50079970025304
3008310,1222.0985268835464
3008311,18.063921225956037
3008312,21.1544097553168
3008313,2.838932926792513
3008314,0.03081625463590703
3008315,6.3077036017863515
3008316,2775.6737664894927
3008317,0.0
3008318,739.7745405763712
3008319,3.864363174617636
3008320,724.4732464135681
3008321,786.5812273926075
3008322,258.08966185278706
3008323,216.92477453871774
3008324,49.449360531270415
3008325,3298.6951284404363
3008326,14.082806165430647
3008327,0.7696424070323642
3008328,21.681298570625792
3008329,15.675756144843174
3008330,0.1313543438158223
3008331,250.4189922799875
3008332,11.023308423111533
3008333,2.8258188878093384
3008334,4.914316081636638
3008335,45.83335213542472
3008336,1.7296496388875626
3008337,70.81030503265586
3008338,217.60852988316518
3008339,4.035614851842293
3008340,5.97432671197904
3008341,241.01612777961157
3008342,43.72924937043919
3008343,1604.0792304587317
3008344,51.42062631189859
3008345,13.454354665520565
3008346,8.163468530381984
3008347,0.606250227894193
3008348,3.08021548980805
3008349,2498.3417092919685
3008350,0.0
3008351,215.67627496588307
3008352,4.104192547552326
3008353,881.4049415963643
3008354,387.418568612858
3008355,305.6534399287073
3008356,73.06262116845262
3008357,45.10405195553754
3008358,3317.7113871752144
3008359,25.907826257530285
3008360,1.2398827723316992
3008361,16.162809282921007
3008362,15.409202183663243
3008363,0.13319709578661856
3008364,196.15810540879463
3008365,9.675198722498838
3008366,0.0
3008367,4.187663754815848
3008368,26.272907751652347
3008369,2.2648815428466302
3008370,122.68752466501358
3008371,193.8956495950044
3008372,1.458788246347876
3008373,6.512840529337527
3008374,87.96602504199554
3008375,29.46009036168369
3008376,490.3759099454547
3008377,6.208369369957406
3008378,3.1630991700687474
3008379,7.418988090143113
3008380,0.0680981130815299
3008381,9.296964876328618
3008382,4243.863403955346
3008383,0.0
3008384,849.1846812867011
3008385,11.24527831157946
3008386,1151.3387914091786
3008387,1177.0409996919982
3008388,275.14069077622685
3008389,253.1821845373579
3008390,139.3258547318695
3008391,5052.405608314466
3008392,58.001277860784704
3008393,2.813539481556303
3008394,22.329978897713577
3008395,30.31845633082953
3008396,0.369840368631168
3008397,355.2344626329958
3008398,41.70499662146535
3008399,17.735016278440703
3008400,5.440067022643346
3008401,95.36699692932862
3008402,9.164397584660017
3008403,425.0770505090262
3008404,355.8778774576632
3008405,10.627734837144937
3008406,10.797125935172462
3008407,608.1629276458375
3008408,129.8875232019298
3008409,3085.60133476575
3008410,0.0
3008411,44.13953916430616
3008412,11.520452613301842
3008413,0.24189071988223326
3008414,8.964160194031335
3008415,5296.904270462124
3008416,0.0
3008417,917.2334463383412
3008418,10.976883855168666
3008419,2293.6420243652383
3008420,1267.5251092839449
3008421,920.0888006179252
3008422,184.64521146821846
3008423,95.36951409018008
3008424,7880.745986472222
3008425,21.51021951930039
3008426,0.7005655554124872
3008427,30.54507756111371
3008428,26.202993398777142
3008429,0.07648852003075944
3008430,528.9307396037333
3008431,10.09839110893976
3008432,7.023192002920771
3008433,5.730015476991824
3008434,60.88166153550893
3008435,1.8256655077998687
3008436,432.73796472637315
3008437,609.10493469053
3008438,5.948710933584479
3008439,8.196834808804692
3008440,518.4884975203017
3008441,106.49110142122916
3008442,1630.5640236525994
3008443,48.269305317703996
3008444,18.546850959681915
3008445,13.361772593521652
3008446,0.639584179343339
3008447,7.434770062408557
3008448,4329.378379502323
3008449,0.0
3008450,784.6244404485476
3008451,4.878632581119479
3008452,2257.882850719427
3008453,999.8108198342637
3008454,508.45042849229384
3008455,369.6910080946893
3008456,82.76093050700254
3008457,6023.140993639022
3008458,25.95629020059884
3008459,0.739543643826351
3008460,42.28467951174172
3008461,42.34381614095317
3008462,0.3865955113428882
3008463,482.65744861022137
3008464,6.512191605871596
3008465,3.4557625734300803
3008466,13.212998592416772
3008467,69.08840567563388
3008468,2.7501888885180428
3008469,159.11359572445184
3008470,465.50457031633647
3008471,3.6523189220048495
3008472,7.008070797362963
3008473,239.61057051656425
3008474,195.09264731721322
3008475,1390.9583882456668
3008476,0.8185252066178788
3008477,9.252998467206368
3008478,5.280639441518447
3008479,0.10702905167609963
3008480,2.405990149834541
3008481,1748.1544597291488
3008482,0.0
3008483,170.3127815056962
3008484,7.813117054921769
3008485,751.1687478342812
3008486,353.22903767561115
3008487,181.82149146914475
3008488,58.70101515084971
3008489,44.84584779185368
3008490,2585.4569784285363
3008491,5.514839316265025
3008492,0.560117690441212
3008493,20.986876803090784
3008494,17.779246992699864
3008495,0.12329048773433841
3008496,194.56589129741462
3008497,1.6639173030673406
3008498,0.0
3008499,4.972526757994447
3008500,37.04200635407212
3008501,2.7245214661878228
3008502,101.99846644374576
3008503,184.3320939439686
3008504,1.2066004482126558
3008505,6.979656139211775
3008506,151.01062736875738
3008507,38.78738381616102
3008508,413.11151275576606
3008509,13.877168823111084
3008510,2.1026750236546694
3008511,2.250426751301113
3008512,0.0
3008513,2.259372289607575
3008514,1964.9848965177925
3008515,0.040437927211736203
3008516,264.7277753451409
3008517,16.658480444956083
3008518,580.2659481361164
3008519,572.3923632208373
3008520,146.77013617268662
3008521,52.675629620199686
3008522,68.27596104663853
3008523,2250.683985971866
3008524,17.887692994950637
3008525,0.37656201434398184
3008526,15.379736244668369
3008527,13.17099969574943
3008528,0.27392638985085427
3008529,163.63577037016267
3008530,13.55537098564949
3008531,3.0548723649430762
3008532,4.801349951337465
3008533,54.00550370478463
3008534,5.399016292465959
3008535,814.2784678057578
3008536,198.8925353447183
3008537,3.5923473876019525
3008538,6.239176234442832
3008539,294.9666857642914
3008540,33.279400642884056
3008541,1272.1840742183172
3008542,0.0
3008543,6.879188027396077
3008544,3.722818312794417
3008545,0.22538526591159236
3008546,4.846145136403386
3008547,3752.5317111310974
3008548,0.09549973036476403
3008549,762.2475133285832
3008550,13.145105955612452
3008551,1079.7492828859747
3008552,1338.223155147923
3008553,264.8491256716889
3008554,210.88248922126365
3008555,137.2343541845424
3008556,3977.074496513756
3008557,30.200339642029533
3008558,0.9880743989004004
3008559,21.101151600256514
3008560,39.13989109028678
3008561,0.07350666737722751
3008562,271.91925770732604
3008563,13.385102997254835
3008564,33.59879045961478
3008565,8.201353765540599
3008566,77.55835892489648
3008567,12.162084085864164
3008568,345.04568557444435
3008569,315.8454508525618
3008570,18.225950095299485
3008571,11.051406074497644
3008572,473.4591420685063
3008573,115.07423066425487
3008574,3496.421718050487
3008575,0.0
3008576,22.487847024180564
3008577,3.5534169397344435
3008578,0.04152133403437052
3008579,3.3368075866956293
3008580,2137.506923060342
3008581,0.0
3008582,389.1906850034926
3008583,5.330130448853064
3008584,446.78477867194715
3008585,618.1795658621431
3008586,144.50544381226098
3008587,92.17445257841437
3008588,73.94924910322722
3008589,1945.6620939048762
3008590,17.998971805762377
3008591,0.5967149854211939
3008592,13.357390596380274
3008593,14.703883150075939
3008594,0.1415567901807017
3008595,109.5270062121818
3008596,0.0
3008597,22.883856867966927
3008598,3.994840653538276
3008599,125.96880335749732
3008600,5.930459783239675
3008601,158.89299133375053
3008602,124.84124867093792
3008603,4.058705306353776
3008604,6.1385247502452795
3008605,145.57379241949735
3008606,36.89276974206632
3008607,1323.9645733318862
3008608,0.6882541366553165
3008609,2.475487062257225
3008610,5.4967408636533825
3008611,0.0
3008612,0.4127769430761282
3008613,1396.8574138531308
3008614,0.0
3008615,271.7191504098121
3008616,6.984699820003758
3008617,578.2775321453242
3008618,371.6864260874319
3008619,124.85179869348383
3008620,46.25510925553836
3008621,42.4861161222517
3008622,2071.9383840528185
3008623,8.422164835662215
3008624,0.747403648481419
3008625,14.046031599417189
3008626,11.571534171389082
3008627,0.3758429604798109
3008628,120.05294151891414
3008629,0.4052017360315378
3008630,7.13603406413878
3008631,1.4374274132546585
3008632,25.343498134939075
3008633,0.4181559154320581
3008634,325.0151552261864
3008635,170.38806431779864
3008636,3.3450474516800037
3008637,1.248743422730239
3008638,182.11658543597463
3008639,28.721318146268096
3008640,587.6262389397747
3008641,0.5827680961135477
3008642,2.425914274406465
3008643,9.533543694625202
3008644,0.190011636436183
3008645,5.198852774445434
3008646,4804.967240237321
3008647,0.19850167114318637
3008648,894.7587077115708
3008649,17.087174558279767
3008650,1161.6825573674214
3008651,1455.8756052372273
3008652,379.89072439232564
3008653,313.590172302595
3008654,170.9224713350214
3008655,5409.561503752935
3008656,35.742187826937894
3008657,2.8779667515121568
3008658,30.49097974836802
3008659,36.23989219914033
3008660,0.22487318719903263
3008661,344.8696748967917
3008662,11.437313938904063
3008663,43.176033035931866
3008664,8.070943477866335
3008665,206.75851947340857
3008666,4.9333575581744284
3008667,337.44954964771154
3008668,338.30658067345485
3008669,12.10054192458857
3008670,11.850140430742481
3008671,488.1734120416555
3008672,116.36556598431756
3008673,3399.0454225341423
3008674,1.7290264856912496
3008675,21.511590566508108
3008676,9.474127433485986
3008677,0.036173683314235136
3008678,4.5197379124705765
3008679,4861.793666027103
3008680,0.0
3008681,1038.0632672422093
3008682,13.548647593293056
3008683,1753.8577748555658
3008684,1441.9415941134287
3008685,547.4083367429699
3008686,357.30195561285325
3008687,87.06846546560382
3008688,7224.270980351761
3008689,14.360066049636105
3008690,1.1338411992907127
3008691,42.220059304239385
3008692,26.65808897999941
3008693,0.6096048007279933
3008694,412.4496460752374
3008695,0.0
3008696,5.552409541330727
3008697,6.699672355588382
3008698,64.08478383474788
3008699,1.4532024977544742
3008700,210.27503353676937
3008701,454.317942590602
3008702,5.8141855898022055
3008703,6.997163748498945
3008704,317.10417208563996
3008705,90.34085177033624
3008706,2076.538958526686
3008707,4.025699219452234
3008708,3.7518298123209224
3008709,8.425222523062008
3008710,0.33684737905241924
3008711,2.758373872412736
3008712,3992.9044043501926
3008713,0.0
3008714,957.7792220920962
3008715,11.500913280459459
3008716,1345.3548099139114
3008717,1089.939105671968
3008718,399.6005618385973
3008719,284.703530420203
3008720,90.93960619386843
3008721,5196.678605484269
3008722,26.59017331616052
3008723,1.3201913304578206
3008724,37.13161664112139
3008725,23.330444661761774
3008726,0.15224839671319973
3008727,360.46063316695285
3008728,0.0
3008729,5.58920542939369
3008730,5.910658511154768
3008731,93.35014252343315
3008732,1.667116232493711
3008733,135.34527956018022
3008734,357.8930474328674
3008735,5.512444054187633
3008736,4.331665310941997
3008737,246.64342181812992
3008738,80.05130428502999
3008739,1555.532493364422
3008740,2.6855115281342736
3008741,8.81718620657843
3008742,14.676466526241496
3008743,1.5929824830100663
3008744,19.31693315555986
3008745,11177.86317310727
3008746,0.12179474082804514
3008747,1570.7274068508032
3008748,36.00466846117469
3008749,2506.0877300568513
3008750,2769.253049471208
3008751,491.3993507012618
3008752,629.57562254035
3008753,448.20183906493276
3008754,10902.053875772905
3008755,109.40754059676475
3008756,3.254066787295266
3008757,60.760624612300305
3008758,71.21448934049089
3008759,1.2762574987034108
3008760,764.2324425139132
3008761,68.07748222059386
3008762,68.06635779179787
3008763,29.84358784807656
3008764,230.93251665331994
3008765,31.6632982959606
3008766,911.3552735684974
3008767,803.0681798865244
3008768,23.92656745574693
3008769,33.25016850546386
3008770,1366.2843190320891
3008771,331.4081318570281
3008772,10293.71550243419
3008773,1.7508794200855013
3008774,103.8716206879791
3008775,2.585956314170989
3008776,0.2550151982503882
3008777,0.7965164517757213
3008778,1519.3415925615914
3008779,0.0
3008780,201.7607180163839
3008781,4.015250146549823
3008782,559.6709899674727
3008783,325.7757469264237
3008784,136.14221151037137
3008785,147.1624854523297
3008786,47.45229784478861
3008787,1930.9015499985535
3008788,6.989759489518141
3008789,0.3965025195645802
3008790,14.536670980250692
3008791,9.989340286621
3008792,0.294380228823665
3008793,139.3732487243733
3008794,0.7124280630033537
3008795,0.0
3008796,3.171231727753873
3008797,30.678716743275793
3008798,0.6562055656322305
3008799,58.10852884324013
3008800,106.57039596242225
3008801,1.6712974345086167
3008802,4.6200779859077015
3008803,115.55422753052041
3008804,20.06726113574725
3008805,524.0189651468605
3008806,0.024899085430107534
3008807,4.943794092444051
3008808,9.43472518201077
3008809,0.2013983466202296
3008810,5.385602825993121
3008811,4149.532325485175
3008812,0.0
3008813,754.8938693905202
3008814,8.929272621969703
3008815,1768.8042142768263
3008816,1020.1025620326343
3008817,322.7212265134984
3008818,373.5350832818204
3008819,77.84175217540815
3008820,5790.011436662353
3008821,20.26731165258335
3008822,0.1914369386648681
3008823,36.83914516743087
3008824,27.814543541167435
3008825,0.14394212067503573
3008826,411.7922360733432
3008827,2.4323713417696378
3008828,3.260771393123462
3008829,11.00104104121243
3008830,15.363398820875378
3008831,1.6119545485721636
3008832,425.2969894419187
3008833,394.59507274399016
3008834,3.741176216308679
3008835,9.950525402403052
3008836,158.14383872100518
3008837,86.64593649961203
3008838,1498.9077617011767
3008839,2.331406103929805
3008840,4.656608830416308
3008841,1.5565288454810635
3008842,0.0
3008843,0.5124593604726753
3008844,1067.5648911677529
3008845,0.0
3008846,170.89014340412504
3008847,2.956664744101473
3008848,589.6839279479249
3008849,232.59634888940994
3008850,109.47704988981462
3008851,154.6352441640799
3008852,22.814402239982392
3008853,1785.5145167917499
3008854,4.668182321490445
3008855,0.28729594415147564
3008856,11.009121528727755
3008857,3.423807996684113
3008858,0.023065768369141173
3008859,106.33291710813783
3008860,0.0
3008861,0.0
3008862,0.2591428084347527
3008863,27.575167952731064
3008864,0.302024109602871
3008865,71.57018243444955
3008866,96.88172497359271
3008867,0.3601233436337998
3008868,1.2383619608094025
3008869,65.45665983554373
3008870,13.38080668149694
3008871,229.12327720433345
3008872,0.020487265395404183
3008873,1.9177819944371581
3008874,10.945039240824414
3008875,0.0
3008876,3.1569524438655456
3008877,2598.8452580227126
3008878,0.0
3008879,337.3954274236469
3008880,8.97572460948152
3008881,1263.1796977886909
3008882,570.813247592486
3008883,210.33638495622742
3008884,156.92003509912314
3008885,53.03556318734653
3008886,3771.84142607842
3008887,3.4778631484675344
3008888,0.5601694311380734
3008889,28.175347412971625
3008890,21.277094087594406
3008891,0.20940286244782216
3008892,281.90817264383236
3008893,0.0
3008894,0.0
3008895,16.17073293185898
3008896,28.592976432525752
3008897,1.7666879935090156
3008898,322.67825860477683
3008899,291.8516807831191
3008900,1.7478033484425266
3008901,6.1513450793411755
3008902,221.8114855698983
3008903,31.292693018565537
3008904,1380.7262513111582
3008905,0.0
3008906,1.0118386156024015
3008907,3.338123235139321
3008908,0.25692858677024233
3008909,1.4548021519039698
3008910,2689.1644752579987
3008911,0.0
3008912,725.7646455660322
3008913,5.949688395827647
3008914,880.3923400210119
3008915,707.7954318925729
3008916,246.5908205523522
3008917,126.51029001985145
3008918,64.76227524588033
3008919,4184.165199088582
3008920,8.093735740052809
3008921,2.823788504466258
3008922,30.603065257651778
3008923,39.57028309611205
3008924,0.26731580335923166
3008925,207.96658987559064
3008926,3.6649866962311277
3008927,4.930439885550823
3008928,3.1198272730089114
3008929,26.096261398839996
3008930,2.4888233507184627
3008931,165.70617875574038
3008932,255.53713899143213
3008933,3.1526128574295944
3008934,6.746006711943331
3008935,134.4567635557393
3008936,35.81438014339689
3008937,617.3644114014982
3008938,3.1080259722581642
3008939,3.226239316103557
3008940,4.618439130217962
3008941,0.021561601600867786
3008942,0.3076379778734852
3008943,1699.8517137499284
3008944,0.0
3008945,148.3772598432268
3008946,3.2857903970937876
3008947,599.1564779205819
3008948,251.32141281888804
3008949,111.16107836798449
3008950,184.4534105705005
3008951,44.188839235407336
3008952,2267.821369620338
3008953,9.327716249620915
3008954,0.23846793801063543
3008955,13.775037942456526
3008956,12.178392766015143
3008957,0.18427367403617606
3008958,127.20843784744426
3008959,0.0
3008960,0.0
3008961,0.4216949876428751
3008962,44.268390175188316
3008963,0.5436671221402463
3008964,210.2021148191228
3008965,116.89644661785591
3008966,0.7667276246075523
3008967,0.9050658150449837
3008968,68.26546176034253
3008969,23.527121465074103
3008970,411.9928999234024
3008971,0.10488232203291614
3008972,0.34007353501345716
3008973,5.221900576000194
3008974,0.04576626930068178
3008975,0.9158307890907624
3008976,3597.561217220336
3008977,0.0
3008978,614.671328690516
3008979,7.88204109832321
3008980,1042.5277442619008
3008981,822.2503316885517
3008982,263.0237359804018
3008983,145.1798632756145
3008984,93.53974994282814
3008985,4522.98277317289
3008986,8.87712191134278
3008987,0.36263754025018163
3008988,18.834875742758946
3008989,13.052362780267158
3008990,0.09095584606508647
3008991,249.75059236541108
3008992,0.0
3008993,23.30652452506896
3008994,2.0782852062163
3008995,48.29572337894539
3008996,1.000903825002215
3008997,203.596845985165
3008998,260.34611733585666
3008999,1.740010410123071
3009000,4.403102487931586
3009001,128.38898276481632
3009002,47.23333915752497
3009003,1283.4036475204052
3009004,0.5431476846813446
3009005,1.0184492094040856
3009006,3.2059716929093103
3009007,0.0
3009008,6.087420812600583
3009009,2500.722790431457
3009010,0.0
3009011,465.6155643487965
3009012,6.393321585206265
3009013,810.8165763460054
3009014,782.362403728018
3009015,146.17280310631656
3009016,121.19315910218727
3009017,87.19185784000823
3009018,3185.0650061102597
3009019,48.02686064568358
3009020,1.4520571150576598
3009021,19.593450326732835
3009022,21.58880811095965
3009023,0.2545241229887195
3009024,234.83733282497616
3009025,27.44881471069534
3009026,18.770572454235808
3009027,1.8540469611092387
3009028,89.91843086050434
3009029,8.512081887485365
3009030,175.97963749704056
3009031,260.49841063266217
3009032,10.702673781067286
3009033,13.865058920781003
3009034,230.96885854210137
3009035,66.41800881801798
3009036,2146.657374231411
3009037,0.05833920306665967
3009038,10.169214988193408
3009039,7.130495834422616
3009040,0.0
3009041,9.895055118434506
3009042,3284.6753470629437
3009043,0.04589184948358854
3009044,568.0107508972407
3009045,15.946417497301315
3009046,1636.6224258952182
3009047,956.2589188754014
3009048,189.7398007919118
3009049,128.80586782516565
3009050,110.19854544337107
3009051,4887.840167747599
3009052,26.849481210439933
3009053,1.4580748525765612
3009054,35.25255847068845
3009055,58.64115181205085
3009056,0.1152553345604535
3009057,437.46254110698095
3009058,37.57280918250639
3009059,15.823569776541802
3009060,8.87749079396883
3009061,99.50304752147422
3009062,13.157005359408181
3009063,153.70836554963287
3009064,519.2021044344627
3009065,7.871903875690462
3009066,14.189024283686111
3009067,155.7942988840707
3009068,93.62036867466568
3009069,2144.993138557976
3009070,0.1821431472356495
3009071,17.703417348425198
3009072,9.774945006475093
3009073,0.36007389975008836
3009074,4.674732196757574
3009075,4497.971498757951
3009076,0.0
3009077,933.5614376567306
3009078,8.266997061098271
3009079,2190.0387315965995
3009080,822.2844495497864
3009081,243.93210634084417
3009082,390.11015801138535
3009083,77.28973650858485
3009084,5826.41440787982
3009085,45.03043125591924
3009086,1.983587581733719
3009087,26.153472866721405
3009088,20.03050083541623
3009089,0.14949425023464108
3009090,429.9519413919093
3009091,7.813948057984968
3009092,13.135225203854016
3009093,8.237091519583933
3009094,62.442831492394866
3009095,4.026411225065839
3009096,167.77035845475075
3009097,439.0761693610075
3009098,8.504103885513189
3009099,12.916683135148478
3009100,282.95738222955873
3009101,67.51600496744975
3009102,1953.357103341068
3009103,18.242862955302677
3009104,19.5424288717661
3009105,4.015540058639612
3009106,0.11980877826176037
3009107,7.7714611027729585
3009108,3888.812430675294
3009109,0.14392761713070198
3009110,540.1028401363936
3009111,7.686336114864437
3009112,1101.5387047115153
3009113,1132.933666807234
3009114,276.6766798772831
3009115,213.71714266163875
3009116,129.3050471514802
3009117,4647.898440469351
3009118,32.33954881347441
3009119,1.851266484471731
3009120,15.55912694402393
3009121,15.28405245005306
3009122,0.45604594199459203
3009123,364.0686012004041
3009124,31.395728411358682
3009125,23.628484437969373
3009126,1.5967702665325918
3009127,104.54614315475675
3009128,7.5204393431563545
3009129,407.27810647930863
3009130,372.895873463034
3009131,9.52724625764667
3009132,13.83840147379553
3009133,543.1154972420152
3009134,62.638147776338826
3009135,3222.8856879169975
3009136,0.1273805257628145
3009137,36.95176550837721
3009138,5.158564667058927
3009139,0.24686587614077699
3009140,3.750919410660023
3009141,4397.821941359098
3009142,0.0
3009143,486.2779924330407
3009144,6.3952759300286965
3009145,2426.6113666968017
3009146,718.5325835527606
3009147,293.721443184685
3009148,153.29523759655487
3009149,63.58296656822574
3009150,5556.19944585817
3009151,12.9441103373659
3009152,1.8370172263838582
3009153,30.866763971526268
3009154,26.333845966487708
3009155,0.26203703120409927
3009156,408.76845533178823
3009157,0.0
3009158,0.14065841382229602
3009159,7.437701497751876
3009160,27.228375757248802
3009161,2.4811138579085346
3009162,141.0211712503321
3009163,338.0802117411105
3009164,3.0234013199376095
3009165,9.679432187188342
3009166,187.30450118620982
3009167,62.90065592309692
3009168,1079.6472083298665
3009169,0.0
3009170,6.046563830472391
3009171,8.565868733263756
3009172,0.083734389057275
3009173,10.244388576645827
3009174,4162.270105373723
3009175,0.0
3009176,726.7537794084784
3009177,11.578184499532876
3009178,1804.6166536153714
3009179,1028.6318052947906
3009180,348.9495706107406
3009181,190.28896772400165
3009182,149.47214745664363
3009183,5103.149281249096
3009184,54.057964234440504
3009185,1.3006233399751244
3009186,31.411028054917637
3009187,38.29064932251198
3009188,0.3008085262731693
3009189,386.2431081707114
3009190,38.028577979375186
3009191,23.386373936121718
3009192,10.561143386125863
3009193,71.20677087646037
3009194,15.494380748088208
3009195,273.1964131163838
3009196,534.1155141240242
3009197,15.997559695762103
3009198,12.376840336723843
3009199,260.2759662328896
3009200,72.78289062380092
3009201,2619.6951383683017
3009202,0.6589235523321346
3009203,8.115463906299162
3009204,4.492391179662667
3009205,0.0
3009206,7.369226344603586
3009207,3437.2568755755046
3009208,0.0
3009209,608.7812331344708
3009210,10.39711132777783
3009211,957.8038155317479
3009212,1001.949713026153
3009213,213.08683141259957
3009214,172.1044671077817
3009215,113.68031651584582
3009216,4027.3056781478645
3009217,37.607219418787565
3009218,1.2311944290646437
3009219,25.81222842047153
3009220,20.83229870576384
3009221,0.12142035417700069
3009222,293.0188462110353
3009223,29.68875340396111
3009224,35.35116483284399
3009225,7.1797836156943795
3009226,77.83157009669858
3009227,11.843502560101054
3009228,254.47632283602587
3009229,314.21879310426743
3009230,9.29310178136072
3009231,12.064386442078387
3009232,277.555984718775
3009233,69.0065223546077
3009234,2851.411620049952
3009235,0.1950782189280872
3009236,21.735034512513018
3009237,5.512708397651756
3009238,0.10350761666372514
3009239,3.6300172597058378
3009240,5468.237972077982
3009241,0.0
3009242,701.3208939900762
3009243,17.06261625162363
3009244,1356.5118541152074
3009245,849.4841897647872
3009246,325.8637321422602
3009247,199.39816001469322
3009248,61.8864918528123
3009249,5410.508630444143
3009250,10.284628966236417
3009251,0.10959902073839713
3009252,15.596413661028553
3009253,18.987009753114634
3009254,0.13479033168215832
3009255,292.8006568307806
3009256,0.0
3009257,9.270922195933226
3009258,1.2875283008607736
3009259,90.73111124833714
3009260,2.1946462306828662
3009261,187.65243809374897
3009262,332.160057729356
3009263,3.7284050795038084
3009264,3.159212790818292
3009265,257.93946889709207
3009266,139.83476728598438
3009267,1022.5736312429384
3009268,2.5555105657400934
3009269,0.9103615385086972
3009270,19.43161000296505
3009271,0.0
3009272,24.27902698066233
3009273,13642.377291567058
3009274,0.1270608976763612
3009275,2279.2552656125654
3009276,25.35434173639492
3009277,3599.110194338362
3009278,3791.9736908458885
3009279,878.1418731202111
3009280,870.7990791735658
3009281,550.4270062041256
3009282,14034.763001065767
3009283,100.41995396719994
3009284,5.3278302811823846
3009285,159.55277311874642
3009286,147.01171384515652
3009287,1.0418328204602387
3009288,1288.0516261667442
3009289,61.85841111607489
3009290,27.109933374113904
3009291,26.212385719327095
3009292,379.5557215184908
3009293,32.26264256041975
3009294,1075.0929244333663
3009295,1015.2253259879499
3009296,60.52429112881928
3009297,55.73755449482337
3009298,1558.2709896990077
3009299,388.78661952718727
3009300,12951.530861341067
3009301,128.57831681361208
3009302,120.15844380855252
3009303,21.218617990274133
3009304,0.0
3009305,20.64784235048725
3009306,13663.947607303435
3009307,0.18263451534311653
3009308,1858.129147614005
3009309,27.654716620105372
3009310,3831.021142514238
3009311,3331.306369538788
3009312,1091.6675685041973
3009313,563.6147439732533
3009314,442.02487251843485
3009315,14132.764501900107
3009316,171.97700901666855
3009317,2.6370087118819083
3009318,87.67150919418533
3009319,106.20732793412134
3009320,1.1626682655518459
3009321,1103.7828518239498
3009322,62.97377311431681
3009323,46.83196067002151
3009324,13.340404172730087
3009325,226.5560798682416
3009326,25.4413121985531
3009327,1328.3078801741583
3009328,1225.9613763567056
3009329,38.08784304079859
3009330,44.92245433421579
3009331,1660.6387848615002
3009332,358.50917805847087
3009333,8671.390440582709
3009334,267.95221374747683
3009335,132.1330198052784
3009336,18.537534519430977
3009337,0.0
3009338,26.862571405886985
3009339,10696.769247925251
3009340,0.2710913032692927
3009341,1444.8561561306694
3009342,16.2983275472327
3009343,3961.660062911602
3009344,2591.6151203388267
3009345,1304.3260004578635
3009346,263.0822691804845
3009347,360.35144643425895
3009348,14018.635996553678
3009349,67.59375450976297
3009350,3.091351154191784
3009351,51.42291301065827
3009352,43.90974249109879
3009353,0.6262665348406005
3009354,1113.6931664773845
3009355,73.9277477364922
3009356,35.282213862957065
3009357,12.077424624815045
3009358,126.12852612208393
3009359,12.35557585080045
3009360,1212.2097564392086
3009361,1268.4249128614424
3009362,40.861834651847474
3009363,72.82782260090045
3009364,1297.0329591087345
3009365,176.9080164817519
3009366,4456.8091433962745
3009367,328.1541715416418
3009368,68.95981119706839
3009369,19.512350827533524
3009370,0.0
3009371,26.687184434737592
3009372,13332.068376853416
3009373,0.20523318165620896
3009374,1634.8679520947828
3009375,19.920205796244915
3009376,3457.22232280811
3009377,3164.180244751724
3009378,1034.9392137784907
3009379,533.2047300023426
3009380,373.76510322681094
3009381,14018.635996553678
3009382,70.25799055679903
3009383,2.552373992511249
3009384,76.69449331792529
3009385,118.02236159005395
3009386,0.715921613660514
3009387,1056.2480492596912
3009388,62.60647570821351
3009389,38.839815160036366
3009390,9.46017768146912
3009391,212.4728810314206
3009392,17.12147290761657
3009393,1159.0038074224701
3009394,1192.5169518058494
3009395,37.886828677456826
3009396,49.03569367857014
3009397,1563.9070277487567
3009398,307.13226939175394
3009399,8324.985426329044
3009400,215.89108536056816
3009401,92.00406539253191
3009402,19.849781792856373
3009403,0.0
3009404,31.65187903432303
3009405,8315.512394700047
3009406,0.11421456741508203
3009407,1330.4568100499607
3009408,20.811136772874402
3009409,3690.4012520197116
3009410,2179.7053784470313
3009411,1080.9271943096296
3009412,223.03415859098385
3009413,287.90422799562566
3009414,11727.762694350524
3009415,72.07638806290106
3009416,1.0202128671998603
3009417,46.36682435187161
3009418,87.93304755341782
3009419,0.3984816669294013
3009420,1063.049188821014
3009421,59.890968852024734
3009422,17.97515736504913
3009423,5.378983019897922
3009424,108.54254573762765
3009425,9.354087177275286
3009426,1253.0595413018166
3009427,1252.5018737592668
3009428,27.690777989948884
3009429,45.26823451809154
3009430,1354.0171204470876
3009431,154.7819056517179
3009432,3274.74182853369
3009433,146.71042446894674
3009434,37.30023041839366
3009435,11.552968713558974
3009436,0.0
3009437,14.600343313532129
3009438,9981.994523082438
3009439,0.09151163110035616
3009440,1483.5189218232533
3009441,23.24898977177432
3009442,2233.4938569232286
3009443,2744.402474535884
3009444,625.6878654223211
3009445,579.3088608763288
3009446,395.9286214122005
3009447,10334.628257825787
3009448,73.48688470446312
3009449,2.0707857257518283
3009450,59.299079742966086
3009451,59.48540256065427
3009452,0.6688935527973285
3009453,709.9051523547255
3009454,36.185548393489576
3009455,28.249503245422524
3009456,15.957150074564016
3009457,239.2294862102992
3009458,21.37663213919226
3009459,925.3155180935433
3009460,770.7706297963196
3009461,27.83435493771036
3009462,44.73858300734971
3009463,1217.0011628777602
3009464,288.67987600268276
3009465,9525.867574418964
3009466,200.58516424761933
3009467,82.4422855782347
3009468,6.7307511072122335
3009469,0.28336409952812786
3009470,7.462718779392775
3009471,2417.1272411183513
3009472,0.0
3009473,423.5579406437939
3009474,19.4784526514602
3009475,1123.436023157634
3009476,704.1762140002868
3009477,268.0145170753323
3009478,110.91776540123016
3009479,91.44124277530335
3009480,3701.7869516602195
3009481,61.490213477162925
3009482,1.1218020271832576
3009483,26.971425708731903
3009484,24.301156070830366
3009485,0.46621852066623715
3009486,293.11694444412467
3009487,18.24180846952833
3009488,8.34763191121809
3009489,12.097888792057706
3009490,60.60585593443501
3009491,8.236766909204455
3009492,280.21549930283925
3009493,326.3447298599958
3009494,3.844558427992939
3009495,8.510465856444648
3009496,283.2302684098096
3009497,64.04925658310444
3009498,1723.6552169549814
3009499,0.7823855836021407
3009500,10.40333573530167
3009501,11.86908676242089
3009502,0.0
3009503,17.91407074436406
3009504,6700.206899067569
3009505,0.16157508008685167
3009506,805.6983130588412
3009507,34.364211516162044
3009508,2379.606928315038
3009509,1604.294302636486
3009510,696.7791183669076
3009511,153.11251205097517
3009512,159.95006999476843
3009513,9107.961742116018
3009514,143.52877907091394
3009515,1.7376286238838263
3009516,57.27780092434296
3009517,63.87685388236832
3009518,0.33648835168875746
3009519,706.4940533958159
3009520,39.46606896063261
3009521,9.075617243119561
3009522,2.3756171017941385
3009523,125.00898281826304
3009524,12.13424857319875
3009525,568.3430320584405
3009526,766.1705768195569
3009527,16.588564098971286
3009528,35.633132834529526
3009529,558.253600192548
3009530,91.06511014350949
3009531,2912.9331085199256
3009532,119.42331481444288
3009533,24.930805619546824
3009534,9.962085984371189
3009535,0.0
3009536,7.311835362804777
3009537,6383.562341364444
3009538,0.15089697647297806
3009539,1156.0223246222288
3009540,9.256561555764517
3009541,1776.7150088780056
3009542,1991.900795850183
3009543,330.1332502354988
3009544,411.758639703633
3009545,289.2942855992947
3009546,6588.102257860499
3009547,52.408559068898505
3009548,1.5981763688880988
3009549,41.12875984759077
3009550,43.102830224582505
3009551,0.6788690443514429
3009552,470.463839376941
3009553,4.714005766018455
3009554,46.32030678509293
3009555,6.084863222364691
3009556,151.77309615685635
3009557,13.468474726622938
3009558,671.7230021606748
3009559,408.62800742498615
3009560,24.77623780162253
3009561,14.449115300777418
3009562,845.4350149813235
3009563,168.05075822994078
3009564,5992.107502309906
3009565,5.638615260844329
3009566,58.2456415400317
3009567,6.24179091353012
3009568,0.0
3009569,9.98939226667149
3009570,5468.722014699758
3009571,0.0
3009572,1124.8144398437798
3009573,14.425847817282555
3009574,2062.8114802837827
3009575,1535.5824952703977
3009576,487.7032430148983
3009577,253.26482495756244
3009578,295.20770149022223
3009579,7542.3557116579295
3009580,57.76172828054673
3009581,2.363977063578757
3009582,26.654165550961192
3009583,99.93783753876903
3009584,0.3065689513177705
3009585,529.2619375066738
3009586,10.60954179383517
3009587,54.40980573112426
3009588,7.958834956055382
3009589,167.52230854621797
3009590,13.844169986303891
3009591,494.89203439685326
3009592,510.4102814311924
3009593,11.869972976586274
3009594,13.580204108079535
3009595,548.1761458089863
3009596,135.2483785777561
3009597,5034.750338905796
3009598,3.0609473036649373
3009599,10.304713726085252
3009600,14.117818880195097
3009601,0.09613892211384316
3009602,7.0213681454686405
3009603,3363.7179505796285
3009604,0.0
3009605,720.092470509821
3009606,8.984155272226007
3009607,1461.2911815100565
3009608,831.9279196744193
3009609,348.09817364332395
3009610,134.04089227424703
3009611,137.9186376633771
3009612,4537.913039178796
3009613,19.918372569653172
3009614,1.5808341577070473
3009615,33.227731505101424
3009616,30.945548814421688
3009617,0.16685974814846802
3009618,359.7313921253706
3009619,7.168220985817122
3009620,15.81070193950763
3009621,6.71521704570158
3009622,111.88066993270014
3009623,4.024989905318258
3009624,328.4421800723409
3009625,375.5759371876452
3009626,6.766597467809367
3009627,9.829521514290123
3009628,295.55968339528647
3009629,86.11087976250937
3009630,2777.970734983616
3009631,0.43352716680851316
3009632,3.26874406331404
3009633,9.262953695555861
3009634,0.0
3009635,2.1712705859640713
3009636,5661.96430750921
3009637,0.0
3009638,399.2088773964547
3009639,3.3897122959252686
3009640,1599.76805293639
3009641,365.11848451793657
3009642,313.841210003341
3009643,85.31056593827857
3009644,46.487527185739346
3009645,4229.898279919113
3009646,7.493048619521675
3009647,0.7398247987550253
3009648,38.29377877481843
3009649,15.382976962379324
3009650,0.08230748348604407
3009651,357.28276109069174
3009652,0.0
3009653,0.0
3009654,3.0637126201792872
3009655,27.79080856236875
3009656,1.0053384447588414
3009657,67.9144150015906
3009658,291.91931204902426
3009659,0.17720541245547314
3009660,2.7149297826957426
3009661,77.08736431642927
3009662,108.3263459194303
3009663,751.2426494099253
3009664,0.0
3009665,2.6303145363491263
3009666,7.975933121073192
3009667,0.14413548563668918
3009668,9.852981439164834
3009669,5482.375339163787
3009670,0.0
3009671,712.1738286129207
3009672,12.46192815802799
3009673,1777.0346795717192
3009674,1459.4961677618724
3009675,482.38940332745074
3009676,260.92051194830015
3009677,186.70138569349496
3009678,6402.17131188547
3009679,38.43260855092935
3009680,1.454499081469764
3009681,39.11885282733326
3009682,54.893769995875545
3009683,0.11149334759049441
3009684,547.1585253506129
3009685,42.29148756676219
3009686,18.01946271551616
3009687,12.00006770242268
3009688,103.70941939074558
3009689,9.413438805625939
3009690,578.7921798521876
3009691,501.0212135263924
3009692,13.047118387149638
3009693,19.954697313365866
3009694,741.3587077772823
3009695,126.73990087109554
3009696,3584.2907555050215
3009697,0.0
3009698,47.7884651418269
3009699,5.790127853806385
3009700,0.1332720308766713
3009701,5.953275459481334
3009702,4195.4413610116
3009703,0.09671693992704111
3009704,691.6940469039776
3009705,13.23542527868103
3009706,948.7115839663817
3009707,1236.156325423317
3009708,191.1393892281234
3009709,266.94153488823827
3009710,228.9827881448309
3009711,3877.153297687205
3009712,35.19200945477972
3009713,2.4713140357655967
3009714,35.840342409176024
3009715,25.110256329011307
3009716,0.666545679734263
3009717,250.63900277280842
3009718,20.40262306366275
3009719,35.61076457637829
3009720,10.19107380214567
3009721,191.09297661577395
3009722,14.194777626548605
3009723,434.0759026477154
3009724,248.7798139882459
3009725,7.099819691834538
3009726,15.918620930161094
3009727,607.3053980922963
3009728,140.6264655970176
3009729,4734.69780061944
3009730,0.2901244614664236
3009731,38.13065274760796
3009732,6.123740795225095
3009733,0.24601255317134557
3009734,12.720567674478492
3009735,6329.881980506133
3009736,0.09207187416060683
3009737,994.8778405673714
3009738,19.46978502702838
3009739,1500.114870726875
3009740,1823.2182086688492
3009741,389.8962243284501
3009742,433.92465910555285
3009743,199.2587971570841
3009744,5983.2657418101
3009745,38.064200786769675
3009746,4.36838900943958
3009747,41.155902789988865
3009748,49.984423732491194
3009749,0.3470885801518497
3009750,471.30348364797425
3009751,40.071365787665094
3009752,35.37539087351115
3009753,23.271725845217194
3009754,120.37599370838134
3009755,20.30765271002065
3009756,476.01966910240395
3009757,486.4817171457628
3009758,27.591203601193726
3009759,22.984511013589913
3009760,769.587952484158
3009761,204.16885174905323
3009762,5718.749524499186
3009763,0.5099547719294146
3009764,47.88723558688124
3009765,13.771559190411462
3009766,0.37001788870812613
3009767,11.199541179569627
3009768,4630.630635489322
3009769,0.0
3009770,763.712984672428
3009771,15.28957734111258
3009772,1963.8823994136258
3009773,1138.362735156642
3009774,681.255638746564
3009775,256.5956838170978
3009776,124.22547137977018
3009777,8209.826655305098
3009778,16.338872642750196
3009779,1.1308927806168088
3009780,50.49815235320312
3009781,50.54202158484635
3009782,0.11272250503224447
3009783,524.4567128564782
3009784,17.50035552874224
3009785,4.994369824925867
3009786,11.026208210685406
3009787,64.2328830433629
3009788,3.8399339650597364
3009789,425.68697149339386
3009790,566.7428466703049
3009791,8.823965737737343
3009792,11.393780295506149
3009793,550.752956357594
3009794,131.99216256075604
3009795,1886.5020847056392
3009796,85.59238950089438
3009797,19.817951727456283
3009798,3.570558089066422
3009799,0.0
3009800,3.8189960876066102
3009801,2256.452297329758
3009802,0.22793514303219198
3009803,399.5830279998484
3009804,12.43648870552093
3009805,685.8554098561963
3009806,789.5162660527657
3009807,163.9516662265883
3009808,151.6540154029466
3009809,133.15758752371227
3009810,2838.8649906164396
3009811,16.705004137053923
3009812,1.3615484917949416
3009813,17.61281203298971
3009814,26.534225143149644
3009815,0.5585647526554789
3009816,219.9801566008258
3009817,13.895588951860029
3009818,13.846323346351156
3009819,4.562833384821313
3009820,76.50865478232963
3009821,5.839021486093569
3009822,277.46325562077277
3009823,173.21847298849966
3009824,4.0864168355616695
3009825,9.49799426526521
3009826,374.14998067666056
3009827,73.57077234299481
3009828,2692.9919397270546
3009829,0.0
3009830,22.208721662485473
3009831,1.0895249851549824
3009832,0.0
3009833,1.8765872729826913
3009834,1232.0488451017507
3009835,0.0
3009836,114.16624707106483
3009837,2.1295590648289697
3009838,950.2651609074364
3009839,301.32428363706066
3009840,249.31583303799425
3009841,68.61390319785077
3009842,27.658809804081535
3009843,2702.375429362619
3009844,2.973292589080016
3009845,0.18816426308486245
3009846,7.121143215418437
3009847,5.434305191237213
3009848,0.0654820694710725
3009849,190.02317844930167
3009850,1.6555279101920606
3009851,0.0
3009852,0.8560590877475625
3009853,5.423371894238822
3009854,0.37554163366189863
3009855,166.79443153368763
3009856,185.81266939057952
3009857,0.6568942180920838
3009858,2.777091762861323
3009859,129.11803766068257
3009860,25.280621196107102
3009861,248.7179626669042
3009862,2.5331612367426417
3009863,1.3981355024134934
3009864,5.130184826765055
3009865,0.2529613859073603
3009866,3.1469221765109747
3009867,4381.842295990102
3009868,0.0
3009869,675.5721575823587
3009870,7.395304759747262
3009871,1848.9017989284694
3009872,697.1016426108349
3009873,542.257849375686
3009874,353.6034341752686
3009875,67.64492569770414
3009876,7228.762811440039
3009877,19.71698069637964
3009878,0.5312644427422877
3009879,17.704965571146808
3009880,21.74853899021788
3009881,0.1489140893461058
3009882,512.606284966041
3009883,9.50733535701616
3009884,1.240618072875257
3009885,7.004463730727215
3009886,31.397122144052105
3009887,2.1597829278319693
3009888,561.1946564177074
3009889,394.0736471204231
3009890,1.8205643543062155
3009891,13.05412581415716
3009892,280.01651035003994
3009893,70.46120828128947
3009894,1418.1360468587704
3009895,10.715101769554462
3009896,7.979338602191131
3009897,3.907202473464424
3009898,0.031621687523278305
3009899,1.7156324833143253
3009900,1621.443111933318
3009901,0.0
3009902,214.96790973753258
3009903,6.6127958861477145
3009904,1056.8165033699229
3009905,431.23136845316174
3009906,210.8764564497081
3009907,91.42831274500533
3009908,28.453620857859534
3009909,3132.0560525095593
3009910,5.784702250894589
3009911,0.4704356366226569
3009912,12.276054636217337
3009913,15.827199160720134
3009914,0.3145074993801505
3009915,199.17771616227077
3009916,4.896531908922962
3009917,0.0
3009918,7.588656485635001
3009919,23.141820806879455
3009920,1.2291386248638494
3009921,142.3421586704974
3009922,186.22865464237248
3009923,1.1210849704943913
3009924,4.98978203979182
3009925,164.41406115266003
3009926,29.72344721861306
3009927,330.6991098944894
3009928,10.436012938232203
3009929,2.9765996037637037
3009930,3.5911462428515613
3009931,0.0
3009932,2.846144907590044
3009933,1789.8764074245937
3009934,0.0
3009935,145.24779542084158
3009936,3.5069904417351125
3009937,1000.9167972617012
3009938,289.51623669389596
3009939,166.92305810973988
3009940,70.81222759384508
3009941,31.738395626699955
3009942,2992.1839735656085
3009943,8.422584505386892
3009944,0.1030787229946608
3009945,13.254822708736034
3009946,9.479002799908487
3009947,0.08910422207908604
3009948,157.03240917791408
3009949,1.231924208861272
3009950,0.0
3009951,2.3317252191432107
3009952,22.052669645561917
3009953,0.8747858844459278
3009954,171.44742295454455
3009955,220.86169027535388
3009956,0.3247372241235878
3009957,4.842151584122382
3009958,73.0771189583415
3009959,23.022140870341048
3009960,172.72245364128
3009961,4.511448923503949
3009962,1.7208590455376536
3009963,2.973296758729585
3009964,0.0
3009965,1.5169807191551103
3009966,1532.8818391294976
3009967,0.0
3009968,174.95650944249954
3009969,4.958322063762179
3009970,1274.5576678353982
3009971,398.461275357746
3009972,240.6934060327372
3009973,48.06063348286673
3009974,32.10231143591712
3009975,3095.632067476323
3009976,7.3190808228544935
3009977,0.2762984923274371
3009978,8.413038062785068
3009979,22.339909995975276
3009980,0.16402481727450008
3009981,261.0207927797164
3009982,1.0223903133099075
3009983,0.0
3009984,2.588508464203037
3009985,9.892863710217037
3009986,1.4831707919979338
3009987,237.81611758068456
3009988,257.92139296540796
3009989,0.9134612149547365
3009990,3.8175181280406383
3009991,70.38930997821322
3009992,89.56225514322028
3009993,390.61349428277293
3009994,7.61558289036196
3009995,2.9520396000814
3009996,2.6784396828778423
3009997,0.7498953519979867
3009998,3.8386805536067765
3009999,1771.2726089498935
3010000,0.0
3010001,170.46305801644064
3010002,1.5609862004208077
3010003,996.9644868628814
3010004,399.6792331500123
3010005,283.781823038189
3010006,121.51258731160638
3010007,57.028198333036165
3010008,2909.6128868343576
3010009,5.696925357110176
3010010,0.4906209856391681
3010011,14.20092280036613
3010012,14.477073787966422
3010013,0.15817136308859872
3010014,233.1951170508429
3010015,7.585507588282315
3010016,0.0
3010017,3.315698511285472
3010018,12.294207060656307
3010019,1.2964234847312386
3010020,141.3240214328193
3010021,205.58094212223304
3010022,0.6738814843131775
3010023,4.437332646577793
3010024,115.29303347560545
3010025,40.13542168237575
3010026,650.1036883674076
3010027,12.278962900562528
3010028,3.7123492583662134
3010029,3.7400578765771746
3010030,0.09109582311364442
3010031,0.5382035164152081
3010032,1362.0442947455197
3010033,0.0
3010034,171.4592653882393
3010035,3.586428605510874
3010036,933.0708876941462
3010037,262.74068613559854
3010038,168.0617387824112
3010039,295.75190652246266
3010040,22.32710633530318
3010041,2160.520669135182
3010042,4.370523426454574
3010043,0.2770419973445409
3010044,9.931697451772287
3010045,10.712621645959537
3010046,0.14147698531796357
3010047,169.9629277741366
3010048,0.0
3010049,0.0
3010050,1.5747871842628065
3010051,16.234555150637693
3010052,0.9733928143813604
3010053,58.925731331664586
3010054,138.2055251316373
3010055,0.6195184249942287
3010056,2.6710187750565235
3010057,64.35851106756431
3010058,38.9304771718529
3010059,486.0884621205045
3010060,0.0
3010061,0.7054649884905737
3010062,6.645991909285394
3010063,0.43272007620453834
3010064,3.499176772493641
3010065,3168.9450883875097
3010066,0.0
3010067,357.7193019439007
3010068,3.1043846712041843
3010069,1268.8769171100614
3010070,757.5080431009559
3010071,517.5577037201044
3010072,330.5269435608587
3010073,90.11630458567778
3010074,5119.407746706044
3010075,12.069189059904419
3010076,0.8871131611525818
3010077,20.13598687323724
3010078,21.49732517609577
3010079,0.28256384285770947
3010080,327.6807836296729
3010081,0.726534951796898
3010082,0.0
3010083,5.087392517476689
3010084,24.173256424814348
3010085,2.3549147210443833
3010086,260.99840772851616
3010087,314.39307475205754
3010088,1.5862996795570359
3010089,7.304230577939643
3010090,405.4962012979034
3010091,56.06334928663311
3010092,955.4190561430083
3010093,16.672826207126366
3010094,11.325720804305243
3010095,2.0719752731928067
3010096,0.0
3010097,4.121982981582035
3010098,1881.9038859720845
3010099,0.0
3010100,521.6354597806516
3010101,4.310719689581234
3010102,532.8044628202092
3010103,555.6701952751828
3010104,195.54585972074563
3010105,207.68619329286008
3010106,29.134317816606703
3010107,2653.100717360037
3010108,6.710415885460709
3010109,0.43978367610569175
3010110,15.393222118566278
3010111,9.03628083137274
3010112,0.08755997733830381
3010113,163.54893072365056
3010114,7.028086926704033
3010115,2.8836456638168433
3010116,4.411683660127223
3010117,32.801821581828875
3010118,1.1013425679372855
3010119,55.16693995625587
3010120,165.63108514300708
3010121,2.9665695143225577
3010122,4.412722213290041
3010123,160.37077049463383
3010124,33.45210300669008
3010125,1231.7070092561394
3010126,35.759296445287845
3010127,7.6746388871758295
3010128,5.008088491165926
3010129,0.48502078869293025
3010130,2.4692036333223935
3010131,2418.862297319911
3010132,0.0
3010133,184.05457276435433
3010134,3.827933374448942
3010135,928.0014113455276
3010136,388.2703070191341
3010137,287.5283391348936
3010138,101.78800090604423
3010139,40.458783891433505
3010140,3541.3363036189435
3010141,28.049685410302786
3010142,0.7322150712854347
3010143,11.490715731918502
3010144,11.718791573048065
3010145,0.12827840025938747
3010146,191.5654288842567
3010147,6.871503581165192
3010148,0.0
3010149,3.4618718753528803
3010150,21.109425511846855
3010151,1.6913025594889879
3010152,128.06043107249587
3010153,192.45215534945473
3010154,0.7743578638936612
3010155,4.81502660412225
3010156,94.87482256351879
3010157,27.916558329605195
3010158,465.43716736558264
3010159,7.964284764040064
3010160,3.2785486032879234
3010161,5.541847448742787
3010162,0.06740390746029697
3010163,6.759475420274538
3010164,3080.1914846560953
3010165,0.0
3010166,701.1252196560504
3010167,8.882806036867755
3010168,950.9504332746528
3010169,877.7643345937836
3010170,240.08799679821377
3010171,172.4101256742644
3010172,95.53176156556059
3010173,4073.178054912687
3010174,47.084144315808295
3010175,1.116515276155754
3010176,12.414663505858655
3010177,23.923922364036496
3010178,0.3338817343232649
3010179,276.46157447153337
3010180,19.53608876936556
3010181,10.21734368084208
3010182,6.571472740301397
3010183,53.66489482187773
3010184,7.399766066447366
3010185,389.55754220999654
3010186,278.1662247651619
3010187,7.056419549731681
3010188,8.070204730692721
3010189,482.904789470064
3010190,125.73399608295696
3010191,2399.8298305381372
3010192,0.0
3010193,33.460368286583495
3010194,5.267299330340994
3010195,0.12010098313873596
3010196,4.869275667983342
3010197,3066.671799799353
3010198,0.0
3010199,458.0414060417084
3010200,5.481491075218464
3010201,1441.676101562263
3010202,712.5922907520201
3010203,571.3175046774138
3010204,167.2421374368941
3010205,59.526171139849545
3010206,5015.42778908705
3010207,9.59682787895811
3010208,0.3677922851406353
3010209,18.246991569886337
3010210,13.814074665007332
3010211,0.037809778362752254
3010212,319.5348208802502
3010213,2.4261861843635097
3010214,3.771535938205009
3010215,3.1171071939936184
3010216,24.16058170878747
3010217,0.99995720150056
3010218,234.5430927675092
3010219,334.68459867610613
3010220,2.910174887676415
3010221,4.572052883037774
3010222,279.67319480946594
3010223,54.34586158962106
3010224,844.1754765786637
3010225,19.432691949298025
3010226,10.699780673201793
3010227,7.478596525351293
3010228,0.3510601918573715
3010229,4.235186651517816
3010230,3295.124222202481
3010231,0.0
3010232,453.83870713853184
3010233,4.653152746893204
3010234,1431.8267613689818
3010235,607.498683664517
3010236,327.4660594379292
3010237,454.5529183816484
3010238,59.93710288443601
3010239,4116.0946717463385
3010240,12.17288134865052
3010241,0.5572452788616142
3010242,25.58350125895718
3010243,28.493433746401625
3010244,0.21701624595059435
3010245,337.46813567167
3010246,2.944511141885878
3010247,1.3674402757945199
3010248,7.520908398297401
3010249,50.61509684439926
3010250,1.4227883027856718
3010251,98.70440860068732
3010252,286.6258062402151
3010253,1.6892292560954152
3010254,5.1289096012392
3010255,145.48737967787662
3010256,138.35430246867958
3010257,1155.704048605256
3010258,0.6683269835607848
3010259,6.269048318792496
3010260,3.895585179302296
3010261,0.17948391243641582
3010262,1.2599672191489963
3010263,1649.7570983009398
3010264,0.0
3010265,187.39764062568466
3010266,6.955574327565797
3010267,697.5827745448354
3010268,354.56370807953556
3010269,163.56468045513859
3010270,76.27598803009958
3010271,42.2916392087968
3010272,2745.928233271266
3010273,3.9186733910337948
3010274,0.3691785645354623
3010275,16.349229453133617
3010276,12.829006158621002
3010277,0.10567707574726982
3010278,172.1540670663771
3010279,1.011084405828846
3010280,0.0
3010281,4.482558146488504
3010282,31.675385370824294
3010283,1.7512753105503691
3010284,97.00548085266202
3010285,179.6230348985309
3010286,0.9598914016174647
3010287,4.147377644398539
3010288,156.3683286543392
3010289,29.372546881924993
3010290,606.6365292733534
3010291,22.374030449712762
3010292,1.7302811826935889
3010293,1.408466249422872
3010294,0.0
3010295,3.901074457671804
3010296,1308.9899861863055
3010297,0.05100684221023386
3010298,279.3183214354419
3010299,9.045047130498311
3010300,528.7099923326224
3010301,516.3485151827729
3010302,137.13677113004044
3010303,45.21582872899964
3010304,48.26647171407367
3010305,2223.762869197574
3010306,17.981285195798623
3010307,0.3549879932544005
3010308,10.997796915165212
3010309,12.667183913329206
3010310,0.20577384186821915
3010311,140.48385114982293
3010312,9.928445763736049
3010313,1.4500461260495778
3010314,3.6327548689116327
3010315,33.8711077882707
3010316,3.7930882041003304
3010317,361.9721008657776
3010318,142.3461185167073
3010319,2.771490749286681
3010320,4.414281780464558
3010321,334.55916153973646
3010322,28.139050650788146
3010323,1191.2986933747973
3010324,0.0
3010325,6.801585917777806
3010326,2.7498525482737084
3010327,0.20511786731064824
3010328,6.020477038989652
3010329,3448.5286690458197
3010330,0.10129030202338501
3010331,717.6040745722897
3010332,14.159678715137824
3010333,1006.7420795417275
3010334,1316.0143872841775
3010335,276.71526746903993
3010336,218.608562545198
3010337,148.33596123118195
3010338,4083.3729901279858
3010339,28.846857388172545
3010340,0.6829259037046045
3010341,17.773796298254663
3010342,34.317002075841486
3010343,0.09453073508648305
3010344,261.9667611604141
3010345,9.733471607370316
3010346,27.523764394156274
3010347,8.156671062562785
3010348,64.72556160140368
3010349,10.8804541022488
3010350,364.5949767982939
3010351,269.7159201549643
3010352,15.979402479903907
3010353,8.54010432572387
3010354,486.8187084904928
3010355,102.2450358105227
3010356,3466.8140254134382
3010357,0.0
3010358,19.204082733621338
3010359,1.706563875965038
3010360,0.0575815910631702
3010361,2.78878174867891
3010362,1549.5620737254194
3010363,0.0
3010364,310.0677242305327
3010365,3.077239584316443
3010366,360.8107612044795
3010367,478.97176709032465
3010368,119.88942156719249
3010369,70.57860571978244
3010370,45.44977353988399
3010371,1499.461783829903
3010372,11.957578145895551
3010373,0.4022051566339344
3010374,7.942836177981061
3010375,13.968301677759948
3010376,0.07174519853665627
3010377,84.9993680011958
3010378,0.0
3010379,8.903119793783294
3010380,1.5696153189734092
3010381,79.69769605279217
3010382,4.670955988750607
3010383,129.3716844405427
3010384,87.06838029175103
3010385,2.871765693746183
3010386,4.520103655291793
3010387,114.5271380972595
3010388,23.695906204305732
3010389,1113.4663213680185
3010390,0.3732035133219114
3010391,2.22612094063975
3010392,4.161434341752161
3010393,0.0
3010394,0.22963190075107867
3010395,986.555700733454
3010396,0.0
3010397,214.64467445420422
3010398,4.138492896567658
3010399,422.68097822763474
3010400,265.04266814094524
3010401,95.70417452975845
3010402,30.680390090002703
3010403,25.18860271353425
3010404,1574.4096830979126
3010405,10.290426443078431
3010406,0.5227039102841498
3010407,9.38293351683937
3010408,6.568966660787233
3010409,0.2823557916309769
3010410,98.33087629535196
3010411,0.2256212135166972
3010412,3.318109303485456
3010413,0.7698195212528978
3010414,12.95086092893637
3010415,0.33266594609948574
3010416,249.0134571354822
3010417,144.57806993645684
3010418,2.160682884907002
3010419,0.8533128525172886
3010420,141.24271962650175
3010421,20.4822091427581
3010422,459.4375328951356
3010423,0.5028174825830771
3010424,1.4965462390849282
3010425,4.990104231770458
3010426,0.17194889510683423
3010427,4.300831598869576
3010428,3449.9952125363216
3010429,0.15137846155440157
3010430,730.5279487401285
3010431,11.676034786917665
3010432,994.269552516467
3010433,1176.5636091595086
3010434,301.76063460298366
3010435,257.5855903870941
3010436,100.23659810121316
3010437,4280.018050897872
3010438,22.850097990952435
3010439,1.5855128361806528
3010440,23.848736212245186
3010441,25.788245526561457
3010442,0.34890348009485167
3010443,284.10884967900756
3010444,5.548729519660206
3010445,24.165086026162957
3010446,5.450165234800935
3010447,73.76242161391355
3010448,3.4041889775070473
3010449,291.6054136766468
3010450,271.7710311918171
3010451,8.857589567646588
3010452,8.698220727336311
3010453,409.28036667930087
3010454,82.81422348219846
3010455,2929.570920614423
3010456,1.1632327052541744
3010457,14.352428033311993
3010458,6.225481235417363
3010459,0.035699692318059986
3010460,2.448505669212175
3010461,3396.6640141811404
3010462,0.0
3010463,692.9712212597522
3010464,11.086750518243825
3010465,1344.7121703097976
3010466,964.8034180823654
3010467,357.7808751336052
3010468,344.32399561793727
3010469,55.92317757641793
3010470,4671.895912367185
3010471,9.607175835497259
3010472,0.6360205055626853
3010473,29.650938591588602
3010474,16.55139474626016
3010475,0.5183033675122459
3010476,283.7572437732748
3010477,0.0
3010478,3.4108978222897237
3010479,4.231119828403358
3010480,28.72137857787524
3010481,0.8760235387966298
3010482,170.130548427388
3010483,300.58320956265965
3010484,3.809284447130663
3010485,3.409500998194148
3010486,207.5439913549605
3010487,87.30155899803276
3010488,1474.462134876931
3010489,2.021265230864223
3010490,2.6797579626068604
3010491,5.234720419997464
3010492,0.26839237234038377
3010493,1.8255502718072494
3010494,3121.1130938743836
3010495,0.0
3010496,667.5083227809748
3010497,7.40468631868557
3010498,927.4315027107367
3010499,784.9500762793383
3010500,270.17474367742886
3010501,441.57147940279447
3010502,56.72470881410042
3010503,3966.5988009940907
3010504,13.477593735130055
3010505,0.8115029593853802
3010506,24.204451410662564
3010507,14.550753141838735
3010508,0.10588715777961259
3010509,260.4552170207252
3010510,0.0
3010511,2.963523570862039
3010512,4.359261127354224
3010513,42.748269569052525
3010514,0.9538493475758663
3010515,112.19774203349608
3010516,277.579282607765
3010517,4.479947397418867
3010518,3.8097045421974256
3010519,188.15806173512664
3010520,64.5770561987329
3010521,1093.5683198417817
3010522,1.4104817950535016
3010523,4.2560025844578115
3010524,8.688452822521802
3010525,0.9646010859864924
3010526,13.840162070098645
3010527,8445.73111075287
3010528,0.12895763884832495
3010529,1270.1277037181949
3010530,29.42551734003918
3010531,2113.247152713015
3010532,2097.073665494449
3010533,365.6388727270324
3010534,479.3715835775066
3010535,331.4767367022938
3010536,7984.6949520689
3010537,85.73366476238688
3010538,2.7758371939207027
3010539,40.59197790367566
3010540,56.90412360169823
3010541,1.0030162559495066
3010542,535.5383342081384
3010543,36.52121114720111
3010544,38.00071060728451
3010545,18.324506434281655
3010546,135.8796314234502
3010547,21.358867475067893
3010548,682.3597740353739
3010549,539.1011101602049
3010550,15.859500374939412
3010551,22.308634198711193
3010552,1133.6922299898793
3010553,253.3797302995615
3010554,8068.821166064507
3010555,0.9978635777369946
3010556,85.41365634631816
3010557,2.464340404502803
3010558,0.3051748173907528
3010559,0.6998677632495192
3010560,1449.3685803482292
3010561,0.0
3010562,159.4256520299754
3010563,2.1268224281756347
3010564,796.2069651663131
3010565,293.4744744449284
3010566,121.51452979745969
3010567,195.75854132839382
3010568,30.617775941377445
3010569,1808.190997725011
3010570,3.5188413378150063
3010571,0.2608259169829197
3010572,11.226482627526156
3010573,7.0014384895952375
3010574,0.22177125934766395
3010575,128.57588988752732
3010576,0.31604982697743095
3010577,0.0
3010578,2.196800840663626
3010579,32.3361206432775
3010580,0.5511653320183645
3010581,51.83653841653233
3010582,122.97248720220928
3010583,1.4326125029562684
3010584,4.2535285126081535
3010585,89.02772460197205
3010586,17.3873988999377
3010587,451.6146937150645
3010588,0.056846566276501996
3010589,4.759679274045683
3010590,5.862079355381677
3010591,0.20355582563230323
3010592,2.0103618998294346
3010593,3164.624270819971
3010594,0.0
3010595,522.4950227318867
3010596,8.153681482965446
3010597,1119.906675956889
3010598,673.5797605939172
3010599,226.86784225511846
3010600,477.8215294522219
3010601,60.41915474743488
3010602,4088.1800260086434
3010603,12.439712067176924
3010604,0.14916913856055142
3010605,19.4195173239375
3010606,17.87028452312186
3010607,0.12238830697743308
3010608,280.8222508981818
3010609,1.0198584401605189
3010610,2.408084207099582
3010611,7.105530053035727
3010612,11.544718293594132
3010613,1.2449780934317145
3010614,322.53169345446526
3010615,290.89342242147114
3010616,2.7394005088412503
3010617,5.089725836244135
3010618,111.43996486239811
3010619,60.35879487619383
3010620,1059.4913678029816
3010621,1.3468880056446517
3010622,5.153113926968352
3010623,0.9970907718848143
3010624,0.0
3010625,0.3263212309256814
3010626,910.8554839312964
3010627,0.0
3010628,125.01547339210657
3010629,2.0388832796382412
3010630,589.8996893832565
3010631,187.3155791861927
3010632,96.538433767756
3010633,472.68493630855653
3010634,14.79418044489448
3010635,1512.1834824012815
3010636,1.7974934330764603
3010637,0.23427434251891374
3010638,8.376242842331289
3010639,2.7820955322357364
3010640,0.04240546771532716
3010641,100.87128284862436
3010642,0.0
3010643,0.0
3010644,0.2506412400699583
3010645,9.97506673335863
3010646,0.2293672098095156
3010647,65.10626128313072
3010648,79.88560462121625
3010649,0.3235355178867483
3010650,1.2239405972011266
3010651,56.26893834303362
3010652,10.542650531414326
3010653,187.6314323166014
3010654,0.04912477362372206
3010655,1.6119013450488175
3010656,7.528329566763606
3010657,0.0
3010658,1.6765556252783984
3010659,2147.245168792757
3010660,0.0
3010661,255.29401552257974
3010662,3.766832095621834
3010663,1014.6000621663405
3010664,424.452412251394
3010665,167.66008179066404
3010666,366.266258500564
3010667,33.583825991687974
3010668,3070.182233229849
3010669,2.152506669521075
3010670,0.43094520128168534
3010671,26.04196999298244
3010672,15.04935229309405
3010673,0.15091689350262785
3010674,207.03486813321823
3010675,0.0
3010676,0.0
3010677,10.25579483582581
3010678,11.631018044092484
3010679,1.245907204657541
3010680,209.84466736108067
3010681,213.05544267257213
3010682,1.0242185838980173
3010683,3.863166178609812
3010684,164.85491565365848
3010685,26.198450791725648
3010686,1202.470665193643
3010687,0.0
3010688,0.7324095028310458
3010689,3.3218600385691888
3010690,0.3090143635115477
3010691,1.0554594918674711
3010692,2372.0711574492707
3010693,0.0
3010694,680.8528930218874
3010695,6.36045461561593
3010696,989.8716895604081
3010697,694.7338804184345
3010698,244.52737533507735
3010699,207.8419761260937
3010700,60.10177146619906
3010701,3914.27684541955
3010702,4.67551473186407
3010703,3.3435243459968067
3010704,23.198576096745036
3010705,36.26761512366986
3010706,0.23024038173251207
3010707,219.01995972755594
3010708,2.7639348041267437
3010709,4.102578178374889
3010710,3.1609966972812185
3010711,18.739016204472463
3010712,1.7731282523417349
3010713,161.95291683223707
3010714,276.96717201237243
3010715,3.6294224109017215
3010716,5.696709443334415
3010717,144.99652171598805
3010718,32.19636307517398
3010719,629.9415345442309
3010720,2.701757481601441
3010721,2.9960963387509914
3010722,3.4471638736852137
3010723,0.034269495852708096
3010724,0.17914614173716836
3010725,1538.7764078180394
3010726,0.0
3010727,96.89108079186302
3010728,1.6482268719263748
3010729,526.1569604125185
3010730,202.57222623244073
3010731,97.27821956268092
3010732,259.89179616067145
3010733,27.778808382588778
3010734,2033.233363678029
3010735,3.6810539783819953
3010736,0.23347210436660545
3010737,9.301892753867747
3010738,6.366247930838857
3010739,0.1430187309622373
3010740,109.03581823597243
3010741,0.0
3010742,0.0
3010743,0.3894152960643581
3010744,15.317148384426353
3010745,0.45812441096942286
3010746,189.69761012898778
3010747,97.81242881311437
3010748,0.5917890676738298
3010749,0.6731532707828154
3010750,44.77056423691471
3010751,16.683151068308987
3010752,351.7808410163482
3010753,0.12278350891568073
3010754,0.18774915742889764
3010755,3.50579960884766
3010756,0.05020408334581998
3010757,0.683782310098118
3010758,3199.504495513685
3010759,0.0
3010760,499.08802275159957
3010761,7.210311739245775
3010762,863.9668093491574
3010763,603.9071373117682
3010764,200.90713753997716
3010765,168.1349934323805
3010766,52.48158750144561
3010767,3744.8501204630647
3010768,3.739838696465422
3010769,0.3554179807612932
3010770,15.625167276384737
3010771,8.539082676660245
3010772,0.2538800140638202
3010773,223.52023401836482
3010774,0.0
3010775,10.260791346275063
3010776,1.715788050029702
3010777,25.009359668478996
3010778,0.6642009827686326
3010779,191.0629740056445
3010780,216.8058576366002
3010781,1.5268337319794911
3010782,3.6365888419708456
3010783,113.9211039099418
3010784,44.112915371220836
3010785,1108.488992052775
3010786,0.5341947982175776
3010787,0.6124742641461831
3010788,2.902785060400325
3010789,0.0
3010790,5.142008122551777
3010791,3067.3978966215473
3010792,0.0
3010793,593.0658234254361
3010794,5.9481369317468245
3010795,983.2452114376609
3010796,979.9903346678024
3010797,173.66542521577827
3010798,131.94623120831233
3010799,107.17823905744484
3010800,3830.5847779680616
3010801,51.62939939246739
3010802,1.1679399894710372
3010803,19.303740407555374
3010804,25.44332109488551
3010805,0.21432825825572407
3010806,264.6317284022745
3010807,19.124949967903984
3010808,20.972583565349986
3010809,1.5918555569093198
3010810,86.05303685704608
3010811,7.843025863837843
3010812,192.52547045541573
3010813,267.57563448055953
3010814,8.631844513738493
3010815,13.130393977181265
3010816,247.12264770187178
3010817,66.9974112666332
3010818,2590.5055690419645
3010819,0.10101609954133203
3010820,10.8763192798197
3010821,4.5706747585361045
3010822,0.0
3010823,6.204868427721794
3010824,2230.41051781069
3010825,0.04397425983317525
3010826,452.54469084081387
3010827,9.903075067525721
3010828,963.721731791232
3010829,742.5194512869624
3010830,153.90122550596837
3010831,85.1704190638534
3010832,85.24909224003378
3010833,3712.4642590219205
3010834,18.626494247910802
3010835,0.9796344764874865
3010836,33.837817233226076
3010837,59.31620206798906
3010838,0.06797621899203492
3010839,308.5926198768549
3010840,19.743311660269384
3010841,10.77178607457354
3010842,6.066149684984436
3010843,54.73210627324448
3010844,8.392408341392063
3010845,164.85235468410022
3010846,369.97161439830506
3010847,6.261068300784409
3010848,7.409111504329115
3010849,101.75106035122101
3010850,80.12492751582955
3010851,1807.2114621901528
3010852,0.26102987387777116
3010853,12.058959156288406
3010854,7.391503552578008
3010855,0.32008997229022584
3010856,2.6093500281616504
3010857,3818.357558033377
3010858,0.0
3010859,745.2247618074098
3010860,5.847960797494686
3010861,1881.7751326403436
3010862,698.3149433309501
3010863,207.1575814392875
3010864,1519.1771348336317
3010865,59.16887892117727
3010866,5541.4077630082675
3010867,33.84725942115804
3010868,1.0207523591407104
3010869,18.95148692615156
3010870,17.93356099076796
3010871,0.10027810627015935
3010872,343.01735961181845
3010873,3.9359733061000606
3010874,10.32391273763038
3010875,6.199167239168183
3010876,40.271863518634
3010877,2.791812523679813
3010878,161.49250409786598
3010879,301.43919736424533
3010880,5.586512014793517
3010881,7.837221528695764
3010882,226.79977627744236
3010883,56.047934491331134
3010884,1574.0175339307648
3010885,11.2192068882566
3010886,15.256613502220588
3010887,2.1027007639950304
3010888,0.15148861060312813
3010889,5.1165637678002565
3010890,2540.0710231270277
3010891,0.1432692998029103
3010892,428.63540208246593
3010893,6.352191157999223
3010894,807.7979889343568
3010895,796.6065132069571
3010896,193.28775697804036
3010897,139.42719097643203
3010898,80.13587784861662
3010899,3223.3063962645165
3010900,18.843161419617303
3010901,1.2157010339440992
3010902,10.566400422439068
3010903,11.846645575998553
3010904,0.32194460130168867
3010905,245.7536380247414
3010906,15.867319647136839
3010907,13.852114729097142
3010908,1.2706657327466933
3010909,47.58231183893699
3010910,5.9514966695193126
3010911,359.7344513951572
3010912,235.20780087556946
3010913,6.8338312953554565
3010914,8.394074137214002
3010915,378.8424811616409
3010916,46.683359821735735
3010917,2244.7306220082874
3010918,0.13765866630576468
3010919,23.048653165726527
3010920,3.0403765851400903
3010921,0.2740549770871033
3010922,2.318971423901308
3010923,4037.1426479234515
3010924,0.0
3010925,440.49482391777883
3010926,5.242815376618453
3010927,1708.9516955670206
3010928,670.9044218730891
3010929,277.91214337526924
3010930,239.8066196583182
3010931,62.660026728769616
3010932,5458.953131650179
3010933,7.600470562668939
3010934,1.4068728481280974
3010935,28.93000381468047
3010936,21.995921491222692
3010937,0.18994373515893123
3010938,474.9322290847053
3010939,0.0
3010940,0.10458346376363539
3010941,5.745805129757953
3010942,23.923214068491365
3010943,1.4293531116264937
3010944,127.60244150181717
3010945,322.1342815436437
3010946,2.4995831423152834
3010947,7.653398190661568
3010948,186.86750880263236
3010949,66.88772100879902
3010950,1197.40070982702
3010951,0.0
3010952,6.921705823139341
3010953,5.183627927397521
3010954,0.0730247740193072
3010955,6.976765450561728
3010956,2789.260080873261
3010957,0.0
3010958,517.0692180343369
3010959,7.414644400375426
3010960,985.6144462410672
3010961,757.2463674139118
3010962,235.738262311986
3010963,134.88131648129425
3010964,97.57466089634366
3010965,3655.768853816484
3010966,28.76322652844002
3010967,1.0404012559397096
3010968,16.967790801398422
3010969,24.56899368150778
3010970,0.22568373512574494
3010971,259.7208560058247
3010972,10.204827606914964
3010973,11.239932763920716
3010974,6.040897689665908
3010975,55.82740636566404
3010976,9.107281699785247
3010977,184.19052883604977
3010978,365.8363728128381
3010979,11.096878669981404
3010980,9.091085490585348
3010981,199.67339024982311
3010982,55.21112550877836
3010983,2072.5319423297574
3010984,0.5104894500944619
3010985,6.461517264499339
3010986,2.4429484113033575
3010987,0.0
3010988,5.161745247827819
3010989,2704.46148832669
3010990,0.0
3010991,556.7872637089604
3010992,7.845767732189762
3010993,762.1064321788575
3010994,836.8931582475774
3010995,178.96319094734258
3010996,134.571606813666
3010997,97.62489525853925
3010998,3206.950136773407
3010999,29.554084291937695
3011000,0.8340956700150473
3011001,19.69002274426313
3011002,14.061596050180183
3011003,0.11456423361121865
3011004,242.48642818075723
3011005,12.617973313414417
3011006,29.25117362308912
3011007,5.4190932880124985
3011008,52.592786023455474
3011009,8.84646056262941
3011010,216.10050718481446
3011011,247.88207138791208
3011012,6.928228839680743
3011013,8.134972052077828
3011014,210.91422550450838
3011015,58.321298051563716
3011016,2344.609411937864
3011017,0.15809718455704197
3011018,14.476724473863499
3011019,3.33301487225141
3011020,0.12050461223503746
3011021,3.048926660249343
3011022,4871.133770075686
3011023,0.0
3011024,598.6002583997351
3011025,9.305369581424205
3011026,1203.1051349749355
3011027,717.9688918008479
3011028,295.053454540006
3011029,383.98470183308837
3011030,48.24785864981087
3011031,4901.638252202908
3011032,7.659565831378419
3011033,0.1327454007368029
3011034,12.623511158751056
3011035,15.291276877686016
3011036,0.13085780587423648
3011037,257.14887725433147
3011038,0.0
3011039,2.6778923923149307
3011040,0.9209957760703997
3011041,42.00599758702315
3011042,2.61630077501249
3011043,194.50737216091656
3011044,287.874998773819
3011045,2.6163752714660355
3011046,2.597451170269925
3011047,167.48523825569052
3011048,124.65721932745963
3011049,913.8485226518085
3011050,2.2979900614161854
3011051,0.6445799323623618
3011052,12.115959564148715
3011053,0.0
3011054,14.913447718038926
3011055,9161.951730488976
3011056,0.0816279257776062
3011057,1576.0415929296844
3011058,23.841630806632725
3011059,2353.8068873929838
3011060,2328.029721445109
3011061,556.8518289816474
3011062,581.2165295888001
3011063,371.9938537060801
3011064,9218.525286020778
3011065,83.28475299043028
3011066,3.76507274298326
3011067,86.94026233020205
3011068,96.73169518233536
3011069,0.6976106792973167
3011070,697.7925366532937
3011071,30.379152755613518
3011072,17.10721802614138
3011073,18.530197719466436
3011074,222.55644258656045
3011075,21.835450145464225
3011076,759.1748690614435
3011077,562.3150748991392
3011078,31.54823118464465
3011079,33.40020470450186
3011080,1102.3830635435659
3011081,340.2579870265336
3011082,8559.040049999052
3011083,142.70889445481347
3011084,80.94127991393323
3011085,12.46064565539655
3011086,0.0
3011087,11.5278981083164
3011088,8593.13550174366
3011089,0.10170455825528874
3011090,1228.451724816486
3011091,19.735247895946696
3011092,2612.1466191570303
3011093,2173.6104563778626
3011094,680.7463214011481
3011095,377.7781875299409
3011096,271.95904298906055
3011097,10518.096900287212
3011098,130.6572428654231
3011099,1.4370647510466656
3011100,48.638211486973724
3011101,75.21876345847159
3011102,0.7307449485867343
3011103,687.6963727912579
3011104,24.70554091205609
3011105,21.879937388939
3011106,12.669884047003206
3011107,130.1147308502612
3011108,15.164236456803746
3011109,1000.0346596109782
3011110,763.1591318325899
3011111,17.743896549481633
3011112,28.774995744443455
3011113,1196.0212612557368
3011114,236.4936400332396
3011115,5776.83738186832
3011116,154.91228292020412
3011117,83.45191364204963
3011118,8.751861044050193
3011119,0.0
3011120,14.193398775196268
3011121,5905.801072414653
3011122,0.17457519381681877
3011123,948.8075628860649
3011124,11.445339220198807
3011125,2231.3111422880743
3011126,1721.7914601195978
3011127,740.9033363197573
3011128,136.8883930198644
3011129,213.4871667974461
3011130,9240.544547018611
3011131,41.29366534338429
3011132,1.5105482596833708
3011133,23.989623337173658
3011134,23.888761409353247
3011135,0.4532881838462926
3011136,618.0948538473748
3011137,25.186825359986482
3011138,18.745339335060006
3011139,7.462947712588338
3011140,88.06890952709412
3011141,7.596886947903249
3011142,925.5587388806205
3011143,723.4415611887749
3011144,19.553024523171374
3011145,37.53296440549773
3011146,766.8708731897029
3011147,159.78618559526643
3011148,2721.7076115457394
3011149,124.21326385977144
3011150,35.996339042981276
3011151,11.577840578434127
3011152,0.0
3011153,14.444315950251204
3011154,7536.511488073494
3011155,0.1375423890378514
3011156,1181.0054772205674
3011157,18.029107811027636
3011158,2467.731390738146
3011159,2122.3699380735243
3011160,656.7023388329994
3011161,346.9362516483921
3011162,234.61602762916897
3011163,10209.306011083212
3011164,48.87767686948686
3011165,1.3210109058909114
3011166,50.464689154300885
3011167,72.85725349641288
3011168,0.4061963244759516
3011169,667.1028962121926
3011170,27.49739699839373
3011171,17.889030875596514
3011172,11.585424112078377
3011173,122.30573348846772
3011174,10.843498872760259
3011175,766.9137873910455
3011176,699.5619876003431
3011177,20.035446748133964
3011178,24.6659128920435
3011179,1197.8037266315964
3011180,230.2306871376111
3011181,5200.111193573081
3011182,228.47625105803854
3011183,68.48932216321889
3011184,9.938977616742045
3011185,0.0
3011186,14.768059474245504
3011187,4359.781389169943
3011188,0.06726599256212767
3011189,850.8935160676557
3011190,15.317978076878727
3011191,2230.882853135031
3011192,1261.472432987441
3011193,629.8592625127782
3011194,104.26656782892658
3011195,146.30894006008322
3011196,8118.626100147492
3011197,36.17028375611163
3011198,0.5624642035433551
3011199,23.943233970306313
3011200,49.46029286533683
3011201,0.21046941914937511
3011202,610.5828444453371
3011203,24.571457590687594
3011204,7.925844959359974
3011205,4.369447667443473
3011206,72.36755365559947
3011207,4.5418556870730775
3011208,812.6072830277321
3011209,709.7020806004862
3011210,15.517982246398855
3011211,22.89277899654356
3011212,793.3815595148353
3011213,88.13939973154385
3011214,1764.5643395343689
3011215,119.56141699132138
3011216,19.048013245289937
3011217,9.928988844865993
3011218,0.0
3011219,9.806672280785541
3011220,6950.156613061887
3011221,0.07689958995789636
3011222,1267.7419915837218
3011223,22.134023136915594
3011224,1964.007778531589
3011225,2255.075210615647
3011226,443.92836819046875
3011227,462.29537022684735
3011228,304.0225271280019
3011229,8152.392748314415
3011230,61.42100438018172
3011231,1.6320649386474781
3011232,43.7869881824406
3011233,57.14835009377621
3011234,0.4636017609850495
3011235,526.2057284801373
3011236,20.952687959948182
3011237,19.292677212032963
3011238,8.842107043655366
3011239,172.97034774946673
3011240,17.452615669342507
3011241,787.7535787876042
3011242,532.4569782321967
3011243,18.47697120568736
3011244,31.000769110279144
3011245,1063.1962483603809
3011246,237.41074800770178
3011247,7713.7695019936855
3011248,160.4823097472683
3011249,80.69481129571669
3011250,4.487249179576167
3011251,0.22654299647919596
3011252,5.807864912592548
3011253,2015.8997944875405
3011254,0.0
3011255,377.8504850935369
3011256,17.79440632904944
3011257,979.7415810110143
3011258,615.2538116510125
3011259,228.64034110173486
3011260,84.32898400515559
3011261,77.90071991314808
3011262,3201.7412677937127
3011263,48.842410227919494
3011264,1.038307121119041
3011265,20.407220172268286
3011266,23.571260509039817
3011267,0.44623219914322837
3011268,265.3215328187588
3011269,11.246247802318244
3011270,6.4541975573461885
3011271,10.287040109747604
3011272,36.19092178112595
3011273,5.448234803938264
3011274,256.39859204269146
3011275,267.69828631956267
3011276,2.9236888658676694
3011277,6.429713972354594
3011278,225.34851484477647
3011279,62.70025506295525
3011280,1522.7893690577503
3011281,0.6054285086961664
3011282,8.3020448200447
3011283,7.645154552061708
3011284,0.0
3011285,11.70379547089935
3011286,4287.666495478447
3011287,0.134453747144022
3011288,597.4613989555354
3011289,26.482112615385738
3011290,1729.2891383691897
3011291,1117.8129280984956
3011292,474.2528143115448
3011293,110.04066868261185
3011294,114.15258507000374
3011295,6288.226874977778
3011296,79.65555206218905
3011297,0.9139049765715173
3011298,39.0736002461015
3011299,39.39576365416502
3011300,0.23490240191356682
3011301,458.48213969292766
3011302,23.180965154299567
3011303,5.757515351661658
3011304,1.6486096578844567
3011305,87.88675690287637
3011306,7.198756543711426
3011307,522.4911248421805
3011308,558.5890263837034
3011309,9.518558866029391
3011310,19.74134345936115
3011311,398.1172441230428
3011312,73.86827838285174
3011313,2154.5341922463713
3011314,87.03307673932642
3011315,15.152262145040329
3011316,5.427226574124504
3011317,0.0
3011318,4.804334795185328
3011319,4533.183764941448
3011320,0.12710164094320936
3011321,921.7103081506044
3011322,6.919548431212231
3011323,1455.9962542517417
3011324,1499.4036212469503
3011325,258.07744290829305
3011326,339.2398290802349
3011327,222.23720897641581
3011328,5283.213165747481
3011329,34.71293176836193
3011330,1.135647835031143
3011331,27.751830632975484
3011332,36.75593660187273
3011333,0.47734364479520364
3011334,366.39555465457687
3011335,1.7839296577966333
3011336,31.962913604431414
3011337,4.6341256271144795
3011338,83.34837568081471
3011339,9.399021891589506
3011340,547.2412177882153
3011341,317.0967912805188
3011342,19.303050378934497
3011343,8.256008232791332
3011344,702.1550613280338
3011345,127.0166124075605
3011346,5113.369048508735
3011347,3.583855693033989
3011348,40.17551402875595
3011349,9.739121899137773
3011350,0.0
3011351,7.0748703155597195
3011352,4170.4824528744075
3011353,0.0
3011354,823.926199627378
3011355,10.207464264453494
3011356,1499.5282872860769
3011357,1151.382959755231
3011358,338.4514927119853
3011359,195.8896584490371
3011360,221.50449991163543
3011361,5531.689140183822
3011362,55.29539306408592
3011363,2.3188578253923926
3011364,44.78786318524352
3011365,58.45696516659726
3011366,0.19449008099366338
3011367,321.0553154684644
3011368,8.469623719386124
3011369,25.724269241508946
3011370,5.472936570882714
3011371,158.74686706793545
3011372,6.627654442781413
3011373,381.8556489613509
3011374,305.10044389554554
3011375,12.261858863260425
3011376,7.33850289354308
3011377,401.95343714047146
3011378,116.68279585740525
3011379,4529.969206398909
3011380,2.686022197704788
3011381,6.707474770922576
3011382,8.420678151257817
3011383,0.08006335755214214
3011384,5.217363948201315
3011385,2330.0003564421054
3011386,0.0
3011387,500.4533462735702
3011388,5.439145238996014
3011389,975.2274354830618
3011390,549.7209526047384
3011391,236.84247457925642
3011392,86.97169114589572
3011393,87.28450334322835
3011394,3282.1797281546887
3011395,14.318700966859303
3011396,0.921063920097027
3011397,19.23963823989905
3011398,23.887419661248867
3011399,0.09746034661807294
3011400,224.04155748760726
3011401,3.127616937283886
3011402,7.993221716099315
3011403,4.201865947301331
3011404,56.80979231231203
3011405,3.0994913893352622
3011406,233.82229313936324
3011407,230.76702410842415
3011408,4.593926512655278
3011409,6.065085906849253
3011410,166.97330852529117
3011411,58.675840214916875
3011412,1911.1437371291784
3011413,0.27545593490607245
3011414,2.6983939586035754
3011415,5.286248124233349
3011416,0.0
3011417,1.5846697183872163
3011418,3319.051590511791
3011419,0.0
3011420,268.2841220402772
3011421,2.093868689156267
3011422,1313.1778165034827
3011423,262.20727295627
3011424,228.07066416209355
3011425,75.65243072570223
3011426,27.712942870394492
3011427,3353.7734804297543
3011428,4.7723366143055745
3011429,0.5237577488892846
3011430,21.07423363093554
3011431,12.345355924816902
3011432,0.08080920092053152
3011433,232.8435586575215
3011434,0.0
3011435,0.0
3011436,1.8919053048338164
3011437,12.389459346053085
3011438,0.6960795781543712
3011439,49.19833187578549
3011440,189.37232568297486
3011441,0.1590759171950076
3011442,1.7135834135712313
3011443,60.935612488023466
3011444,91.19387014367331
3011445,566.9136559007148
3011446,0.0
3011447,1.953786643243998
3011448,4.102958403841642
3011449,0.14147038601187045
3011450,6.085555098993534
3011451,3790.3514353248484
3011452,0.0
3011453,576.8955950077245
3011454,8.18115888255279
3011455,1268.5671938616183
3011456,1020.1355616881938
3011457,353.1492127846563
3011458,174.60392933064796
3011459,133.95770380520207
3011460,5145.762872758144
3011461,29.881130259112194
3011462,0.9430307689731092
3011463,26.238671529390075
3011464,46.43349985549022
3011465,0.10253820686403031
3011466,392.18051126499375
3011467,19.599489564337464
3011468,10.109117930033953
3011469,10.441942645928961
3011470,50.10926521175381
3011471,5.641044081186839
3011472,426.58848290043346
3011473,335.5913240258164
3011474,7.5089008524911165
3011475,10.879282480763752
3011476,531.9854679346786
3011477,84.0883369840741
3011478,2640.505232196267
3011479,0.0
3011480,35.08109242792486
3011481,4.197969230608373
3011482,0.12142023650910673
3011483,5.600865829147905
3011484,4171.528980000877
3011485,0.10532327254923689
3011486,781.4425187571975
3011487,13.550289100301775
3011488,1173.825115699742
3011489,1465.0373992649425
3011490,200.25282291902576
3011491,308.1316550330952
3011492,209.15465888773375
3011493,4368.348022725971
3011494,37.18582602414323
3011495,2.47568810355715
3011496,26.56460574284033
3011497,31.523872223027027
3011498,0.6276708503096005
3011499,291.4074690213593
3011500,13.291323529830512
3011501,31.535312856243785
3011502,6.595916446487486
3011503,102.57820759963869
3011504,10.386975774762266
3011505,489.35491742819966
3011506,283.7163739612636
3011507,6.31750300160323
3011508,12.308041698585164
3011509,700.089620522489
3011510,149.92598317242394
3011511,5643.163552197665
3011512,0.31210792274255605
3011513,45.55387263343384
3011514,4.399093971564446
3011515,0.19469745049595075
3011516,9.242249088448878
3011517,4420.377107429078
3011518,0.09733970429467173
3011519,868.2932565500931
3011520,16.21884761735651
3011521,1207.4515192355038
3011522,1413.2461525840124
3011523,289.2705283693719
3011524,323.101408379287
3011525,154.48394348938163
3011526,4736.17019788609
3011527,33.863847167659124
3011528,3.3126682505492715
3011529,31.241861094798253
3011530,43.4886041941541
3011531,0.27067581125552764
3011532,353.6629753833771
3011533,24.707744650704313
3011534,25.032665145672304
3011535,22.366209706699742
3011536,103.04835111757038
3011537,15.860437103598116
3011538,429.6688047821211
3011539,330.6211234929938
3011540,17.709294796487033
3011541,18.307318885352995
3011542,627.804928966403
3011543,151.1525209430975
3011544,4570.28416224009
3011545,0.37190476373961356
3011546,38.07553142327143
3011547,8.780496134143945
3011548,0.18961931182353786
3011549,5.938384548184672
3011550,3546.6860504133942
3011551,0.0
3011552,596.9054469388948
3011553,10.029850533950452
3011554,1875.025178887865
3011555,850.8462977258405
3011556,530.0123512399404
3011557,316.42559149407793
3011558,72.20383612442231
3011559,6597.1592449466925
3011560,9.820199449336863
3011561,0.8424628073078992
3011562,42.1250484483426
3011563,36.054775811809584
3011564,0.07451663956454166
3011565,460.09381362966957
3011566,10.786140009548912
3011567,3.7405984594399877
3011568,5.699112137934237
3011569,36.93911013705322
3011570,2.460973347643733
3011571,337.65264330428454
3011572,431.04967133597614
3011573,6.846751912981583
3011574,6.731851960725537
3011575,397.0884773657181
3011576,89.81482758318755
3011577,1436.058725090112
3011578,94.86586894998717
3011579,13.141971004037009
3011580,3.926588515743415
3011581,0.0
3011582,2.5442504489918973
3011583,2168.8145122581836
3011584,0.19682007076018748
3011585,357.2647177155733
3011586,14.312050095781784
3011587,713.3804476499133
3011588,686.0685593598425
3011589,141.42598554243693
3011590,133.86518262586438
3011591,111.09147242146001
3011592,2668.60713048385
3011593,21.14165467856792
3011594,1.5312972390110886
3011595,18.570507728712457
3011596,27.050527774234315
3011597,0.43659008210613875
3011598,195.7839796036348
3011599,10.878930517215887
3011600,15.469747578268922
3011601,6.056690650240815
3011602,78.67192790154199
3011603,5.562754944939724
3011604,279.3653807015637
3011605,155.24184994983415
3011606,3.898521735935841
3011607,10.419079625692598
3011608,337.7620559871135
3011609,65.06446883553927
3011610,2290.7998304164976
3011611,0.0
3011612,23.885713929155038
3011613,0.963838827533499
3011614,0.0
3011615,1.5237402203016055
3011616,1232.9520015865742
3011617,0.0
3011618,101.17929873869232
3011619,2.11626027603844
3011620,647.1249474696024
3011621,256.91463262075115
3011622,216.7466397003748
3011623,35.52783063458608
3011624,23.35735577521103
3011625,2384.3513403999727
3011626,4.086089068458874
3011627,0.13618398078607588
3011628,6.466872159448995
3011629,6.187945521806915
3011630,0.03355783112437952
3011631,150.67118374033655
3011632,2.00354395187578
3011633,0.0
3011634,0.7131724774560229
3011635,7.5949609210958435
3011636,0.3359075865709661
3011637,154.76821601810624
3011638,155.8407400954374
3011639,0.6750746533392789
3011640,2.8556701238593094
3011641,126.32759466244781
3011642,20.303900543026472
3011643,314.1833348336167
3011644,5.258330888779594
3011645,1.6390254200390832
3011646,5.551673257639967
3011647,0.22086841434845575
3011648,4.407540039268957
3011649,3956.3077774755307
3011650,0.0
3011651,686.7540309271668
3011652,9.02725812999445
3011653,1758.6479070734906
3011654,620.3548030718895
3011655,475.50675906275404
3011656,314.0019569256326
3011657,71.21646513792852
3011658,6705.243054976857
3011659,24.056170516275316
3011660,0.4467613737599087
3011661,20.329888693160736
3011662,16.228750457109943
3011663,0.07636269982748842
3011664,456.7621969804598
3011665,9.105045337539641
3011666,2.346844825962688
3011667,6.965968731144386
3011668,25.35217607249048
3011669,2.268781136299556
3011670,535.0014872726947
3011671,365.45341110739867
3011672,1.7223328620514824
3011673,10.750111090769638
3011674,404.34654586986403
3011675,97.88524945689403
3011676,2117.846419790445
3011677,6.081494555782589
3011678,6.876565871588923
3011679,3.7715132678797625
3011680,0.004804020842837323
3011681,0.31448523894948216
3011682,1391.8227696954032
3011683,0.0
3011684,160.84134354362163
3011685,6.595482860813295
3011686,934.263280444262
3011687,356.2610919623319
3011688,201.06357199501983
3011689,51.2737792460881
3011690,30.71341196784433
3011691,2604.106777053772
3011692,6.276483942065117
3011693,0.43482953273979535
3011694,12.90184714806402
3011695,12.60489190162277
3011696,0.2466925535390356
3011697,159.51018147413362
3011698,5.179917829611602
3011699,0.0
3011700,6.764567561530861
3011701,26.715131174954376
3011702,1.0067373343678447
3011703,170.14886772839137
3011704,160.1267132455187
3011705,0.8486669988093374
3011706,4.568067165319637
3011707,150.88476284100295
3011708,31.9118116855797
3011709,389.82897556853203
3011710,8.95377644676753
3011711,3.5429812495033417
3011712,3.2553459121397035
3011713,0.0
3011714,3.2745957546840083
3011715,1275.2018270008873
3011716,0.0
3011717,133.17591893370712
3011718,3.7914968059049032
3011719,777.502505936801
3011720,250.96957750453234
3011721,163.35599965665693
3011722,44.70497172517359
3011723,25.449218110663256
3011724,2457.1574268114587
3011725,7.995861672996298
3011726,0.07408784265925598
3011727,10.47421405364226
3011728,6.574202248597998
3011729,0.04810908051792816
3011730,132.11816892520477
3011731,0.9918197701316713
3011732,0.0
3011733,1.6850590740010594
3011734,23.56610734566887
3011735,0.6843700514165529
3011736,169.09582232148554
3011737,167.8038593882704
3011738,0.2913161088643782
3011739,4.481678791260959
3011740,89.40863239241094
3011741,20.379681600865375
3011742,214.9207856505884
3011743,11.099068575196558
3011744,2.0893021020368137
3011745,2.6091933746157174
3011746,0.0
3011747,1.7843153900584139
3011748,1355.806252545627
3011749,0.0
3011750,161.84216821839297
3011751,5.0839820644669125
3011752,1159.5661478710122
3011753,342.64706870040004
3011754,244.01169371007438
3011755,31.072912331454653
3011756,35.70003130054399
3011757,2725.133499018554
3011758,8.122581134004193
3011759,0.2760481689371785
3011760,7.43311711232216
3011761,15.398367063061695
3011762,0.10693287556233556
3011763,189.49138981428393
3011764,0.71663749244202
3011765,0.0
3011766,2.1239740361848454
3011767,16.498549044617047
3011768,1.2983127135492745
3011769,227.51420612967985
3011770,237.77924532297266
3011771,0.7206899809178313
3011772,3.4133450673768033
3011773,66.95028814954061
3011774,80.93370503229313
3011775,491.25674002506327
3011776,7.446428359945216
3011777,2.734937726464195
3011778,2.6786688239680143
3011779,0.6799192680753132
3011780,2.407751136684571
3011781,1689.3031880117087
3011782,0.0
3011783,148.6825697957423
3011784,1.466072288251326
3011785,854.0385302777472
3011786,342.0321430581576
3011787,246.59391244853538
3011788,78.65485723077984
3011789,53.45262806479333
3011790,2642.299689078544
3011791,5.814831676922545
3011792,0.40485807299164916
3011793,12.021358758659495
3011794,17.5040531031282
3011795,0.11383868455971283
3011796,211.13047925947427
3011797,7.303659486265225
3011798,0.0
3011799,2.2966464394960893
3011800,13.381133177165472
3011801,1.1277241981987896
3011802,124.65035907554906
3011803,172.472187646761
3011804,0.6339934024780496
3011805,4.217469024408214
3011806,103.61965990266684
3011807,50.031148163298006
3011808,928.1897906098677
3011809,16.30059472479615
3011810,4.1450384403478004
3011811,2.9000618095396153
3011812,0.048690396717634844
3011813,0.4499348838012745
3011814,1262.5638669817115
3011815,0.0
3011816,148.1807297818887
3011817,3.7353945419170618
3011818,700.2601575098407
3011819,225.87660142765444
3011820,155.76292728091067
3011821,105.00641005466967
3011822,21.156686009248528
3011823,1814.3020571395264
3011824,2.8030196091894135
3011825,0.2637962148293105
3011826,6.382411811756897
3011827,9.13854023006903
3011828,0.0823431335840327
3011829,150.73880167096343
3011830,0.0
3011831,0.0
3011832,1.5027436223778166
3011833,31.214151666603378
3011834,0.8240941655985237
3011835,49.3695578111861
3011836,123.06602808619125
3011837,0.5050324584460331
3011838,2.0251631893605957
3011839,61.23472929824627
3011840,35.85425724728466
3011841,809.3062223862731
3011842,0.0
3011843,0.6492518961971903
3011844,5.280810657252367
3011845,0.3569176113212734
3011846,2.764045238536183
3011847,2880.1896630269807
3011848,0.0
3011849,315.23049874534286
3011850,3.40604862671196
3011851,1118.5749341219012
3011852,647.9580640145834
3011853,468.0510949169016
3011854,174.25685500702193
3011855,81.04694202026327
3011856,4384.349910502384
3011857,12.94886442837024
3011858,0.9843629957222215
3011859,17.427909915375487
3011860,19.531660956758095
3011861,0.18925866221085677
3011862,266.4645279439851
3011863,0.6982391787721138
3011864,0.0
3011865,5.230314104513531
3011866,20.228963677686608
3011867,1.9240241206282565
3011868,264.71165363996187
3011869,246.55226487213608
3011870,1.3543089228457137
3011871,6.173548222987453
3011872,323.3844725061245
3011873,49.085399973174795
3011874,2029.1046993749371
3011875,5.072105387978844
3011876,12.534997511087125
3011877,1.7005350033973516
3011878,0.0
3011879,3.014245950227
3011880,1987.0794426576551
3011881,0.0
3011882,459.05785468393026
3011883,3.476352922019352
3011884,463.3681036387852
3011885,515.8533652374346
3011886,182.21827459158553
3011887,128.9640506044799
3011888,13.943696589046311
3011889,2541.5042243748535
3011890,5.432900681004743
3011891,0.3271836644056724
3011892,13.52370889172451
3011893,11.411659060697591
3011894,0.016806979006336736
3011895,154.31557130923292
3011896,3.2570175828746724
3011897,4.6479653796381575
3011898,4.988447506180299
3011899,33.07864348881811
3011900,1.0999978195000866
3011901,19.51423043239177
3011902,132.38048264737634
3011903,2.124535828340492
3011904,4.051431713630738
3011905,33.36474785771871
3011906,17.922228578227152
3011907,2748.2679899079108
3011908,44.82682468357052
3011909,5.943445241889413
3011910,4.73856779965864
3011911,0.4108927476993672
3011912,3.3131830098493475
3011913,2077.3218941377077
3011914,0.0
3011915,162.34918990562565
3011916,5.32745578525331
3011917,743.8013615152157
3011918,304.39279021027716
3011919,263.4429618969051
3011920,54.22671359481364
3011921,35.82972856534656
3011922,2802.712735828463
3011923,18.87414744139148
3011924,0.655813252948662
3011925,10.111264261236562
3011926,10.290359041272211
3011927,0.07735734643467697
3011928,154.22438917994504
3011929,5.0427289310895125
3011930,0.0
3011931,3.30147478044063
3011932,32.68365067363952
3011933,1.5190332351269222
3011934,124.49883532556451
3011935,139.61116576931255
3011936,0.7263232350560715
3011937,3.614592218116111
3011938,92.6608641343577
3011939,24.47163831053828
3011940,518.5472655910256
3011941,15.766393904998967
3011942,3.0363524106839312
3011943,4.035127114704534
3011944,0.03955020753170944
3011945,6.1376313415032575
3011946,2679.73366060263
3011947,0.0
3011948,610.5410882717033
3011949,9.03409928260885
3011950,841.2552721377382
3011951,812.1742434726762
3011952,197.8251310039633
3011953,152.33252163965625
3011954,88.0970755370775
3011955,3619.6440368649896
3011956,35.74934300966619
3011957,0.943035651677947
3011958,13.426308482841904
3011959,21.24920595544659
3011960,0.29505352670033763
3011961,241.00764659710055
3011962,18.91769644368996
3011963,9.10915338462181
3011964,3.9438925543304126
3011965,65.09993019208981
3011966,6.2863948551662565
3011967,394.4740286245484
3011968,237.7447394783535
3011969,7.663281840596618
3011970,7.790034070002957
3011971,403.5450042384987
3011972,94.577690785178
3011973,2189.951437281562
3011974,0.0
3011975,27.00696098724092
3011976,4.8677295593559515
3011977,0.08105378784252486
3011978,4.6606838331167655
3011979,2750.2741764703437
3011980,0.0
3011981,394.5867300124602
3011982,5.099629381351601
3011983,1262.7381425741264
3011984,579.4837761227211
3011985,514.1255051682563
3011986,87.76640558409136
3011987,58.84070363879032
3011988,4167.949103518816
3011989,8.299871258534859
3011990,0.34362833688204464
3011991,14.278050903664862
3011992,11.827691248342358
3011993,0.007561223730752697
3011994,261.91998634150485
3011995,2.3227885220057813
3011996,7.977560674817646
3011997,3.93159894004852
3011998,24.50365265927656
3011999,0.8298871229186151
3012000,226.52630260145466
3012001,267.49575433391374
3012002,2.8503238395562147
3012003,3.7053969921235286
3012004,234.07875822052964
3012005,50.998740374165884
3012006,1247.8202822116998
3012007,9.40268952117885
3012008,8.17585236791685
3012009,7.765775651103423
3012010,0.3533344675621903
3012011,4.1963355093713615
3012012,2597.0575948049363
3012013,0.0
3012014,405.637031847033
3012015,4.737822151894226
3012016,1288.0354195457885
3012017,532.6742092447245
3012018,304.01599970574364
3012019,205.18062011344077
3012020,58.763766329777205
3012021,3588.2841537856475
3012022,12.443411390190455
3012023,0.291107796894666
3012024,34.7467361868004
3012025,26.71613088837961
3012026,0.14400337359479565
3012027,275.3880792765755
3012028,2.351029469307548
3012029,3.324799889602839
3012030,8.02618790549684
3012031,70.47359744946236
3012032,1.33908306907898
3012033,96.10949226658208
3012034,247.37288611395
3012035,1.701232247474691
3012036,5.727634830653131
3012037,149.13484048090098
3012038,126.48790866632861
3012039,2034.3307338301934
3012040,0.48513852100699434
3012041,6.136043438030658
3012042,3.5873466971094894
3012043,0.11521204565569163
3012044,1.190045111833637
3012045,1411.0995872327276
3012046,0.0
3012047,127.17951635741372
3012048,5.60376563794218
3012049,549.6876010828105
3012050,270.300032030373
3012051,140.43288928884266
3012052,47.052299523285186
3012053,34.6079042859274
3012054,2265.4383929719606
3012055,8.14594352566496
3012056,0.3952175016387544
3012057,17.436860505582924
3012058,14.45483720381989
3012059,0.026662709966371545
3012060,154.22659749583218
3012061,0.8725989852744225
3012062,0.0
3012063,3.7667649029230477
3012064,32.847424474703004
3012065,1.8277291644512395
3012066,75.7204495085642
3012067,136.4194916148858
3012068,0.757912108811253
3012069,4.771529046132474
3012070,117.7235365747205
3012071,29.001327314882083
3012072,540.0920794404435
3012073,8.578396163457437
3012074,1.575627149617274
3012075,1.2600296551470453
3012076,0.0
3012077,2.0044340950009514
3012078,1234.3172978684538
3012079,0.018127194425189605
3012080,257.24185432229075
3012081,10.121402588238192
3012082,462.9981290999177
3012083,440.1920407388138
3012084,115.5624797610501
3012085,44.202335714058606
3012086,49.598712935734866
3012087,1910.8948955613864
3012088,23.330730398563038
3012089,0.33527464295289044
3012090,10.89530875518551
3012091,9.629320745239411
3012092,0.12615424049369559
3012093,114.04422284398066
3012094,9.407748302638504
3012095,1.0533242082104364
3012096,3.3920545964239803
3012097,41.69532217167232
3012098,4.182867335227003
3012099,526.6327990591388
3012100,130.40517995585995
3012101,2.757692196577802
3012102,3.765931672807308
3012103,288.62532669293694
3012104,29.829578627304386
3012105,1092.141388917162
3012106,0.0
3012107,7.620580409772458
3012108,2.2973937388600363
3012109,0.18183915343411455
3012110,5.102929976902364
3012111,3148.5615928092775
3012112,0.06792694140374059
3012113,675.7922962365402
3012114,12.471412202063494
3012115,982.8973724696096
3012116,1155.6772624160008
3012117,242.12774051478496
3012118,196.88252288321775
3012119,136.6462750970997
3012120,3681.6537075390074
3012121,27.50739621490895
3012122,0.6356477492493202
3012123,19.931855447955066
3012124,33.139592674805776
3012125,0.059157233782344526
3012126,236.38487004922445
3012127,10.982369229859371
3012128,27.64763482866369
3012129,7.490185527270306
3012130,79.08751069674098
3012131,8.746611109894904
3012132,317.1052151753321
3012133,247.550744276295
3012134,15.454692055014807
3012135,7.89183936209184
3012136,404.6562691798611
3012137,95.06908530658518
3012138,3060.16585833219
3012139,0.0
3012140,19.795170124828594
3012141,1.5623460413557155
3012142,0.0
3012143,2.3138756683621664
3012144,1125.0826819761126
3012145,0.0
3012146,209.55351160158483
3012147,2.5580927558252515
3012148,244.2498799467584
3012149,352.9388440968132
3012150,92.62252419894332
3012151,26.821441945100165
3012152,26.939781469165474
3012153,1194.2499978400986
3012154,9.778111820382097
3012155,0.28210104714085427
3012156,8.460102603302868
3012157,10.684322950903406
3012158,0.0
3012159,59.78996830217398
3012160,0.0
3012161,8.460885902117774
3012162,1.4850173380774683
3012163,90.336639272376
3012164,3.763659721752208
3012165,52.96798249392628
3012166,70.75467439191111
3012167,2.0647671873981706
3012168,3.5044574813175675
3012169,47.30862410603132
3012170,17.313011116217695
3012171,695.1296067040637
3012172,0.3039743126237938
3012173,1.313261133094866
3012174,3.3115501598739607
3012175,0.0
3012176,0.18636636228837952
3012177,917.8712953232412
3012178,0.0
3012179,192.99782737787075
3012180,3.8954671016413887
3012181,331.7164713839785
3012182,202.18374489906122
3012183,71.0468671151725
3012184,27.136554878800283
3012185,23.650446124484414
3012186,1367.3919451452334
3012187,9.304024754427509
3012188,0.5267788859452691
3012189,8.44641563991158
3012190,8.665767098276033
3012191,0.23037538487980969
3012192,72.94145075661392
3012193,0.18010890142973676
3012194,2.6259759595860714
3012195,0.6363585095896747
3012196,15.863220868558518
3012197,0.25656288275019007
3012198,191.21960704622057
3012199,125.07346424234326
3012200,1.7315032286336427
3012201,0.7773253843784222
3012202,112.15334230204967
3012203,20.27854525640731
3012204,331.61981935626
3012205,0.332509721724241
3012206,1.2241436849917822
3012207,4.564869527931543
3012208,0.12568601802043583
3012209,1.6341705070691264
3012210,2625.090686673692
3012211,0.12701944305834242
3012212,555.3448079410247
3012213,10.91224538091622
3012214,746.0118929085875
3012215,829.4496863712723
3012216,242.7422247381058
3012217,199.94363703813502
3012218,75.78703133064528
3012219,3362.860924817671
3012220,18.651554922111135
3012221,1.8895740683122932
3012222,21.648460259180897
3012223,22.30047118970164
3012224,0.24010031339593804
3012225,221.17998115998438
3012226,4.3432192276709225
3012227,21.584259136523887
3012228,5.221173421569816
3012229,71.58205210951512
3012230,2.808789988662133
3012231,232.74214667079463
3012232,203.48203215480063
3012233,6.998100001884234
3012234,6.867900383346674
3012235,317.15232194930195
3012236,67.64695011179901
3012237,2218.7031584547763
3012238,0.7164365894710736
3012239,10.937174480783746
3012240,6.368574506203794
3012241,0.018577610619686855
3012242,3.642299745931026
3012243,3076.6290299788025
3012244,0.0
3012245,619.4399523013441
3012246,11.76392971998242
3012247,1269.2039493817176
3012248,940.2852135244402
3012249,355.8889946176056
3012250,283.1206599076239
3012251,57.67621578924412
3012252,4361.288280967
3012253,9.120295231326402
3012254,0.6892493940604805
3012255,31.093556658325333
3012256,13.70255596908232
3012257,0.440315876560334
3012258,270.0879173758022
3012259,0.0
3012260,4.9545280119298996
3012261,3.521464110289547
3012262,29.775835526934294
3012263,1.0860994485242448
3012264,186.51435239413954
3012265,333.4059313940418
3012266,3.5088169884382507
3012267,3.111088002356638
3012268,220.02768914649045
3012269,81.04979591361615
3012270,2671.1554012040756
3012271,1.542034497495373
3012272,3.1151952328717147
3012273,5.110956827010631
3012274,0.2326840377049371
3012275,2.6238933903492043
3012276,2763.169453504421
3012277,0.0
3012278,613.4801479543435
3012279,9.35730840261599
3012280,964.6347047588218
3012281,686.6139952989494
3012282,254.56962674599382
3012283,199.0521712289278
3012284,54.24462694690265
3012285,3679.8105165242205
3012286,13.853816749403322
3012287,0.8947891571779536
3012288,23.233838704722267
3012289,14.026312627589615
3012290,0.059687412639364466
3012291,231.71620220010584
3012292,0.0
3012293,6.27832401738255
3012294,3.658760590670708
3012295,53.96003313154013
3012296,1.226117752515723
3012297,114.27657490781797
3012298,273.6002342135116
3012299,4.458332827822583
3012300,3.463464034469614
3012301,187.73097601524162
3012302,59.09585650197431
3012303,2174.8368991449775
3012304,1.2677068888877598
3012305,4.801595709996277
3012306,9.435455597393071
3012307,0.8170207041837341
3012308,11.75953462647857
3012309,7054.236997467219
3012310,0.10243212043850843
3012311,1103.9059149671848
3012312,31.013463423100013
3012313,1767.8348617245606
3012314,1821.8294579218602
3012315,323.5341810959323
3012316,386.6886216411899
3012317,291.22670460968084
3012318,6949.530439991984
3012319,68.95775316125477
3012320,2.3827475663104862
3012321,41.12810862662061
3012322,53.38633548086885
3012323,0.9824973802806687
3012324,477.9769396859025
3012325,30.967120982622447
3012326,48.9319966405981
3012327,21.00541557493525
3012328,147.80729743269643
3012329,20.5345118481936
3012330,572.4600670655757
3012331,456.6364767802627
3012332,15.60153738454277
3012333,19.536358786754263
3012334,907.4540620397725
3012335,262.2712508811443
3012336,6538.797025842974
3012337,0.793438410262447
3012338,76.34657702165273
3012339,2.7170697082799595
3012340,0.2768083395144478
3012341,0.6450968880638539
3012342,1515.5655562815368
3012343,0.0
3012344,164.3645288601121
3012345,2.6453064414316696
3012346,1038.8212412577861
3012347,274.4364340864627
3012348,113.09900449137432
3012349,118.13136297193073
3012350,40.06202454949033
3012351,1935.1156358941653
3012352,2.2006408520596885
3012353,0.23141638252762353
3012354,11.1561834397826
3012355,8.100346408765771
3012356,0.2377144138228353
3012357,193.2984911761956
3012358,0.2765336178032607
3012359,0.0
3012360,2.3303909921105954
3012361,21.742313076895698
3012362,0.4752899235796729
3012363,64.83061168721491
3012364,93.17835366106358
3012365,1.276566363442508
3012366,4.327348133951392
3012367,97.02920993094351
3012368,21.272417988668803
3012369,1116.5040850300345
3012370,0.027653223263658624
3012371,4.016234081573687
3012372,5.457502789428964
3012373,0.20919035985050244
3012374,2.314032156800335
3012375,3412.4158319361068
3012376,0.0
3012377,555.1553407510853
3012378,8.116170872599826
3012379,1198.1479322112273
3012380,643.8467357195095
3012381,220.1991569132467
3012382,295.2012781694825
3012383,73.73247144346782
3012384,4235.266105977178
3012385,10.241348307043438
3012386,0.15063353085556103
3012387,19.781089310028044
3012388,18.95615055549755
3012389,0.09667359091973031
3012390,260.0435448676394
3012391,0.8335080805582531
3012392,4.2213672447822255
3012393,7.878363015410496
3012394,14.68641051816298
3012395,1.0648749880290262
3012396,285.18843355695026
3012397,263.5482560046815
3012398,2.6013958350372133
3012399,5.8210020778367415
3012400,128.22026642276737
3012401,55.50443083047953
3012402,2646.3850910304486
3012403,1.2322062304303185
3012404,4.325323759763156
3012405,1.0970132784242774
3012406,0.0
3012407,0.29282464657956403
3012408,974.1377351626296
3012409,0.0
3012410,98.55018741304121
3012411,2.558798590876724
3012412,912.6429803613069
3012413,142.93626368775833
3012414,86.41737877150238
3012415,144.12540683139818
3012416,15.142852686897822
3012417,1539.4912913026883
3012418,1.156709203322876
3012419,0.19173289697079207
3012420,7.657929533539546
3012421,2.326060340044625
3012422,0.024922420735875996
3012423,84.41579153395504
3012424,0.0
3012425,0.0
3012426,0.24182749203276657
3012427,8.917559392442913
3012428,0.19886425372290512
3012429,62.88563864477072
3012430,74.85229364779316
3012431,0.36482795173438154
3012432,1.166589355410303
3012433,50.033871434449765
3012434,9.816064219031714
3012435,328.15730271398115
3012436,0.01904391526687464
3012437,1.3152929176853703
3012438,7.087211611113428
3012439,0.0
3012440,1.3786405380883466
3012441,2031.5911907095688
3012442,0.0
3012443,239.027253515701
3012444,7.748043632018119
3012445,1015.9571525414314
3012446,364.0929032797014
3012447,181.4813039429322
3012448,117.2764183722011
3012449,49.09736040479298
3012450,2939.202697635749
3012451,2.3892192016971374
3012452,0.355119931789145
3012453,22.290467813517854
3012454,12.1179939151763
3012455,0.16849450031473143
3012456,186.22337036401265
3012457,0.0
3012458,0.0
3012459,11.08783321037133
3012460,16.11965448808173
3012461,1.1989352192394755
3012462,233.94757049257717
3012463,195.12787621216395
3012464,1.0659506019001967
3012465,4.183777977554571
3012466,184.56826069005623
3012467,28.28457933786688
3012468,2109.2669158377475
3012469,0.0
3012470,0.7563603153959542
3012471,2.763101470118388
3012472,0.2221469809815048
3012473,1.560700097149089
3012474,2033.4618920110522
3012475,0.0
3012476,599.5877561503861
3012477,5.374821849129253
3012478,794.4430849487014
3012479,549.2012476283967
3012480,207.5688826427862
3012481,115.77060199925887
3012482,51.93169056520977
3012483,3346.211679565951
3012484,4.6583828977187975
3012485,3.2121758170841543
3012486,25.707072066168582
3012487,39.8877209261779
3012488,0.16367785948565242
3012489,191.33768830194077
3012490,2.0087018541755546
3012491,5.708546070059852
3012492,2.8740617807317475
3012493,21.69256222849727
3012494,1.7348954343398946
3012495,153.29291878127447
3012496,239.58634931480063
3012497,2.7616784757985964
3012498,4.348497424744478
3012499,122.79361284965643
3012500,34.062617059406946
3012501,1040.6009321789236
3012502,2.2716446119734215
3012503,2.7136433768600163
3012504,3.274026040788189
3012505,0.009326570053554544
3012506,0.1469665146770255
3012507,1049.0733556717303
3012508,0.0
3012509,102.84042592019362
3012510,2.1469550485413014
3012511,353.9520963426639
3012512,145.52457302868783
3012513,77.56901592096362
3012514,91.74827165846224
3012515,25.492359225514058
3012516,1715.7856824130702
3012517,2.835956125605718
3012518,0.19064488240328017
3012519,6.919637403158643
3012520,5.753558210289539
3012521,0.10203467531097592
3012522,98.13751354414553
3012523,0.0
3012524,0.0
3012525,0.3380543934925604
3012526,23.927398125249482
3012527,0.4055821227846957
3012528,181.22919077513282
3012529,85.68529472758864
3012530,0.478994977130458
3012531,0.6263211258994368
3012532,42.02182976444618
3012533,14.132787034300282
3012534,593.9485856133865
3012535,0.08557810174391077
3012536,0.24642940021312607
3012537,3.0294343872073126
3012538,0.0323519627104598
3012539,0.65379993362913
3012540,2933.4892266068728
3012541,0.0
3012542,502.0267576456477
3012543,6.176100389165288
3012544,859.1970487422976
3012545,630.5978574609175
3012546,208.7830792853928
3012547,137.82324774502553
3012548,62.06741891833642
3012549,3761.684347784722
3012550,6.0324263628683745
3012551,0.32253072812905065
3012552,18.079725754007647
3012553,9.954763262225837
3012554,0.1662290215295692
3012555,210.65302439623866
3012556,0.0
3012557,21.516255212378365
3012558,1.8080287323899578
3012559,37.06905979213888
3012560,0.70501732214501
3012561,205.75470128491915
3012562,203.3693479401924
3012563,1.8122932046268838
3012564,4.079566363313166
3012565,130.73675166858703
3012566,45.69266360987998
3012567,2548.076464320374
3012568,0.5080970015479422
3012569,0.8601616213382659
3012570,3.5502062438501145
3012571,0.0
3012572,4.7640918432256925
3012573,2618.741113389078
3012574,0.0
3012575,509.9964590156215
3012576,7.71239338257681
3012577,1002.162599816671
3012578,810.5451862125176
3012579,150.3690615289843
3012580,109.8586026818272
3012581,108.64818074413716
3012582,3738.1228099165164
3012583,50.519676110189806
3012584,1.0073428973874328
3012585,20.56955376262615
3012586,22.095689577407363
3012587,0.26359838210472886
3012588,250.8879814908563
3012589,18.583657012471043
3012590,21.90986894419858
3012591,1.731692053468131
3012592,91.6080445541695
3012593,8.221629815698552
3012594,209.01104315019327
3012595,243.23442520924172
3012596,7.61784411153865
3012597,11.14483310914624
3012598,227.8250272746611
3012599,66.09324509921866
3012600,2230.139633578135
3012601,0.05908675846381075
3012602,9.960976851434014
3012603,4.281196195609364
3012604,0.0
3012605,6.198908132039595
3012606,2329.8099751448976
3012607,0.020029850416281747
3012608,363.20675714866746
3012609,9.652191752575503
3012610,832.2901983860328
3012611,651.529612840587
3012612,138.29257537470767
3012613,73.54061787241733
3012614,79.97090489163007
3012615,3140.118811718289
3012616,21.716701102229127
3012617,0.9580315277233038
3012618,23.498122523708105
3012619,50.3950426131127
3012620,0.046718591335120296
3012621,258.33186564868873
3012622,16.05715883041425
3012623,12.293654979654098
3012624,6.960129607582714
3012625,75.11686824159736
3012626,8.08027876981679
3012627,112.9314350297292
3012628,295.10550738758315
3012629,6.0975260067233865
3012630,8.403006517203028
3012631,98.16120611301051
3012632,73.7188409816828
3012633,1527.2478006951392
3012634,0.3207429792194509
3012635,11.410039866304635
3012636,7.490955112786871
3012637,0.29154779888862736
3012638,1.9874976070903778
3012639,3758.614302942339
3012640,0.0
3012641,655.9357674681362
3012642,5.045734773120639
3012643,1549.161503232621
3012644,649.6472802098186
3012645,200.50825432842717
3012646,291.63004276162053
3012647,66.49130252480776
3012648,5121.7872230524135
3012649,26.334106333872
3012650,0.8716114632894123
3012651,20.23611930216587
3012652,15.486929501932227
3012653,0.07005407618159364
3012654,365.1803093277333
3012655,4.516494794454532
3012656,13.284237283337083
3012657,4.572813906111654
3012658,41.05476271415395
3012659,2.6208329510703976
3012660,151.37419312589358
3012661,297.09358391007186
3012662,5.630070014151717
3012663,8.721697664758764
3012664,189.22679565658117
3012665,57.31708863395898
3012666,2631.246948959625
3012667,11.497885726301705
3012668,16.91473380774893
3012669,2.65355099829619
3012670,0.10637348371969144
3012671,4.283026139127969
3012672,2300.166178594162
3012673,0.10979705353469575
3012674,343.1389255710604
3012675,5.196557656556167
3012676,762.7390081669581
3012677,670.1194796237706
3012678,176.90496388924782
3012679,121.5990051205512
3012680,74.14820347132614
3012681,3106.606110877447
3012682,18.654980151055295
3012683,1.1391065899001669
3012684,9.595930431190737
3012685,9.430605647262043
3012686,0.26854642360378667
3012687,229.4457110789173
3012688,17.57218987269582
3012689,13.545002010709329
3012690,1.1931016290988792
3012691,49.20960541492912
3012692,5.674007204339784
3012693,343.11435269615083
3012694,202.24777018264214
3012695,4.387320755360284
3012696,7.715323928420817
3012697,343.9829659178147
3012698,52.327079229942356
3012699,2006.2566099150363
3012700,0.09841931789639126
3012701,22.75671177467756
3012702,2.8907964869062863
3012703,0.22611932588617364
3012704,2.1135571570652645
3012705,3628.1743395500553
3012706,0.0
3012707,416.518337415957
3012708,5.610199086221912
3012709,2126.1694591840096
3012710,576.9989177916626
3012711,272.9264823919741
3012712,179.7668522767888
3012713,61.22300240229618
3012714,4853.410302274786
3012715,8.778849050137861
3012716,1.314043354510205
3012717,28.11957627196392
3012718,21.01160860847385
3012719,0.17871694774476216
3012720,465.64723762247263
3012721,0.0
3012722,0.07208921238343474
3012723,6.078237433435815
3012724,26.902421921747717
3012725,1.4673295656215815
3012726,122.31753070211975
3012727,269.1297963888346
3012728,2.0408186554876315
3012729,9.226965345546366
3012730,174.23079901876525
3012731,57.2343725674247
3012732,2054.4145362606205
3012733,0.0
3012734,4.033355320126058
3012735,4.935696577523263
3012736,0.0378298399390704
3012737,6.323869236757963
3012738,2124.110195574938
3012739,0.0
3012740,396.5895874230328
3012741,6.3507417269742215
3012742,928.6007962528964
3012743,581.0607660411354
3012744,198.0839349526096
3012745,104.35573740029648
3012746,90.18359359966831
3012747,3169.8456556400465
3012748,24.021842645808558
3012749,1.042952004986231
3012750,20.74321288238798
3012751,30.941445716344465
3012752,0.17080540957240295
3012753,215.07000475898218
3012754,13.789454197540199
3012755,13.774113993173884
3012756,6.675454821735539
3012757,60.29400018249899
3012758,6.2325985399659345
3012759,158.85078514756452
3012760,398.2645415449308
3012761,9.469284339516076
3012762,8.73741364041598
3012763,171.33995346611965
3012764,50.31151175766178
3012765,1690.9133229503266
3012766,0.37867523965763195
3012767,4.487062550121862
3012768,2.4467689501570575
3012769,0.0
3012770,4.351160716670257
3012771,2612.7559765530573
3012772,0.0
3012773,421.2444079668701
3012774,7.248158098447037
3012775,685.7731209143161
3012776,740.4444564506746
3012777,153.35421196863155
3012778,109.64280611486026
3012779,99.18683629650249
3012780,2850.5942866545292
3012781,25.348147936683542
3012782,0.7504363627251425
3012783,18.693664549834743
3012784,16.965456234400605
3012785,0.08880178297944781
3012786,191.39638570685747
3012787,13.361711702337388
3012788,26.179604018132398
3012789,2.833262274109023
3012790,49.257066360235775
3012791,7.5492679180907665
3012792,196.4125379481765
3012793,189.5354271054707
3012794,6.730157557726509
3012795,7.799826477164718
3012796,202.7479343771741
3012797,53.42853636024647
3012798,2052.6251989505176
3012799,0.13134632746079145
3012800,12.38544319849601
3012801,3.0680132520148122
3012802,0.09026175165463984
3012803,1.9965806829057184
3012804,4212.497721064066
3012805,0.0
3012806,499.3085515828295
3012807,11.343250585547857
3012808,984.8437245231073
3012809,593.1260403019994
3012810,229.81051385621103
3012811,160.6588476383202
3012812,49.029168494817746
3012813,4131.79796286888
3012814,6.459719991369242
3012815,0.10781342867471484
3012816,13.26600315243797
3012817,12.553448871178658
3012818,0.08935790934965872
3012819,211.50967936472222
3012820,0.0
3012821,6.199511827535166
3012822,0.6611293262277274
3012823,42.7019128156675
3012824,1.7788812366278117
3012825,176.1995192541045
3012826,228.52518634456175
3012827,2.287075485894342
3012828,1.9480370811797285
3012829,226.99525866228822
3012830,130.65326220218031
3012831,1814.2964120796623
3012832,2.153830499143715
3012833,0.5418761667724601
3012834,9.859988425884369
3012835,0.0
3012836,10.913775638429602
3012837,7371.876668438051
3012838,0.05656665076232214
3012839,1346.0982187655682
3012840,25.724748391992467
3012841,2203.926104840376
3012842,2072.1506964035357
3012843,456.02881479175113
3012844,442.7554231888226
3012845,344.2406418395184
3012846,8181.005164287513
3012847,75.28815854854248
3012848,2.840336733239259
3012849,104.4743108578434
3012850,101.185260459478
3012851,0.5990997853657234
3012852,590.2145452300125
3012853,31.461521332796202
3012854,14.556815618727144
3012855,20.251527209513302
3012856,212.599583556827
3012857,17.559937577169727
3012858,637.2887693646478
3012859,485.34872107605327
3012860,30.43134999855534
3012861,32.86078422993726
3012862,837.1897932963423
3012863,295.77341553615355
3012864,6938.34480267973
3012865,177.1718567125326
3012866,78.02723252087443
3012867,11.891976042426839
3012868,0.0
3012869,10.65392784942152
3012870,6809.9427557628205
3012871,0.06901624983858205
3012872,973.4374302097422
3012873,21.043922642896334
3012874,2166.382648288318
3012875,1832.4283808941996
3012876,553.639453679295
3012877,279.86250172783485
3012878,225.05090769047627
3012879,9446.398352056964
3012880,111.63850450073316
3012881,1.4024362526634664
3012882,49.78279243020386
3012883,70.2012620594838
3012884,0.5357111900927141
3012885,557.7673026340349
3012886,23.756155369771438
3012887,23.739585519797746
3012888,8.581827718217406
3012889,126.19182232233223
3012890,16.03221016754268
3012891,776.7281594788627
3012892,577.1090700395843
3012893,18.209048156688382
3012894,22.061164010088728
3012895,944.9335640214044
3012896,203.50686448990245
3012897,4549.594426746211
3012898,137.70168749068654
3012899,69.49763696040056
3012900,9.531400160547813
3012901,0.0
3012902,12.558237552871807
3012903,4444.32432766108
3012904,0.14147965056581538
3012905,777.6980794133932
3012906,12.590522324057554
3012907,1976.3760633672791
3012908,1255.7169092275099
3012909,639.8252054545815
3012910,117.71756631225281
3012911,185.9951904544294
3012912,7494.528497791752
3012913,41.42733401884361
3012914,1.6157420358718175
3012915,26.56109053913933
3012916,21.570296084792204
3012917,0.29917542614799586
3012918,499.1889219127329
3012919,26.969201697959214
3012920,16.772158933071847
3012921,7.090787579616952
3012922,82.90339415882336
3012923,7.6965302080369735
3012924,743.9594847235771
3012925,596.3210767976684
3012926,16.890018346063634
3012927,34.742173611428775
3012928,621.7587349507562
3012929,117.63740742859376
3012930,2160.0462605599296
3012931,145.28810931491282
3012932,34.22014949777811
3012933,12.185886234822307
3012934,0.0
3012935,14.710635944796278
3012936,6645.683947929145
3012937,0.0792180222741073
3012938,979.1683514352281
3012939,20.146497852772434
3012940,1985.565211774922
3012941,1758.8332546347312
3012942,519.9036936759803
3012943,284.40411995282807
3012944,205.7501438789529
3012945,8635.834097609504
3012946,41.510384890612286
3012947,1.4435918099372822
3012948,43.07093823861648
3012949,67.56921670075364
3012950,0.30095311348198084
3012951,535.6615913363883
3012952,28.215796587613365
3012953,17.927738227929602
3012954,11.796284801851465
3012955,134.09713517338923
3012956,9.739127443868577
3012957,659.009522292055
3012958,594.0552006892495
3012959,16.682202591351192
3012960,24.356234467863008
3012961,934.9284921896626
3012962,193.73725083962827
3012963,4328.92611889056
3012964,172.892910822744
3012965,53.431899624320295
3012966,9.537171899102736
3012967,0.0
3012968,12.878915778614065
3012969,3597.3510920489052
3012970,0.04098317724658296
3012971,612.7863620964803
3012972,14.77268740024446
3012973,1804.8469114063496
3012974,1008.172167400952
3012975,460.7187445371311
3012976,85.42399753649721
3012977,138.51814673374227
3012978,6460.665174711631
3012979,35.53904682479237
3012980,0.3760822833272516
3012981,22.50016226641339
3012982,33.07729986722545
3012983,0.10965352026347373
3012984,480.27524385949584
3012985,20.048886988121442
3012986,5.950778320279899
3012987,6.379690216116784
3012988,79.04943548485686
3012989,4.3872999986175545
3012990,686.4385592600958
3012991,605.474896547096
3012992,12.64419640689914
3012993,18.662914924526422
3012994,603.4710707737797
3012995,76.33636298259559
3012996,1471.4448302698358
3012997,106.79707239408171
3012998,14.775100761202308
3012999,9.201813226481566
3013000,0.0
3013001,9.775760730990337
3013002,5252.226813272852
3013003,0.049423052062103054
3013004,1011.8204787004305
3013005,23.642273571803692
3013006,1691.2947929237268
3013007,1801.5653640225305
3013008,373.8906403224359
3013009,375.9229039549922
3013010,254.76900923424435
3013011,6672.93188726867
3013012,66.32974513876016
3013013,1.0661899770353553
3013014,48.60126895110916
3013015,50.502981710030404
3013016,0.4216941695014638
3013017,442.03471633569717
3013018,15.75885807194312
3013019,21.563707661116126
3013020,11.426466496445306
3013021,148.67201512545606
3013022,13.626988837628076
3013023,591.417058903391
3013024,438.4232850682856
3013025,14.287033454384828
3013026,24.00726417543266
3013027,792.3340394608696
3013028,208.0197035607738
3013029,6159.50583672286
3013030,137.8856338754271
3013031,63.29257497388713
3013032,4.513984095726154
3013033,0.18975701131832706
3013034,5.698667413866852
3013035,1642.3506717092075
3013036,0.0
3013037,326.54623782913393
3013038,17.196310424888498
3013039,788.5894636848137
3013040,484.7328692081282
3013041,202.12700228994316
3013042,76.10488429515266
3013043,69.24783930014763
3013044,2668.076645077228
3013045,40.062122497869126
3013046,0.7506685914771976
3013047,23.17855104243872
3013048,19.968030339347404
3013049,0.31786985885685637
3013050,213.98906116232976
3013051,10.453088974214
3013052,5.246795872037744
3013053,8.124383950549621
3013054,37.88756460177522
3013055,5.008099951914821
3013056,228.44414270396035
3013057,242.36658956973426
3013058,2.755661875924928
3013059,5.768157450119263
3013060,216.30178748647018
3013061,53.47839221878619
3013062,1429.7008241352662
3013063,0.5464239414468108
3013064,8.087702320102073
3013065,7.258990818768032
3013066,0.0
3013067,10.5645385230952
3013068,3877.094865491554
3013069,0.08212263485168145
3013070,497.84230282982077
3013071,27.214822720413142
3013072,1451.2949585050042
3013073,1005.8393402550523
3013074,392.08386592794545
3013075,85.06548525680886
3013076,110.48807394816906
3013077,5626.693125815484
3013078,76.49743028553682
3013079,1.009149214789419
3013080,40.72877970753711
3013081,31.057217192429796
3013082,0.2361435854564487
3013083,394.6341519695213
3013084,16.75152687686268
3013085,3.533154172589967
3013086,1.6039961024312377
3013087,95.06995473506652
3013088,6.929355903575824
3013089,435.24748595698617
3013090,424.8386520909325
3013091,8.585533461603474
3013092,21.00470400694077
3013093,347.2921734271649
3013094,64.28895404050252
3013095,1856.514395894695
3013096,238.55208114367593
3013097,14.496723280160559
3013098,5.767534207718023
3013099,0.0
3013100,3.272561325308743
3013101,3719.17245900517
3013102,0.06769167981111274
3013103,728.630464358309
3013104,6.9988504688015745
3013105,1218.946039903946
3013106,1306.8140068953849
3013107,210.62585106506216
3013108,289.2148081222023
3013109,194.4519807051799
3013110,4468.150808945503
3013111,30.18981507472661
3013112,1.16258562782208
3013113,29.487468212207695
3013114,37.22202194946005
3013115,0.4842888961029195
3013116,303.7696692587375
3013117,1.7757071681904182
3013118,26.959188298137242
3013119,4.4663203005308425
3013120,84.8622598889271
3013121,8.241662961040761
3013122,457.59276124784645
3013123,263.69799924625477
3013124,17.126195470724074
3013125,8.325356238956218
3013126,584.1010925548755
3013127,101.91626338236149
3013128,4331.123167144579
3013129,2.654320514230797
3013130,38.53546778194892
3013131,5.888230418790561
3013132,0.0
3013133,6.898701566090832
3013134,3774.110013739792
3013135,0.0
3013136,634.3359660750845
3013137,9.773300278444765
3013138,1280.9681532697496
3013139,903.0927634781355
3013140,300.38962795368315
3013141,154.26232656657663
3013142,202.52473461386828
3013143,4675.895661892505
3013144,35.823753881432374
3013145,1.9675132180563608
3013146,15.979290977957287
3013147,77.15535166835798
3013148,0.13212200695971843
3013149,293.58800850093655
3013150,5.285928586568454
3013151,20.184556348504294
3013152,5.186387057184097
3013153,144.2421596925652
3013154,6.76464363106849
3013155,308.62496894440585
3013156,268.7381121193886
3013157,12.25565213805598
3013158,10.89845939845976
3013159,329.66390042306034
3013160,107.83751230330829
3013161,3469.3512475166212
3013162,2.382609589867239
3013163,6.845211244512106
3013164,6.668209136180068
3013165,0.05448170805242375
3013166,3.0572845982252668
3013167,1922.9719840259577
3013168,0.0
3013169,433.8046844135686
3013170,5.320817584781736
3013171,831.3592423105498
3013172,492.1707016129246
3013173,192.4278633682008
3013174,78.62137075186513
3013175,94.10864692043609
3013176,2760.773644025546
3013177,14.839504471210631
3013178,0.8497305348710542
3013179,18.20222084927885
3013180,22.603547245004926
3013181,0.1259730260805948
3013182,199.89347684505273
3013183,2.7882850194177293
3013184,9.302093693470294
3013185,3.7844842258040465
3013186,49.539239856117476
3013187,2.9773063284757235
3013188,216.2489168356922
3013189,194.37714981738642
3013190,3.413668282563262
3013191,5.359497343962189
3013192,153.2597471464719
3013193,49.236561215418654
3013194,1491.847951152297
3013195,0.2496805605950689
3013196,2.828888859669992
3013197,4.797379511935428
3013198,0.0
3013199,1.479311484064561
3013200,2359.3990565112745
3013201,0.0
3013202,230.6487237203422
3013203,2.1827467994130623
3013204,990.2051877044103
3013205,231.33989048232914
3013206,216.67586079991918
3013207,67.24733331434857
3013208,29.516637881279117
3013209,2857.3584877941325
3013210,5.425765031686866
3013211,0.4305017568568448
3013212,14.317799420729312
3013213,11.337738469545958
3013214,0.040413232051744276
3013215,241.81578883953955
3013216,0.0
3013217,0.0
3013218,2.5875253885414247
3013219,23.194355683584416
3013220,0.5935090735152884
3013221,50.054921974623184
3013222,149.42015058991115
3013223,0.11816372312417206
3013224,1.9580892107108747
3013225,58.896791181459726
3013226,81.40462834817127
3013227,848.5281543718802
3013228,0.0
3013229,2.2106101811493457
3013230,4.236114242317973
3013231,0.08284341474534669
3013232,5.504721418317611
3013233,3186.38331458306
3013234,0.0
3013235,516.7435813998884
3013236,9.483671406649371
3013237,1207.2414781445982
3013238,860.4611670188204
3013239,339.9226005946155
3013240,146.70939337116997
3013241,131.28983471476397
3013242,4394.005635481512
3013243,28.466984656550526
3013244,0.9055001488925274
3013245,21.8433901981169
3013246,56.969738937158276
3013247,0.07437974045347732
3013248,305.4481123344392
3013249,20.430763955155847
3013250,9.174393924857126
3013251,7.550575036463268
3013252,54.236027973245584
3013253,5.533811683426367
3013254,386.17828956767363
3013255,305.2197308643232
3013256,7.863333612187198
3013257,10.887216613648807
3013258,456.1812422468864
3013259,78.06892883627086
3013260,2049.9157494239166
3013261,0.0
3013262,31.37582008815795
3013263,4.561149004079199
3013264,0.06338262498421139
3013265,5.00597856028943
3013266,3634.022045362075
3013267,0.07898330069892834
3013268,660.6352165024917
3013269,16.13328705059922
3013270,1080.4394890305757
3013271,1217.8422117429386
3013272,184.78085438430054
3013273,253.0030705243703
3013274,196.02302721557285
3013275,3864.5786717485726
3013276,37.04007540548517
3013277,2.3079676150604853
3013278,32.58316262854935
3013279,25.12340765334688
3013280,0.6099594690461685
3013281,235.5814859262321
3013282,10.27061539651854
3013283,35.80937950294744
3013284,7.2223572466327735
3013285,102.05865454365133
3013286,10.194896837078378
3013287,400.1303355031979
3013288,276.0006374045761
3013289,6.06109968131098
3013290,12.241385947732192
3013291,599.1131612117695
3013292,124.36737195286015
3013293,4795.363899117012
3013294,0.27511456314143756
3013295,38.587187344700006
3013296,3.5511299587424503
3013297,0.173110059730649
3013298,8.56408065971858
3013299,3773.105042596976
3013300,0.07168255509208273
3013301,759.60838631517
3013302,16.906492388677655
3013303,1028.0693948575915
3013304,1175.2803483204075
3013305,240.43520745230794
3013306,256.9158787174764
3013307,138.30853739643644
3013308,4334.137639405834
3013309,27.476198218567767
3013310,3.085856955895842
3013311,38.01154367347439
3013312,40.84083292004673
3013313,0.21832779947284026
3013314,291.8021770318042
3013315,26.861435297022258
3013316,25.659942583630347
3013317,23.569314795266273
3013318,107.66685690929482
3013319,13.250335376589618
3013320,338.23104401353254
3013321,284.8515945155339
3013322,14.007706492309628
3013323,19.86483691711939
3013324,469.716204673814
3013325,114.63987851382393
3013326,3778.833738636817
3013327,0.28105692982284697
3013328,31.848004290711437
3013329,9.502023849598594
3013330,0.1458502504580422
3013331,5.571324475809317
3013332,3278.5559167672636
3013333,0.0
3013334,501.98587502014425
3013335,12.713639065226522
3013336,1669.5500711251611
3013337,733.4355552792493
3013338,487.23568559474916
3013339,179.34300895093213
3013340,79.56029395396395
3013341,5798.639444160305
3013342,9.419148370837235
3013343,0.7353214135242965
3013344,40.84239089389494
3013345,29.390987794735814
3013346,0.039690487391149526
3013347,391.444796584124
3013348,11.015154913066803
3013349,6.174875822973809
3013350,6.182655206479683
3013351,35.33597563916392
3013352,2.4138264488882304
3013353,304.88829762047106
3013354,425.43592592852565
3013355,5.113186591492834
3013356,5.539424011742912
3013357,356.7526996119542
3013358,72.92283056163276
3013359,2082.399112839115
3013360,76.70340556469995
3013361,13.016044054886962
3013362,3.4420528907422234
3013363,0.0
3013364,3.49568507412865
3013365,2314.4478369779604
3013366,0.20046395324886374
3013367,393.7916606137472
3013368,12.521019418553164
3013369,765.5845247514638
3013370,800.9362170615465
3013371,144.5666886703713
3013372,140.13742977331106
3013373,156.125562472859
3013374,2920.9311247173937
3013375,21.25612700901458
3013376,1.2219449110620704
3013377,21.34684231119124
3013378,22.342067742338404
3013379,0.4475238139005725
3013380,211.40736000727193
3013381,13.918908864548834
3013382,24.856678641792467
3013383,5.383379473517262
3013384,100.93291483069112
3013385,5.766904537313902
3013386,280.58101519014997
3013387,160.21951600259132
3013388,3.6007233604273994
3013389,9.124885370023495
3013390,358.9988221609194
3013391,67.34918313080115
3013392,4091.768790774073
3013393,0.0
3013394,24.55459929827735
3013395,0.9239355369150946
3013396,0.0
3013397,1.0784997687142335
3013398,939.1798226872559
3013399,0.0
3013400,86.32992011439647
3013401,2.353080373508773
3013402,564.3353700350272
3013403,332.6351714822109
3013404,193.92773959935462
3013405,26.410086931184875
3013406,26.658427115562404
3013407,2100.5636722811646
3013408,3.131329323162312
3013409,0.18184899749174496
3013410,6.640534921954797
3013411,6.0697321224463465
3013412,0.015879113341541268
3013413,142.9073605284965
3013414,1.4960144955134371
3013415,0.0
3013416,0.9546759436045682
3013417,8.134877743673634
3013418,0.35267198017816
3013419,145.01045588701632
3013420,135.92852815703836
3013421,0.544525531210102
3013422,2.378491935711822
3013423,127.04202923073123
3013424,20.379849188863847
3013425,215.13488147072871
3013426,2.445261697515935
3013427,1.378036655099545
3013428,4.740898159395492
3013429,0.17130059032725017
3013430,4.065212506683282
3013431,3844.796193122393
3013432,0.0
3013433,547.739983415363
3013434,9.126880924685267
3013435,1671.6139995054223
3013436,606.5093556206862
3013437,405.9019411901115
3013438,154.65173047784364
3013439,65.93965485334795
3013440,6314.528120881317
3013441,29.237550456156566
3013442,0.3942269956559516
3013443,19.016642778148483
3013444,15.245539432594917
3013445,0.08747760362280514
3013446,413.1246425252313
3013447,11.313252904682258
3013448,0.8891490086833767
3013449,7.3340724251309055
3013450,35.38186514198552
3013451,1.9375680243258309
3013452,574.1488607921207
3013453,342.3079363614116
3013454,1.8976420123128626
3013455,11.345313588530953
3013456,355.4784921943982
3013457,94.22180379648174
3013458,1082.6502612315658
3013459,21.358983196336613
3013460,8.220634275824796
3013461,3.791459601375979
3013462,0.0
3013463,0.3229359657491718
3013464,1259.4403222071683
3013465,0.0
3013466,160.35099928961705
3013467,7.227843229867599
3013468,766.5962517196921
3013469,463.0518318126855
3013470,185.59475881143754
3013471,51.23948855465415
3013472,30.277429474412997
3013473,2551.982094898592
3013474,8.323135418019417
3013475,0.37154109393592444
3013476,9.211868443123674
3013477,13.379862423561091
3013478,0.27234101196652627
3013479,155.71082952133048
3013480,5.2183506194969995
3013481,0.0
3013482,7.556556379945214
3013483,29.873799230374715
3013484,0.9776858008542131
3013485,135.69770197155526
3013486,155.69306086682442
3013487,1.015434757398837
3013488,3.830776201926713
3013489,131.2615614235969
3013490,28.326721980789785
3013491,296.2281111608703
3013492,15.004744973875567
3013493,3.7409943156155663
3013494,3.416176305294977
3013495,0.0
3013496,3.1475343537967033
3013497,1213.9333207468244
3013498,0.0
3013499,112.70550801271645
3013500,4.204668217764424
3013501,579.189316983118
3013502,280.33571329520856
3013503,129.71607302932247
3013504,47.34875506539961
3013505,23.715019005165928
3013506,2503.334350219597
3013507,8.838589342099354
3013508,0.0766537890451222
3013509,6.6803276142542165
3013510,6.613083706224069
3013511,0.03182107361786585
3013512,126.36042391509909
3013513,1.1382493809481562
3013514,0.0
3013515,1.80267182887602
3013516,29.2322298698885
3013517,0.6381576789463765
3013518,128.18902858311006
3013519,153.9937612355999
3013520,0.29975873089196026
3013521,3.797210723740931
3013522,58.86601827586771
3013523,20.026939524400454
3013524,152.44669189756655
3013525,36.00637287856817
3013526,1.7342625396782325
3013527,2.1223253704797056
3013528,0.0
3013529,1.6957149929662498
3013530,1376.3622337373627
3013531,0.0
3013532,145.9747938463147
3013533,4.645231964126066
3013534,950.2445459950244
3013535,389.28284845591105
3013536,214.65706303914502
3013537,28.03109617476379
3013538,33.16216298525082
3013539,2641.8417151925814
3013540,8.141732922582467
3013541,0.2648093192525111
3013542,9.139579741194604
3013543,17.779763918396927
3013544,0.11933904835854138
3013545,171.20804150680448
3013546,0.840346037137534
3013547,0.0
3013548,2.1360619519422728
3013549,13.984145739251119
3013550,1.243111132479997
3013551,137.84843280450198
3013552,240.54178408671336
3013553,0.9799476224563624
3013554,3.0439379826886688
3013555,71.66106322821487
3013556,85.15219360661558
3013557,315.3577486360005
3013558,12.223444582481342
3013559,3.215757353039293
3013560,1.8420839142925969
3013561,0.8720571173520759
3013562,2.155203677238963
3013563,1452.0101839239853
3013564,0.0
3013565,132.58225359030098
3013566,1.492639394084172
3013567,748.6625872957717
3013568,378.48914844885195
3013569,220.7191896712824
3013570,83.13230920168075
3013571,55.451074260162805
3013572,2417.8145796109084
3013573,6.377987130692859
3013574,0.533825908156613
3013575,14.252765023418284
3013576,15.66810658162056
3013577,0.12549148790849077
3013578,193.01115219263625
3013579,7.1174994482733425
3013580,0.0
3013581,3.0486436096726663
3013582,23.018893098403485
3013583,1.2276171814688515
3013584,118.51521482051525
3013585,164.95359985289852
3013586,0.6994923573460441
3013587,4.140909865171457
3013588,103.16235832149698
3013589,43.37143564122179
3013590,537.6806662329246
3013591,27.7798559776684
3013592,4.26204144114121
3013593,3.053521711029876
3013594,0.04632853309719424
3013595,0.6986225458656683
3013596,1194.58897731907
3013597,0.0
3013598,129.89240890442417
3013599,3.1373568918459735
3013600,786.2545839857983
3013601,267.7049288460145
3013602,143.1455098203424
3013603,105.34716920920427
3013604,23.710537617366853
3013605,2098.967369505701
3013606,3.7040735476421682
3013607,0.23835520763445886
3013608,7.080181885771028
3013609,8.842784927731831
3013610,0.15600038207324235
3013611,142.050944451491
3013612,0.0
3013613,0.0
3013614,1.1562890329080342
3013615,27.800915251532548
3013616,0.6993253259919843
3013617,51.97797534241759
3013618,120.45770844661898
3013619,0.5315312681625304
3013620,2.0091283751548663
3013621,62.419048965376476
3013622,30.563003846659864
3013623,407.1714158416085
3013624,0.0
3013625,1.163610642955109
3013626,5.2772906060176386
3013627,0.3307066344672022
3013628,2.880589894130889
3013629,2389.6717001503903
3013630,0.0
3013631,271.03028500790276
3013632,4.1886128515330086
3013633,936.50118455858
3013634,926.021813306508
3013635,375.7547740734698
3013636,121.66911364654962
3013637,68.61430722049468
3013638,3589.5536276227185
3013639,9.386362263329408
3013640,0.6980645218588439
3013641,14.014698038659018
3013642,20.931577256921972
3013643,0.1927184349391877
3013644,231.94771155257394
3013645,0.5890925633619033
3013646,0.0
3013647,7.487207760868683
3013648,23.5135192916703
3013649,1.9095993398526492
3013650,217.405299182892
3013651,222.9440228875104
3013652,1.3672884180683034
3013653,5.522446848957649
3013654,281.55473430729046
3013655,48.629853697783155
3013656,1050.1287418713064
3013657,14.775238481452778
3013658,9.67723781150909
3013659,2.4157707667457307
3013660,0.0
3013661,2.4860322294020056
3013662,1688.334812669881
3013663,0.0
3013664,420.51459014879185
3013665,3.6103383624517376
3013666,406.52687564990975
3013667,670.5304401100002
3013668,159.98802696861182
3013669,121.12731314063431
3013670,15.42455484749857
3013671,2065.2807193153053
3013672,7.085383283059842
3013673,0.3996242973052012
3013674,7.983589959953365
3013675,5.989730243201849
3013676,0.024702947439880534
3013677,137.75732704308135
3013678,6.78966436761055
3013679,2.5442941294241535
3013680,5.919039759785567
3013681,41.366219728970144
3013682,1.2587917323739908
3013683,26.034413377746255
3013684,125.0691210877257
3013685,2.345557967095587
3013686,4.253382208829726
3013687,27.905659881264643
3013688,19.539413078735098
3013689,981.7707551058521
3013690,18.37608121441847
3013691,5.337689505476323
3013692,4.335869723343072
3013693,0.4009789336766911
3013694,3.0563804155453287
3013695,1952.327778539276
3013696,0.0
3013697,139.3134024619252
3013698,4.094317663840141
3013699,701.7940781121927
3013700,315.945415875096
3013701,226.75395951447152
3013702,40.2985756113542
3013703,37.22904740185042
3013704,2630.561817402596
3013705,20.57381012762581
3013706,0.8248923345553862
3013707,9.737828497766712
3013708,9.262149643012119
3013709,0.09148909385528045
3013710,145.62363174410436
3013711,4.272989513482816
3013712,0.0
3013713,3.318606386245344
3013714,18.316721527060768
3013715,1.5604558488513902
3013716,105.84556910141056
3013717,140.16094958235666
3013718,0.7096391906852584
3013719,3.8264972253195326
3013720,80.4004290317681
3013721,20.041762211013697
3013722,304.6516359965596
3013723,2.1474777008393504
3013724,2.2328286770577925
3013725,4.157515653566756
3013726,0.0356446394173234
3013727,6.089299416704289
3013728,2957.8713228232837
3013729,0.0
3013730,629.4672826806767
3013731,9.743276070311227
3013732,860.5098918957825
3013733,810.6294707835614
3013734,206.20774873940562
3013735,156.81058993870417
3013736,106.210514134227
3013737,3773.088557273755
3013738,38.643210531067304
3013739,0.8804691063502808
3013740,14.172413212535073
3013741,33.601250734837976
3013742,0.2756900989016057
3013743,238.87092798629448
3013744,16.240575254073004
3013745,18.367152995771214
3013746,5.653628446038945
3013747,62.42864796968602
3013748,6.829577797475913
3013749,400.10275459457404
3013750,244.73888284593696
3013751,7.601411518662136
3013752,7.8803318349898195
3013753,443.17753054009063
3013754,109.37336298769112
3013755,3400.8689082874535
3013756,0.0
3013757,32.3494487205405
3013758,5.676746811328591
3013759,0.07702014915178756
3013760,2.9705768808926547
3013761,2557.57545116292
3013762,0.0
3013763,359.92803687818514
3013764,5.484763747296366
3013765,1101.198098286018
3013766,804.8079825787181
3013767,426.96633819823603
3013768,64.20550027002706
3013769,55.98220386810805
3013770,3937.2159894832307
3013771,9.975849680441797
3013772,0.36025300681535605
3013773,18.053891640544553
3013774,12.050159135831738
3013775,0.0062310630179235466
3013776,244.94330479342037
3013777,2.4861123600428847
3013778,3.9801808106388856
3013779,2.735616244191937
3013780,37.25047732171995
3013781,0.7582389223734276
3013782,244.49563709923387
3013783,257.21676682218805
3013784,2.7698547328752827
3013785,3.7997066339956076
3013786,206.95320748334572
3013787,50.73496326688945
3013788,675.8910375688157
3013789,35.547867941730935
3013790,9.15270435935801
3013791,6.4299613961638125
3013792,0.3164340163809089
3013793,2.526429354204229
3013794,2206.604627215084
3013795,0.0
3013796,347.3719612305836
3013797,3.6218395049203957
3013798,1176.3947442339079
3013799,615.3982166070854
3013800,227.2562768903258
3013801,180.33950925017007
3013802,69.22631626739553
3013803,3277.2311989750624
3013804,13.635589268191534
3013805,0.4748597472311082
3013806,21.73606948199131
3013807,35.040237447062054
3013808,0.1583139689416676
3013809,226.02819882871924
3013810,2.223170910099284
3013811,2.0295953396281163
3013812,7.159181666465164
3013813,70.23605607617807
3013814,1.130432819086944
3013815,88.15097584895491
3013816,215.08156696856517
3013817,1.9383307993710939
3013818,2.837296088458686
3013819,137.94912870893413
3013820,115.17286805218951
3013821,960.7739426301324
3013822,0.6017392979684475
3013823,4.463881372132826
3013824,3.0803220556778452
3013825,0.11228228998410116
3013826,1.4091622852128007
3013827,1185.6464911128787
3013828,0.0
3013829,105.12564803267581
3013830,5.263113617461471
3013831,549.8036903288443
3013832,301.5374276839369
3013833,130.24251800644498
3013834,41.257841238828604
3013835,32.83961678527693
3013836,2168.9019848403555
3013837,7.787285743129063
3013838,0.35391336554938213
3013839,14.720858040149434
3013840,12.285618195995315
3013841,0.03301106929280498
3013842,142.2539509747447
3013843,0.9048647182741545
3013844,0.0
3013845,3.096541100793079
3013846,48.19248702393848
3013847,1.3764362974516784
3013848,94.91226279149423
3013849,134.24388424152585
3013850,0.8202890415772972
3013851,4.691243866490617
3013852,118.9487247568651
3013853,25.3329039195357
3013854,339.9989765079578
3013855,5.5778178493786825
3013856,1.464284988434823
3013857,1.5056947115766475
3013858,0.0
3013859,3.785910464570531
3013860,1330.3624876013905
3013861,0.029087429820266034
3013862,260.52441824765253
3013863,8.921020556330745
3013864,507.5523383382627
3013865,450.12399653875906
3013866,121.26089910305188
3013867,42.73189182478408
3013868,55.22359237501991
3013869,2120.2888686989995
3013870,22.495689665837535
3013871,0.30950964870735287
3013872,11.750574447696017
3013873,10.626066375493206
3013874,0.1315412020423243
3013875,129.61545234910332
3013876,10.361186666187109
3013877,1.3819160083213085
3013878,2.235401095060807
3013879,40.15900040601499
3013880,3.238364131324885
3013881,522.5299309854921
3013882,144.30077020491774
3013883,2.7103172822145853
3013884,4.88768605899811
3013885,290.45247978382184
3013886,31.836815910401853
3013887,1550.4934960637468
3013888,0.0
3013889,7.449347743289827
3013890,2.5617229645714796
3013891,0.15149406215939507
3013892,3.9410302321757555
3013893,3364.5220834451893
3013894,0.07090909001895784
3013895,729.2536611092011
3013896,11.48844807592412
3013897,1102.4657333766258
3013898,1282.413109432259
3013899,269.96042708567177
3013900,209.12442677313865
3013901,153.84123848509333
3013902,4112.2640115714175
3013903,27.28173026238044
3013904,0.6268604346160689
3013905,15.946722220020774
3013906,35.70133686647309
3013907,0.06800830339473678
3013908,285.7648864880624
3013909,9.574164340144673
3013910,46.03490321529148
3013911,6.935424788749019
3013912,81.46414315070376
3013913,9.37315038477848
3013914,372.77613732175007
3013915,267.381110340788
3013916,14.47280600830533
3013917,9.020366556362157
3013918,504.4083659128814
3013919,106.79948833284384
3013920,5641.826525216708
3013921,0.0
3013922,22.296060185930727
3013923,1.6632941994298491
3013924,0.014445437299904176
3013925,1.5828038946084768
3013926,1474.3461089643306
3013927,0.0
3013928,294.21496664073976
3013929,3.6268744544981226
3013930,333.6593418969725
3013931,432.44048381508804
3013932,119.6231099298003
3013933,70.80253611595104
3013934,48.207702263705706
3013935,1475.7154575458203
3013936,10.971895727231631
3013937,0.3620278241217814
3013938,9.779820632225817
3013939,12.101448864770264
3013940,0.017922231955282183
3013941,82.36455828863494
3013942,0.0
3013943,32.998615538705245
3013944,1.7063509490095568
3013945,106.82480318993818
3013946,3.8421052029513794
3013947,170.33768843247967
3013948,82.90412351478777
3013949,2.6218712940168714
3013950,4.154679999480953
3013951,133.71639537311395
3013952,26.953813337653123
3013953,2397.164474829505
3013954,0.5623199680020143
3013955,1.90002411896476
3013956,3.4901973302646896
3013957,0.0
3013958,0.1903681653720874
3013959,817.288961091322
3013960,0.0
3013961,189.88844262210694
3013962,5.142912944469605
3013963,378.99159483226396
3013964,212.87134023530723
3013965,72.11063542435454
3013966,25.701817464451686
3013967,24.371728326372438
3013968,1344.85176537024
3013969,7.725796586514717
3013970,0.48816754810842616
3013971,8.490992609311437
3013972,8.874157845973253
3013973,0.24331232804964342
3013974,69.54600111600098
3013975,0.19985425508091023
3013976,5.062256982096059
3013977,0.6504053412175876
3013978,20.077190196815227
3013979,0.25563547958594107
3013980,211.30803892021248
3013981,101.82813514143055
3013982,1.563263468424989
3013983,0.9540061028793709
3013984,112.43995190859748
3013985,16.109003998178732
3013986,865.8476636718775
3013987,0.5683639744830107
3013988,1.6385703342024933
3013989,4.5056964833018265
3013990,0.14874107961295074
3013991,2.767227489038657
3013992,2719.311508936348
3013993,0.1290069560403728
3013994,595.7422780342462
3013995,10.236224183104333
3013996,836.3734894121721
3013997,879.1631048521053
3013998,253.4845229873085
3013999,210.49387162147445
3014000,92.14618714791791
3014001,3497.847715685493
3014002,18.429336661592203
3014003,1.9439350040404535
3014004,23.440713159206478
3014005,22.212636798720773
3014006,0.2921053609994307
3014007,222.7385188415881
3014008,3.812427327233914
3014009,32.05368151120396
3014010,4.691717845968196
3014011,87.52931039231616
3014012,3.0287223322901147
3014013,241.0483253217694
3014014,205.14392380659595
3014015,7.932614014620896
3014016,7.818131738011054
3014017,360.08868860447217
3014018,76.38266649868726
3014019,4030.475467165992
3014020,0.8591355057302004
3014021,15.392940644174878
3014022,5.0294663481266655
3014023,0.011626945399820324
3014024,1.8549436688825516
3014025,2334.7166637340842
3014026,0.0
3014027,500.08631355193955
3014028,13.525008507339553
3014029,846.0451180192388
3014030,786.8815272491929
3014031,279.2092981334749
3014032,178.403524578073
3014033,50.25321857076705
3014034,3363.5973464395825
3014035,8.365154101265288
3014036,0.6272855477321764
3014037,25.107432298601644
3014038,10.836048100618791
3014039,0.4387652615068879
3014040,212.38835707895208
3014041,0.0
3014042,4.242359641626774
3014043,4.025852394712709
3014044,32.39496640693054
3014045,0.925756551996441
3014046,160.12653752599707
3014047,217.2730379910151
3014048,3.619706430999025
3014049,2.8320362674826125
3014050,154.6966790986265
3014051,66.67454231851673
3014052,1096.4589002548507
3014053,1.7400821292091844
3014054,2.2877458850178396
3014055,4.942658804771658
3014056,0.3165312765385979
3014057,2.4935415178779463
3014058,2328.5849001797055
3014059,0.0
3014060,473.4870319125917
3014061,7.6268837097460676
3014062,726.6262908158928
3014063,698.5396266803776
3014064,207.4550148361198
3014065,135.8526902449325
3014066,49.442247947469276
3014067,2921.540991725472
3014068,9.39028642713761
3014069,0.6459429218266488
3014070,18.867453789069312
3014071,15.179717686887493
3014072,0.0837646328195924
3014073,186.68966854298293
3014074,0.0
3014075,3.7857819515889233
3014076,4.0854064464995625
3014077,62.333990569163106
3014078,0.8736086738019802
3014079,92.99341639209139
3014080,182.1157264403634
3014081,4.071013818451677
3014082,3.259571397829194
3014083,146.35547670717003
3014084,54.48113604593101
3014085,840.4530542796388
3014086,1.072871350803955
3014087,4.716167246965864
3014088,8.745073182483097
3014089,0.9210005882669714
3014090,10.948233357489666
3014091,7718.331572401468
3014092,0.13577345817498748
3014093,1221.368905985269
3014094,33.209083144662955
3014095,1945.6028383636308
3014096,2028.8702173950678
3014097,312.0762258312543
3014098,450.64036064251803
3014099,336.44676424224775
3014100,7521.27601739406
3014101,75.58847209926283
3014102,2.6875071578393883
3014103,38.22202116399325
3014104,53.76217864648848
3014105,0.9792624221980899
3014106,492.14678099709755
3014107,33.247315827298905
3014108,77.5982283027516
3014109,18.197052127866144
3014110,182.977303170704
3014111,19.98723454878736
3014112,654.5037054856377
3014113,471.34592824725894
3014114,14.830819502200137
3014115,21.91592824921456
3014116,1056.4577427195056
3014117,241.18174828861788
3014118,11038.907974221942
3014119,1.2821319382549952
3014120,84.8559629843045
3014121,2.126477534434206
3014122,0.24057097749351977
3014123,0.6060653834112864
3014124,1192.7783200539534
3014125,0.0
3014126,137.08875524219522
3014127,2.77204235491971
3014128,528.1109973695393
3014129,305.19304391213154
3014130,103.40477191495273
3014131,85.35654038078769
3014132,37.69859518183061
3014133,1791.1096367287373
3014134,3.1888223901397073
3014135,0.24301238014846122
3014136,10.47735172665234
3014137,6.7067934058181455
3014138,0.22145792534786318
3014139,128.50587325043006
3014140,0.28484747205789873
3014141,0.0
3014142,2.6555981764149847
3014143,32.779311524290826
3014144,0.48901106563451574
3014145,52.758892395466084
3014146,81.76638081722015
3014147,1.3766892780052147
3014148,3.0627287896048667
3014149,95.23587314143086
3014150,15.51530206513604
3014151,431.450148848114
3014152,0.035039609490922774
3014153,3.605341519619235
3014154,6.100820918047202
3014155,0.19641595932307387
3014156,1.8040595418602376
3014157,2349.7787774707226
3014158,0.0
3014159,395.8545191765915
3014160,6.908242882999193
3014161,1097.0540321128474
3014162,685.5083273651252
3014163,178.9635727632507
3014164,185.34907109670044
3014165,61.84495879187521
3014166,3494.6420192259225
3014167,8.60185257343783
3014168,0.13292731744369488
3014169,16.871145255038087
3014170,18.890907785411187
3014171,0.11588767606099473
3014172,219.73728176614452
3014173,0.9664771863620114
3014174,2.415244917914453
3014175,7.3375003261712095
3014176,12.390109008339925
3014177,0.9521258053248354
3014178,282.53012498976375
3014179,209.254029859178
3014180,3.0648667241572056
3014181,5.388678103367345
3014182,100.03077204913876
3014183,64.73929920010315
3014184,878.3586357228781
3014185,1.228404938733707
3014186,4.336977792399242
3014187,1.0707032764465154
3014188,0.0
3014189,0.3362849166511807
3014190,687.8804939979918
3014191,0.0
3014192,98.79564106318013
3014193,1.825835197683075
3014194,803.4110428632964
3014195,171.8142832719508
3014196,81.15231434572205
3014197,140.7079267488245
3014198,12.82031715153212
3014199,1204.6885609147043
3014200,1.1439315768166884
3014201,0.20024458982766016
3014202,9.518713315905709
3014203,3.301040237234604
3014204,0.024637759208004536
3014205,79.65280107742159
3014206,0.0
3014207,0.0
3014208,0.24732245167497716
3014209,10.723206460327027
3014210,0.22852305422547908
3014211,58.05988221103791
3014212,78.10906489556325
3014213,0.346594369717313
3014214,0.9684315853750127
3014215,44.17769303381786
3014216,10.17994425751315
3014217,143.68031843085987
3014218,0.02861066161688448
3014219,1.2052667836804467
3014220,5.580188559408908
3014221,0.0
3014222,1.1576008209101962
3014223,1564.9989224849758
3014224,0.0
3014225,188.004890466928
3014226,6.348842896780212
3014227,762.5686524299828
3014228,490.1932865787105
3014229,148.3214977441353
3014230,107.67653345765208
3014231,42.20189856405556
3014232,2254.6522430216864
3014233,2.4356932488453835
3014234,0.39410862391655177
3014235,19.965659907709277
3014236,12.011703643175057
3014237,0.1343663928591607
3014238,171.4322141866835
3014239,0.0
3014240,0.0
3014241,9.713228295305802
3014242,34.408684538311945
3014243,0.8767115993046686
3014244,241.88163754103724
3014245,163.01727107485848
3014246,1.2010850222287313
3014247,3.6162643435273374
3014248,195.4226376106656
3014249,25.652503721984193
3014250,975.0768838162721
3014251,0.0
3014252,0.5769845451996325
3014253,2.5793556146005976
3014254,0.25756525291608634
3014255,2.346212447953119
3014256,1893.7033304902563
3014257,0.0
3014258,559.2371035915847
3014259,5.791392113883466
3014260,644.1201107115849
3014261,711.1085441359952
3014262,197.58052076324086
3014263,87.7100510050816
3014264,55.910495279366586
3014265,3068.8557068166147
3014266,4.233405223820155
3014267,2.6882267865004663
3014268,29.22010754438266
3014269,32.35966018597274
3014270,0.22905252576109095
3014271,166.82889579944768
3014272,2.331732648334289
3014273,2.8866291233477517
3014274,2.769019174692539
3014275,29.95785290958701
3014276,1.5985152840344372
3014277,165.7637647212007
3014278,221.54151022904213
3014279,2.7444084604294448
3014280,5.130004157609653
3014281,137.0388341877735
3014282,26.002818897007135
3014283,545.1016672596703
3014284,2.0306527670274463
3014285,3.668633952544927
3014286,3.265118375694704
3014287,0.015404104281460027
3014288,0.14545418875591493
3014289,1109.9520480347428
3014290,0.0
3014291,75.06674302794472
3014292,3.509028140789585
3014293,392.44467802403244
3014294,200.92719471840857
3014295,75.73215375964283
3014296,105.02293319024761
3014297,28.180672850073144
3014298,1517.3171790365627
3014299,2.9818171319495725
3014300,0.27433248549785333
3014301,6.882894243567933
3014302,6.523808021232654
3014303,0.19080005513265125
3014304,95.07914005175508
3014305,0.0
3014306,0.0
3014307,0.2991149488361093
3014308,12.534762251743043
3014309,0.3818115726761578
3014310,159.8768559384986
3014311,79.36329948064237
3014312,0.5854033719090177
3014313,0.8980945482403315
3014314,31.80802452737155
3014315,14.355060233693596
3014316,307.130530585048
3014317,0.09869053036978485
3014318,0.40012088408574636
3014319,3.03101946096319
3014320,0.02578265823571457
3014321,0.5414706363427373
3014322,2822.7049630609786
3014323,0.0
3014324,371.4716642200034
3014325,4.917954566730168
3014326,757.2914115085779
3014327,614.7919918724579
3014328,196.45812232110467
3014329,80.90199611536953
3014330,63.34597201242691
3014331,3110.8575178793117
3014332,5.135748921644625
3014333,0.35118082464424344
3014334,15.901592023948709
3014335,7.819229963349295
3014336,0.16985449526195515
3014337,175.42599908687296
3014338,0.0
3014339,16.465484572634654
3014340,2.420983853914548
3014341,37.84613978281557
3014342,0.6152282679487249
3014343,197.94931544673182
3014344,183.24564619134716
3014345,1.498425029012524
3014346,3.7110469476341095
3014347,96.79075109503383
3014348,46.95524267971798
3014349,942.4643166340852
3014350,0.5967421064763245
3014351,0.6178737433317523
3014352,3.2722375338560896
3014353,0.0
3014354,5.203946434993483
3014355,2816.2471142224977
3014356,0.0
3014357,541.5137264747549
3014358,7.641093115858705
3014359,1008.1708114745793
3014360,853.5948942717215
3014361,156.20873174823797
3014362,122.9153151663661
3014363,112.46119127185918
3014364,3828.4605473370234
3014365,56.050131299304184
3014366,1.2663768798460393
3014367,20.314696438848667
3014368,29.782322947679514
3014369,0.21060930732825148
3014370,240.42780529901967
3014371,20.704766222368253
3014372,35.1762664731863
3014373,1.8998980408454673
3014374,103.29178966162239
3014375,6.558630776187558
3014376,203.1523508929243
3014377,239.1962594474845
3014378,10.932702846426794
3014379,15.141321229778256
3014380,252.94042145250026
3014381,74.42575691678091
3014382,3868.4698289456587
3014383,0.06674247804337492
3014384,10.653184332487909
3014385,4.396973374747926
3014386,0.0
3014387,5.7190650229583815
3014388,2636.475153831047
3014389,0.02577240509826049
3014390,443.2167977711826
3014391,8.92316823482741
3014392,1182.4973493513307
3014393,725.4685615526074
3014394,137.64117165771555
3014395,81.66084593435117
3014396,126.70024833314324
3014397,3364.4397923037113
3014398,25.495576152260288
3014399,0.9318566182082104
3014400,30.73962089804423
3014401,65.85471498836928
3014402,0.06245660849718191
3014403,282.72537795978195
3014404,15.796823810941099
3014405,21.140992164735984
3014406,6.6658734489446605
3014407,109.17071870717974
3014408,8.245363642030993
3014409,154.88350015906838
3014410,504.1101238840183
3014411,6.630488781204543
3014412,9.305518356713877
3014413,119.1391840498069
3014414,75.21709121788071
3014415,2733.3709471739767
3014416,0.21517496956879487
3014417,11.851934663698534
3014418,6.066284351010678
3014419,0.24331995118024302
3014420,3.2160863007144114
3014421,3423.546837644656
3014422,0.0
3014423,572.4040581742123
3014424,6.131004120705259
3014425,1463.235483121959
3014426,659.0127943869226
3014427,189.34443058048876
3014428,217.3621210358505
3014429,54.85201832716976
3014430,4783.3562210675045
3014431,24.722724249625507
3014432,1.0296621427689585
3014433,15.894553790250828
3014434,17.925174146015994
3014435,0.1237171504043342
3014436,260.35003191008275
3014437,3.3517987179409285
3014438,10.486533658158647
3014439,5.654856355983271
3014440,46.641926465114494
3014441,2.065706482228192
3014442,137.15372811576842
3014443,246.421185195365
3014444,4.748422547897165
3014445,8.200845458434623
3014446,195.93016264384192
3014447,58.681824820555406
3014448,1297.1916981386466
3014449,19.300959609399424
3014450,13.542623858470538
3014451,2.798099768599415
3014452,0.18432482530181185
3014453,4.296074541918561
3014454,2243.792503119369
3014455,0.11676635802068983
3014456,371.79138769602554
3014457,6.729482187611073
3014458,789.2516250480105
3014459,715.1431185322152
3014460,174.54229424629617
3014461,126.95415470271402
3014462,82.68357681689433
3014463,3080.885201966836
3014464,21.513956464875438
3014465,1.335446874319123
3014466,11.322897800508425
3014467,11.72544628583202
3014468,0.2538451023255833
3014469,220.30553823543224
3014470,15.201531102364417
3014471,26.474133497656762
3014472,1.0830820145745017
3014473,59.30303061029045
3014474,5.438026401575845
3014475,340.01498614019283
3014476,207.49398679027468
3014477,5.0249913542902895
3014478,8.106743887740805
3014479,341.5995498310007
3014480,53.29205238917973
3014481,2987.3383424149865
3014482,0.11311936293717227
3014483,23.321045238879357
3014484,2.7983628738359054
3014485,0.1899290274956727
3014486,1.6642225959935208
3014487,3897.119153302493
3014488,0.0
3014489,335.88956214997177
3014490,7.875689170692986
3014491,1414.3288739814914
3014492,776.3850175839952
3014493,231.03053104628356
3014494,158.63141525256012
3014495,51.74482580073279
3014496,4774.42612283724
3014497,8.348093779187973
3014498,1.554558822359155
3014499,25.140485675184934
3014500,17.785608641414367
3014501,0.18130679589394688
3014502,376.84287918371405
3014503,0.0
3014504,0.08587770928118142
3014505,6.6576104422971225
3014506,36.11709098725702
3014507,1.2879177155074943
3014508,121.28843951470516
3014509,277.05448350166154
3014510,2.344486132684501
3014511,7.320366139585255
3014512,149.90239435917718
3014513,55.45876466268239
3014514,892.7677193916826
3014515,0.0
3014516,3.4618348259315184
3014517,5.374271009801846
3014518,0.0347034975035149
3014519,6.477588977129879
3014520,2502.3741712718283
3014521,0.0
3014522,433.6702058365223
3014523,8.392953925437029
3014524,1084.6800318791145
3014525,659.0258591495975
3014526,202.53904270278483
3014527,114.13511073380076
3014528,104.76039482640095
3014529,3659.929441847326
3014530,28.291063780921455
3014531,0.9663694681776962
3014532,20.122701815723097
3014533,28.641920637546477
3014534,0.17326336256512487
3014535,231.60860521365848
3014536,11.918304896050843
3014537,23.470377825575188
3014538,5.53604172977714
3014539,116.47366246514305
3014540,8.09138384072455
3014541,186.5376457495947
3014542,574.1938234535477
3014543,10.9632624011783
3014544,6.875851282947237
3014545,192.68673406167582
3014546,63.56641683615541
3014547,2739.0750090258034
3014548,0.341360705796328
3014549,5.8808350199278685
3014550,2.1110181508369577
3014551,0.0
3014552,4.142411959241586
3014553,2713.282899385144
3014554,0.0
3014555,463.92845078967605
3014556,9.555718850616868
3014557,696.3862201854616
3014558,758.1046093039366
3014559,154.08323106399982
3014560,121.10098533936869
3014561,100.69362067723851
3014562,2945.894679731312
3014563,28.991605223130946
3014564,0.6666768157931826
3014565,13.607293565849668
3014566,16.638141015268324
3014567,0.11250788360374002
3014568,201.2717970709658
3014569,13.636953401395079
3014570,41.00131526609459
3014571,7.705537672563326
3014572,63.176490852639276
3014573,7.2729687740692235
3014574,214.741176645443
3014575,204.6293621526802
3014576,7.494323989754722
3014577,7.449973205484843
3014578,228.92712594043593
3014579,55.53546544145381
3014580,3162.6102040107944
3014581,0.13935538828596813
3014582,13.540012999859233
3014583,3.213163287215048
3014584,0.08776110409644426
3014585,3.0973403092386302
3014586,3659.9703972588313
3014587,0.0
3014588,444.9949318101619
3014589,9.629463007512255
3014590,933.3572662132217
3014591,618.5892078634835
3014592,222.04663272614283
3014593,149.32659819678273
3014594,40.416304332943085
3014595,3605.1865673968823
3014596,5.828997358161916
3014597,0.16530222005914255
3014598,10.906631730932766
3014599,13.90312280775799
3014600,0.09888209599034056
3014601,202.98319537967177
3014602,0.0
3014603,4.752098560552298
3014604,0.6606238606624135
3014605,43.350970432439006
3014606,2.3547602208292813
3014607,171.59008825167567
3014608,227.54582796292837
3014609,2.246818803353243
3014610,1.796625381718587
3014611,215.22236208920552
3014612,107.56705280204497
3014613,873.792745255651
3014614,1.6021882931184535
3014615,0.6536147374313439
3014616,11.717991150342035
3014617,0.0
3014618,12.440752284541306
3014619,7949.634484423421
3014620,0.05562632404846686
3014621,1488.337813320525
3014622,29.433805797473628
3014623,2610.162640680161
3014624,2232.367242014798
3014625,461.2289259272311
3014626,515.7461710778446
3014627,376.2231414682434
3014628,8720.126445448299
3014629,89.89302838390121
3014630,3.273175299123035
3014631,99.47560889140823
3014632,110.32896810971667
3014633,0.6250639676822338
3014634,629.1655114957432
3014635,32.57686365512017
3014636,23.55812214438764
3014637,18.436103411386522
3014638,249.397359188745
3014639,19.559854141549383
3014640,751.3370930794486
3014641,498.28841595588995
3014642,30.03127416516223
3014643,32.44071888059917
3014644,1039.4469219416992
3014645,326.7463627897106
3014646,11912.963058868218
3014647,158.98792390664266
3014648,80.1017639265791
3014649,11.517773309058056
3014650,0.0
3014651,9.843041347543625
3014652,7682.065121250382
3014653,0.06997086817717889
3014654,1061.8681785302244
3014655,24.19887199061076
3014656,2232.1898220208077
3014657,1949.8928581801656
3014658,540.8985253559268
3014659,308.9601994664118
3014660,260.51503403992155
3014661,9435.167809862514
3014662,128.32744757609993
3014663,1.2483414836119828
3014664,54.72780832707006
3014665,74.22643188331207
3014666,0.6476419863600722
3014667,553.8261076871495
3014668,21.470073363009064
3014669,41.26030282671261
3014670,6.3816123197812615
3014671,176.32415336355922
3014672,13.459239630164879
3014673,839.3458194603147
3014674,576.8746784675492
3014675,17.11087412000783
3014676,23.58775713045999
3014677,1054.009994796804
3014678,257.15582164069434
3014679,7885.611227316211
3014680,127.60919590686206
3014681,77.14504830630533
3014682,9.250226228815029
3014683,0.0
3014684,12.020059322332017
3014685,4943.677057210153
3014686,0.1709852293211943
3014687,795.7899967585469
3014688,12.927218601332019
3014689,2009.8071194922559
3014690,1273.4284422003195
3014691,593.5233394654068
3014692,112.56237160042966
3014693,188.78391353447816
3014694,7771.99225996574
3014695,34.2459602544732
3014696,1.071941866625758
3014697,30.46376218387673
3014698,22.266262856431577
3014699,0.2935625240452835
3014700,511.79091747942687
3014701,30.399524341764614
3014702,30.74656836127887
3014703,7.540706855975307
3014704,88.93217150936744
3014705,7.39929873232364
3014706,855.5075787533584
3014707,576.6763945239411
3014708,19.269872652967766
3014709,38.520657346381554
3014710,584.4117494083196
3014711,131.635770758301
3014712,3390.538057636421
3014713,128.61702974081047
3014714,36.054332634124314
3014715,9.92745738635567
3014716,0.0
3014717,14.525650859181464
3014718,6967.537191644915
3014719,0.0736021639924983
3014720,1003.7576274294335
3014721,19.623138984837368
3014722,2007.4472904990166
3014723,1862.7375820924408
3014724,521.5092559464512
3014725,294.98513719789844
3014726,220.86748669728345
3014727,8656.064823691046
3014728,47.90529068819652
3014729,1.4072369497652124
3014730,61.98878187207606
3014731,68.92379922012162
3014732,0.2595091565597317
3014733,525.5177749566601
3014734,26.975211759993474
3014735,37.10872952927335
3014736,12.421406234825861
3014737,168.2788476700822
3014738,9.454940937092772
3014739,702.318286653055
3014740,544.2903086591633
3014741,17.872426231734593
3014742,24.364864605934027
3014743,890.2252360491989
3014744,192.92336747239617
3014745,7098.990929518891
3014746,143.4678931074383
3014747,56.23971425895326
3014748,8.22370463384993
3014749,0.0
3014750,13.362624206130748
3014751,3691.0381467856732
3014752,0.04199633280874802
3014753,634.3428459227388
3014754,16.200177783453068
3014755,1666.7594321940485
3014756,1017.2835256951648
3014757,509.58005319751237
3014758,91.54802917209271
3014759,135.18788629004467
3014760,6287.461388651167
3014761,37.384554368472635
3014762,0.36039184863422524
3014763,23.2876539486124
3014764,37.24796920903826
3014765,0.22475194269403592
3014766,495.01008120605064
3014767,14.930833757838556
3014768,10.416520405467303
3014769,8.24776495447543
3014770,90.71460509293264
3014771,3.180088977443953
3014772,684.794788132449
3014773,773.4020883333463
3014774,11.13831707210765
3014775,19.22566664459255
3014776,603.4516564528215
3014777,78.02790514746368
3014778,2326.6301103128108
3014779,185.95872143303123
3014780,16.70228704496794
3014781,7.962110041044092
3014782,0.0
3014783,9.914028768266528
3014784,6242.7887144056385
3014785,0.04959147237807315
3014786,1176.8731455311643
3014787,24.598384149755404
3014788,1818.6714309257998
3014789,1988.8100969110426
3014790,367.21539479016553
3014791,401.7293186465067
3014792,328.64661728775076
3014793,7192.287605147843
3014794,63.780750339406524
3014795,1.2604684464573221
3014796,42.28016477987718
3014797,56.194880800271505
3014798,0.5155039490406428
3014799,440.25062294241525
3014800,16.21642431091779
3014801,33.054287634281515
3014802,10.445934820595886
3014803,195.90697951028545
3014804,13.69657527137251
3014805,645.685577605658
3014806,436.2999243195068
3014807,14.248580279909053
3014808,26.927667471666847
3014809,879.5502957265252
3014810,234.9955117965016
3014811,10558.932618422617
3014812,126.85983590465118
3014813,75.63644361074707
3014814,3.7854889912455114
3014815,0.18255187900119554
3014816,3.887800717124904
3014817,1914.6289641542126
3014818,0.0
3014819,333.1713537329355
3014820,17.99521195892688
3014821,906.6130454865668
3014822,519.1133909101327
3014823,214.19270796823474
3014824,80.07193503685983
3014825,72.62755229507218
3014826,2870.1093119306934
3014827,40.007195140740016
3014828,0.8642381412971141
3014829,24.809718791767867
3014830,20.30245777170824
3014831,0.32588200143063983
3014832,205.80012143866804
3014833,10.993643176076649
3014834,8.960802738756636
3014835,8.66637820232623
3014836,47.75397596483054
3014837,4.932948594582837
3014838,226.00677914859475
3014839,233.0052047873036
3014840,2.4588777095138292
3014841,6.262890229031553
3014842,220.6633353956265
3014843,55.567375554410496
3014844,2101.468774349409
3014845,0.7068809487875993
3014846,9.461876801017384
3014847,6.985177136116231
3014848,0.0
3014849,11.145057359879136
3014850,3712.200909106835
3014851,0.07456864507746065
3014852,532.1452289120351
3014853,24.887993498772875
3014854,1444.6240366225047
3014855,973.9800123751216
3014856,403.96555664153937
3014857,85.91452282390915
3014858,127.17783869380389
3014859,5580.373102804668
3014860,80.01671448890112
3014861,1.073175024590463
3014862,42.891378157296586
3014863,41.16626969968385
3014864,0.2837200947412027
3014865,388.3039961859327
3014866,15.78721295838092
3014867,8.575502422515788
3014868,1.7012495589295127
3014869,112.05449253322718
3014870,6.29850826626257
3014871,527.256140777878
3014872,423.57614160135097
3014873,8.342523238956426
3014874,19.584781008229466
3014875,363.20575901993317
3014876,72.42334871121328
3014877,2685.0986666620406
3014878,211.0403151137636
3014879,15.092247100418128
3014880,6.278930668897331
3014881,0.0
3014882,4.513704877165862
3014883,4280.43003580177
3014884,0.0628537424378257
3014885,848.956915282912
3014886,8.301235402843309
3014887,1380.471120310458
3014888,1569.7596950293369
3014889,227.86919347870608
3014890,335.189774478724
3014891,226.8252690294113
3014892,4899.55393045559
3014893,28.96799117016633
3014894,0.9223746750569224
3014895,28.629626668851007
3014896,35.21247466822651
3014897,0.4245070273613514
3014898,329.48993218297477
3014899,1.9703999325079185
3014900,49.63897053973851
3014901,4.7517752539399645
3014902,114.42353000647496
3014903,9.495026931737117
3014904,554.6883644743106
3014905,276.648406779165
3014906,18.87692433542228
3014907,8.92291110721498
3014908,727.2395603905019
3014909,118.88801135338463
3014910,8176.817259707316
3014911,3.5709888338260107
3014912,46.3177090259077
3014913,11.345218954962482
3014914,0.0
3014915,6.109387188051541
3014916,4082.2412970161713
3014917,0.0
3014918,751.7914419936056
3014919,10.23806132185245
3014920,1540.7769248246188
3014921,1110.6045236257037
3014922,304.2006123231218
3014923,187.29431710738285
3014924,251.5350222487527
3014925,5346.189938472483
3014926,49.71380109877207
3014927,2.3515561385197667
3014928,20.438635116496567
3014929,74.64082708376515
3014930,0.22857112846444208
3014931,335.41938185594466
3014932,5.841156245511113
3014933,62.15938138097223
3014934,7.246284542020417
3014935,189.56483606983792
3014936,6.772567576950574
3014937,391.3711364063192
3014938,321.68064368250015
3014939,12.026046924370545
3014940,8.878333103428032
3014941,433.3441984616203
3014942,125.00830575869182
3014943,7649.860117482527
3014944,2.3754444221126256
3014945,9.281718918387005
3014946,7.490457485619963
3014947,0.03414750808731373
3014948,5.32253012422749
3014949,2272.3284776606897
3014950,0.0
3014951,464.6157823176359
3014952,5.6606678069843515
3014953,1050.5605075319058
3014954,538.2888985118741
3014955,214.45905262523885
3014956,83.90744161075197
3014957,94.51894600548904
3014958,3084.1617503473235
3014959,12.452374827066738
3014960,1.111166634873419
3014961,19.704123090546197
3014962,28.338078745532673
3014963,0.12819669780461102
3014964,211.03435549840086
3014965,3.0277518866903446
3014966,14.329872761526143
3014967,4.5032156636087315
3014968,64.46979041782423
3014969,2.594576772787202
3014970,255.4307177928742
3014971,235.34868030079906
3014972,4.07381163974824
3014973,5.355795747998638
3014974,175.94156147835855
3014975,85.30170197362304
3014976,3196.569506378087
3014977,0.31527408463814965
3014978,2.682073682336441
3014979,4.641755611748858
3014980,0.0
3014981,0.6807476154779277
3014982,1941.1191635783211
3014983,0.0
3014984,196.03754711537167
3014985,2.615987522801617
3014986,775.6516968832191
3014987,221.9491945484656
3014988,171.55645291186892
3014989,50.388182280137606
3014990,25.216577217212677
3014991,2363.42961962298
3014992,4.152980609196215
3014993,0.5224925573612018
3014994,12.905279186748334
3014995,8.018702006533424
3014996,0.04359527892948057
3014997,165.12841710139742
3014998,0.0
3014999,0.0
3015000,2.66716938283756
3015001,11.938462241230008
3015002,0.689025282087258
3015003,43.07093340448258
3015004,144.12905062382174
3015005,0.13218358648372727
3015006,1.5258714106742595
3015007,47.157083288833086
3015008,75.85295316751477
3015009,511.16089056504654
3015010,0.0
3015011,1.829003244154661
3015012,4.241873035730937
3015013,0.07625482599185036
3015014,6.620863846332225
3015015,3260.141017263727
3015016,0.0
3015017,530.3883522708753
3015018,10.776454580428462
3015019,1144.8061879974905
3015020,933.4737977401519
3015021,290.4938384198989
3015022,159.21750312831404
3015023,131.03238761258658
3015024,4372.426804707989
3015025,27.654633376292175
3015026,0.8087692599498417
3015027,24.393860813025388
3015028,45.40703464229033
3015029,0.09182842068927656
3015030,296.3307133614296
3015031,18.424866221277536
3015032,21.083844895212298
3015033,12.750784294495137
3015034,63.998156141196176
3015035,5.4920525727998895
3015036,406.01125910480374
3015037,297.44871736327565
3015038,8.145393554331392
3015039,12.025199090324762
3015040,471.7012337577196
3015041,84.3332074554535
3015042,3643.3067781380328
3015043,0.0
3015044,34.87331945623113
3015045,4.75444037371652
3015046,0.0625480785254993
3015047,5.217586370629814
3015048,4129.013842169048
3015049,0.12537178011068711
3015050,699.7800124549984
3015051,15.065933344701453
3015052,1098.0719782730594
3015053,1410.2558718844414
3015054,190.85754520443328
3015055,272.3790725680525
3015056,208.56785168842202
3015057,4221.3115778671245
3015058,40.074963870570194
3015059,2.6589523754430275
3015060,25.166274088292123
3015061,24.96088737530484
3015062,0.6378964512266292
3015063,266.3614117175062
3015064,11.634106925482785
3015065,45.57439706511585
3015066,6.915585276301253
3015067,134.71735700761346
3015068,9.15870544172997
3015069,463.57341362907886
3015070,261.5651030959922
3015071,6.250007853515734
3015072,11.974377441249041
3015073,678.7607487865033
3015074,147.67337139571686
3015075,7237.550533134719
3015076,0.2915842890583862
3015077,48.886328538897196
3015078,4.1772615606766275
3015079,0.20500384050365578
3015080,8.930587526733921
3015081,4291.1325514151
3015082,0.07766363034904292
3015083,806.6850970799054
3015084,19.17659963786531
3015085,1263.1552361569336
3015086,1364.7062783033655
3015087,250.07865362224626
3015088,283.82036116128825
3015089,159.1403275286645
3015090,4505.8801185075035
3015091,30.986236258629297
3015092,3.7586207610037086
3015093,38.43136901194087
3015094,68.94677050702698
3015095,0.28608895602898166
3015096,333.1912438587583
3015097,25.310998779776867
3015098,46.08722366648262
3015099,18.220423795879853
3015100,119.12936585942583
3015101,14.559066086499323
3015102,378.12513016392205
3015103,278.676813970184
3015104,13.935690723063995
3015105,17.711238427195813
3015106,541.2129172934547
3015107,157.08138764436003
3015108,6746.6292559952935
3015109,0.40728631289193545
3015110,40.03811105560925
3015111,7.454826774905744
3015112,0.13248478096759544
3015113,5.011617936721464
3015114,2704.457743606372
3015115,0.0
3015116,416.34514015680884
3015117,11.490638258200203
3015118,1318.6847542583166
3015119,772.4509544060631
3015120,432.8781809517849
3015121,149.4264766890597
3015122,76.66739979097522
3015123,5121.566465204908
3015124,8.01932783209284
3015125,0.7548117204094358
3015126,38.02526208947707
3015127,32.088188712881255
3015128,0.060151015934188735
3015129,341.58780012580195
3015130,6.982189536261732
3015131,3.507089162576839
3015132,7.4056897601341785
3015133,40.769270717103744
3015134,2.483033419520004
3015135,284.08928281092415
3015136,348.2140931791374
3015137,6.175591489974242
3015138,5.907665878062464
3015139,336.54151483398573
3015140,79.21225181912315
3015141,1102.0195662901135
3015142,61.72799987188474
3015143,13.564086565907028
3015144,3.468741967812881
3015145,0.0
3015146,2.3901870208985594
3015147,2014.153361553337
3015148,0.18713592077168342
3015149,320.1885212686185
3015150,12.87002173843082
3015151,645.1308965424558
3015152,659.8243421810533
3015153,122.69137167282675
3015154,122.41262279395652
3015155,125.63942827136118
3015156,2407.544669729077
3015157,20.501141550110844
3015158,1.518934557850725
3015159,18.552179075749606
3015160,23.387454265456388
3015161,0.5299958687568347
3015162,162.51194192603683
3015163,10.95309328530547
3015164,13.330981929149221
3015165,4.326558818401866
3015166,88.87970230457165
3015167,5.565873032920217
3015168,261.05574298214896
3015169,137.9114557572376
3015170,3.55854157941868
3015171,6.7689539710208715
3015172,289.9366460469433
3015173,68.08723596152107
3015174,2215.3710089092997
3015175,0.0
3015176,23.35425276082082
3015177,1.0317788619788324
3015178,0.0
3015179,1.1035878873420355
3015180,1003.5828368626962
3015181,0.0
3015182,78.35336248096941
3015183,2.2876478571594374
3015184,737.9350900823514
3015185,211.89925926004304
3015186,200.62777362236776
3015187,22.710061203019922
3015188,24.70535155149351
3015189,2105.764592153022
3015190,3.0405141048457853
3015191,0.15376762357964485
3015192,8.359990885197792
3015193,4.2567433080948645
3015194,0.003007503555120213
3015195,124.41933656139628
3015196,1.5814516395669735
3015197,0.0
3015198,0.7719023548501247
3015199,7.720455942944762
3015200,0.3296883353427546
3015201,204.393942065322
3015202,143.03225257326
3015203,0.49670998757204415
3015204,2.7896432667090534
3015205,108.3067656011883
3015206,24.886255221189103
3015207,193.2593651529588
3015208,2.410916069466619
3015209,0.834239636660514
3015210,5.2952080537161095
3015211,0.1635151769119711
3015212,3.5145113926002614
3015213,3592.7716479888254
3015214,0.0
3015215,545.7388656340974
3015216,10.94708383284006
3015217,1477.4764225264064
3015218,530.0224779997378
3015219,404.130741529663
3015220,124.63017023148497
3015221,63.87508537437432
3015222,5666.248140562379
3015223,30.96307800631554
3015224,0.4164771338303391
3015225,18.574313379366668
3015226,16.374090047644117
3015227,0.0680029374139839
3015228,385.7507629620759
3015229,9.327761153694093
3015230,1.2162068699207635
3015231,7.048815878797452
3015232,37.25457366683992
3015233,1.8707998389373808
3015234,798.9032256517521
3015235,304.1227300970126
3015236,1.80841457175721
3015237,11.266059386671783
3015238,302.63786749949094
3015239,95.79592973001176
3015240,1044.3008991900244
3015241,18.353403084652278
3015242,6.2968796368704965
3015243,3.977661304916132
3015244,0.0
3015245,0.2993410036687558
3015246,1255.9794326411063
3015247,0.0
3015248,145.30318040455364
3015249,5.593366959521068
3015250,815.3909304465653
3015251,343.9954893921571
3015252,174.498513270553
3015253,62.8012877610901
3015254,33.19939106099806
3015255,2611.1006127027395
3015256,7.057344830033848
3015257,0.3932161383820591
3015258,12.385802826102545
3015259,15.12710699386318
3015260,0.16861500778283658
3015261,147.16884155905777
3015262,4.682670029105845
3015263,0.0
3015264,6.620605347264823
3015265,34.76603701650588
3015266,0.9691892840338283
3015267,195.98541616325232
3015268,147.94585667927956
3015269,0.9854102454570177
3015270,4.526696165225478
3015271,140.76771388251518
3015272,34.467396715552624
3015273,299.65655320248413
3015274,4.116261298036203
3015275,2.9885155747150076
3015276,3.5483618870998965
3015277,0.0
3015278,2.0148454639323936
3015279,1240.9473749853894
3015280,0.0
3015281,95.95800494995996
3015282,5.104578354047357
3015283,881.7351737844011
3015284,208.1738207750716
3015285,113.74336976372757
3015286,32.92296728569466
3015287,26.14891370674601
3015288,2274.429547332041
3015289,8.185237846992527
3015290,0.0625234692944799
3015291,9.50449301407582
3015292,8.101962018521679
3015293,0.01772661583666676
3015294,109.63588923083782
3015295,1.1011427120991089
3015296,0.0
3015297,1.7924679582503154
3015298,23.784965377201626
3015299,0.6947127530574415
3015300,167.78040792684334
3015301,147.44305782735975
3015302,0.27014302177921196
3015303,4.1953658784045365
3015304,84.30741651450089
3015305,20.142809822784315
3015306,139.52236507244285
3015307,11.03695023640138
3015308,1.3134599022071285
3015309,2.5534831740571056
3015310,0.0
3015311,2.314793723214331
3015312,1284.0776882239318
3015313,0.0
3015314,134.75134365815606
3015315,4.742482330865983
3015316,1540.6213371417039
3015317,329.5460600937995
3015318,197.1082258322246
3015319,24.389884737166923
3015320,35.09274990093719
3015321,2496.141288289808
3015322,9.228203947421324
3015323,0.32335020478058013
3015324,10.126884740137111
3015325,15.28143216775057
3015326,0.10109081187816438
3015327,184.38210950596985
3015328,0.95127480129208
3015329,0.0
3015330,2.424797490872986
3015331,13.508905265508288
3015332,1.2623104537773946
3015333,348.6274350122092
3015334,201.62161555837187
3015335,0.7564791254262777
3015336,3.0877735339993784
3015337,69.19095582134044
3015338,90.27040208082944
3015339,325.6813848749195
3015340,0.08986476061975397
3015341,3.60739343428558
3015342,2.3598381707654723
3015343,0.6556314898148174
3015344,2.28187306982937
3015345,1521.2709715613018
3015346,0.0
3015347,150.77972352862474
3015348,1.8579683097483253
3015349,788.8466218709715
3015350,293.1612772056876
3015351,247.52103321834895
3015352,69.15386224500257
3015353,56.985920656687036
3015354,2448.6921231567153
3015355,4.860750999786353
3015356,0.47613834294006846
3015357,8.678577616174518
3015358,16.04187530927342
3015359,0.08453834623027412
3015360,182.15787407681773
3015361,6.861851816838465
3015362,0.0
3015363,2.328935030862954
3015364,19.550257426919554
3015365,0.8964417440577286
3015366,146.11908776431716
3015367,162.42736634476654
3015368,0.6998443154158644
3015369,4.553232135487681
3015370,103.66394187282728
3015371,43.35518968146372
3015372,496.9728964903477
3015373,0.0
3015374,3.9684417514926933
3015375,2.9440550905062626
3015376,0.026741668258615254
3015377,0.4373527751501396
3015378,967.9871025061932
3015379,0.0
3015380,110.47375930226963
3015381,3.673030227341303
3015382,847.5265535034935
3015383,182.1831828789251
3015384,121.93372204386525
3015385,99.72563751152713
3015386,23.26448779528346
3015387,1624.5451098765232
3015388,3.6521483491163655
3015389,0.19237278583916523
3015390,9.691865237416106
3015391,7.42819203778755
3015392,0.11129630978980287
3015393,140.125115481247
3015394,0.0
3015395,0.0
3015396,1.6389527912167705
3015397,33.65496406547351
3015398,0.8295586354564219
3015399,56.88588877527411
3015400,106.04867964552767
3015401,0.4755304523481855
3015402,2.1623260510192135
3015403,57.59823330802503
3015404,30.73742511053562
3015405,331.4400895852349
3015406,0.0
3015407,0.6861461995757578
3015408,5.300925504363041
3015409,0.31069396331132615
3015410,2.9243810619275235
3015411,2396.627448027925
3015412,0.0
3015413,243.45527602971887
3015414,5.763733189709704
3015415,795.7383024488931
3015416,494.41484476178067
3015417,369.5287295103188
3015418,144.2873633564377
3015419,69.14476815401326
3015420,3398.4213585283837
3015421,11.494801720786876
3015422,0.6487481931860104
3015423,15.376090324609098
3015424,18.38923927523438
3015425,0.1656321243079312
3015426,210.60704313827898
3015427,0.5464820221194406
3015428,0.0
3015429,7.466535387136062
3015430,25.672322188380168
3015431,2.1322716677543765
3015432,265.51875919656254
3015433,198.75053570504647
3015434,1.267682617240561
3015435,5.613709119760507
3015436,267.3388526141984
3015437,51.92178486800806
3015438,944.204478241696
3015439,8.34991454831858
3015440,9.1990602766955
3015441,2.2492528624859607
3015442,0.0
3015443,3.379335037130976
3015444,1784.6801941893177
3015445,0.0
3015446,413.8311717328525
3015447,5.34832354553354
3015448,447.6899287831079
3015449,445.711503727359
3015450,158.4565405551107
3015451,108.88422495988884
3015452,28.649123122871003
3015453,2088.6474115092506
3015454,5.905386639988872
3015455,0.4328249361802813
3015456,16.640902937981668
3015457,9.348601384892401
3015458,0.032718440225104665
3015459,136.06699524947118
3015460,5.9418575376553004
3015461,3.2711727582640817
3015462,3.393142763371408
3015463,43.08041779213903
3015464,1.1144475634102422
3015465,202.72847823248514
3015466,112.91547561152217
3015467,2.768407118531696
3015468,3.9595563698428933
3015469,43.27291353506039
3015470,31.890629092898642
3015471,999.3217710614318
3015472,18.54545654709715
3015473,6.826970953210618
3015474,3.8725213774671907
3015475,0.38840658902118896
3015476,2.606022618166697
3015477,1728.323530840207
3015478,0.0
3015479,118.65091948303734
3015480,4.4417854414669025
3015481,651.1899368331223
3015482,241.2677992363548
3015483,194.45472362242262
3015484,41.74849054378817
3015485,33.00759832629958
3015486,2441.403569068206
3015487,21.768177571474187
3015488,0.7415712848943907
3015489,14.90628988047418
3015490,7.2041806694047175
3015491,0.06883184225026587
3015492,131.08302957960942
3015493,4.253930357142101
3015494,0.0
3015495,2.7930842538222422
3015496,28.30547763206563
3015497,1.4754115680599638
3015498,120.32718410011313
3015499,130.30320424699366
3015500,0.6475316908685338
3015501,3.6134215794659026
3015502,159.35480748667118
3015503,22.267640290894306
3015504,346.59138670567376
3015505,0.0
3015506,2.700243474568679
3015507,4.53445896195002
3015508,0.02901367204754949
3015509,4.421419974639647
3015510,2587.2911208574023
3015511,0.0
3015512,557.9151354489258
3015513,9.976904202242908
3015514,780.3694636504123
3015515,678.1643383442574
3015516,180.21592742757036
3015517,131.76249424357994
3015518,84.5502777393185
3015519,3266.5982818461866
3015520,31.95944924339087
3015521,0.9408807885450949
3015522,13.327684979100052
3015523,29.347822376738797
3015524,0.24600597869797183
3015525,220.94521449945776
3015526,20.064680710219825
3015527,10.611699609486864
3015528,6.6762071173417885
3015529,74.00597675698477
3015530,5.196603120564401
3015531,354.7767303042203
3015532,200.38977952624694
3015533,6.726429025667721
3015534,5.867558654098987
3015535,381.38483802075285
3015536,91.74903813931537
3015537,1936.840653654856
3015538,0.0
3015539,23.969651641108804
3015540,4.7716147214238
3015541,0.06569089676420889
3015542,4.470411904110066
3015543,2737.1823672135906
3015544,0.0
3015545,345.876659162204
3015546,5.326836452584002
3015547,1128.4236833994496
3015548,502.22746059582414
3015549,453.3349057816016
3015550,69.1329134302377
3015551,59.563282639221036
3015552,4190.670422888777
3015553,11.0511706915011
3015554,1.7676235513535272
3015555,17.14018913082731
3015556,9.411776138869984
3015557,0.0002970336168556746
3015558,251.50568338415863
3015559,2.474468543308785
3015560,3.8820513289362877
3015561,3.6258142579756365
3015562,37.89921072490047
3015563,0.6831926397803152
3015564,601.1098776575302
3015565,263.3580322102492
3015566,2.8213409651173382
3015567,3.4598534999098556
3015568,208.08994369871067
3015569,45.376390943454915
3015570,668.2071313051495
3015571,9.979248693982155
3015572,7.943571114420553
3015573,7.275411231260847
3015574,0.2576051214762777
3015575,2.2850217139236357
3015576,2040.5878649599665
3015577,0.0
3015578,295.0516203741754
3015579,5.499317846194072
3015580,1505.5605776241434
3015581,363.494293206498
3015582,207.21467156747522
3015583,162.0219628893934
3015584,54.506975813832454
3015585,2895.4595718014334
3015586,9.443228673396193
3015587,0.4523022156387873
3015588,23.57835394720076
3015589,20.836997458122145
3015590,0.13426953804445976
3015591,225.54604397617027
3015592,2.127684150599847
3015593,1.4473348283172687
3015594,6.990990596124225
3015595,65.22054625851564
3015596,1.0172591926657404
3015597,103.10379935768617
3015598,181.15032261484023
3015599,1.7470062097622363
3015600,2.9750133901493045
3015601,116.56655226819805
3015602,121.62161099978161
3015603,696.5696107362982
3015604,0.4204315244187994
3015605,3.960784135237078
3015606,3.161905030314971
3015607,0.09090351878014177
3015608,0.928350044122281
3015609,1366.9704741720013
3015610,0.0
3015611,109.36706011249078
3015612,5.8004293384473025
3015613,623.3198535374429
3015614,259.58134121192126
3015615,126.37718310669258
3015616,39.16421241644598
3015617,39.08460033950975
3015618,2166.6502346016323
3015619,6.564979484667834
3015620,0.2745051970080139
3015621,12.987826330998507
3015622,13.990688611872809
3015623,0.022214364495128973
3015624,133.36457420556516
3015625,0.8014608868527424
3015626,0.0
3015627,2.3570192580203084
3015628,58.55450195292984
3015629,1.333116459021114
3015630,101.28654300381147
3015631,123.1367249347974
3015632,0.9002333290604434
3015633,4.621938941898208
3015634,97.92272744541677
3015635,27.257859715663017
3015636,349.0850203576877
3015637,5.215004928902559
3015638,1.6811726450883162
3015639,1.6499154812258596
3015640,0.0
3015641,0.6241379812233896
3015642,1304.1541041935204
3015643,0.014200220901657897
3015644,230.3618780740968
3015645,13.02604459217807
3015646,450.54656378653607
3015647,408.5491659995028
3015648,108.4006390002557
3015649,39.11674716902795
3015650,54.3301095968871
3015651,1752.4067785099537
3015652,24.767170108242027
3015653,0.31016340766316597
3015654,10.580034239944192
3015655,9.192448746016762
3015656,0.11304880789128963
3015657,107.98085843928708
3015658,7.150642537853715
3015659,1.395474730052237
3015660,4.390390077893223
3015661,42.039739475256155
3015662,2.9273772986467947
3015663,617.6540941548632
3015664,126.51528176380685
3015665,2.083430307682011
3015666,4.447011779652317
3015667,241.68061986325284
3015668,28.36812589890671
3015669,906.8285974703513
3015670,0.0
3015671,8.06759710434186
3015672,2.695374450121266
3015673,0.14727788073548204
3015674,3.151528180961127
3015675,2861.5845130455846
3015676,0.063037168623557
3015677,580.8290437503638
3015678,17.107072500498244
3015679,960.5625451490453
3015680,975.1756304531717
3015681,223.26048529047912
3015682,160.2484903407995
3015683,143.74083847840706
3015684,3337.0736585914938
3015685,31.311621414921866
3015686,0.5906092831833782
3015687,19.90650821055609
3015688,33.12764985707094
3015689,0.05877086484805667
3015690,221.0059253791976
3015691,8.41198499667993
3015692,27.574022362586135
3015693,7.477260385112231
3015694,75.28002662409853
3015695,11.110052418816151
3015696,279.96106465151723
3015697,221.34110901486653
3015698,12.68120650079567
3015699,8.183568087710507
3015700,400.4573034795448
3015701,94.45080693254583
3015702,2909.283650109202
3015703,0.0
3015704,19.38161712199898
3015705,2.177109557070656
3015706,0.0
3015707,2.4132895836822
3015708,1492.1270083247896
3015709,0.0
3015710,245.31923555421366
3015711,3.725561736378011
3015712,318.1481417717628
3015713,382.4117712110749
3015714,100.06764043078682
3015715,50.875275873507256
3015716,42.20039024212283
3015717,1323.1157862362086
3015718,10.750726200820754
3015719,0.2923810349195035
3015720,8.44329380610777
3015721,13.107163477333723
3015722,0.0
3015723,69.02523555996882
3015724,0.0
3015725,14.721867523154733
3015726,1.832970371728266
3015727,121.15519866205733
3015728,2.987459094295521
3015729,97.30183619195044
3015730,76.1968799869099
3015731,2.405862975733046
3015732,4.2565555260732655
3015733,82.00464977205536
3015734,22.94159170180454
3015735,858.1622028107481
3015736,0.28641002943483834
3015737,1.4257733716816614
3015738,2.993321065889993
3015739,0.0
3015740,1.8049288094621168
3015741,625.8273332873033
3015742,0.0
3015743,146.11981273130505
3015744,3.988271900208918
3015745,281.14015474739523
3015746,168.743985151857
3015747,52.189235641904254
3015748,23.0946812911248
3015749,31.83132788560564
3015750,1092.5441525749395
3015751,7.174377999017997
3015752,0.4640547450878043
3015753,7.255537224083259
3015754,6.959930334705257
3015755,0.2095292614286853
3015756,62.66651487314656
3015757,0.17528121347404657
3015758,4.122082668285741
3015759,0.7196287466042175
3015760,20.188562527949536
3015761,0.21003027365363766
3015762,183.91250904706473
3015763,91.64140838863628
3015764,1.42018088545563
3015765,1.0331914560003614
3015766,91.32501375840818
3015767,12.302928327854694
3015768,318.27520031830574
3015769,0.37473531275602134
3015770,1.4981036525390556
3015771,4.39442138559023
3015772,0.12064300532990584
3015773,2.8119933125914653
3015774,2167.9710624767317
3015775,0.11622435787535156
3015776,451.8942619260727
3015777,12.129200417797948
3015778,586.0395851741
3015779,688.3733343990134
3015780,200.78025012946227
3015781,160.131235797052
3015782,84.48982561512763
3015783,2750.7200146482505
3015784,14.358528676970995
3015785,1.775191732774215
3015786,21.67007642511443
3015787,20.94961429789119
3015788,0.2694833415255193
3015789,166.71790828499448
3015790,3.724928125053297
3015791,22.30461019742764
3015792,4.796447255380287
3015793,93.28727199400446
3015794,2.898099184302065
3015795,189.1488529883381
3015796,147.54949200076229
3015797,7.231274208125566
3015798,5.826506122180613
3015799,253.9947495072747
3015800,56.691538802820716
3015801,1869.7403064483226
3015802,0.760026334717381
3015803,11.009167527483015
3015804,5.590995529689075
3015805,0.004270165719520648
3015806,1.7323808525257505
3015807,2472.5321986340923
3015808,0.0
3015809,449.4968305034626
3015810,9.969372105176552
3015811,936.5540485772693
3015812,601.8865288078331
3015813,273.06354200573963
3015814,180.50529396051934
3015815,46.023353511439545
3015816,3482.561100710128
3015817,8.561331103517738
3015818,0.6483079084299941
3015819,29.407116422238207
3015820,14.884310890540675
3015821,0.44943180728742266
3015822,215.6386890855176
3015823,0.0
3015824,4.121390756482383
3015825,3.201919483614728
3015826,41.90346041995652
3015827,0.8455594365613222
3015828,270.7688064901536
3015829,241.24945731718861
3015830,2.941316021403778
3015831,3.0280404742695577
3015832,168.02062451820188
3015833,69.72750790059625
3015834,1148.9421258931393
3015835,1.815604885294142
3015836,1.9088984107872053
3015837,4.451163808690526
3015838,0.2075318170298304
3015839,1.4453728030964554
3015840,2393.079270422512
3015841,0.0
3015842,461.0723712765051
3015843,9.851936292714596
3015844,756.3058049203627
3015845,479.59597932201694
3015846,209.3356626286026
3015847,143.91220873875227
3015848,48.586185125176335
3015849,3087.8777040584127
3015850,9.59380610701979
3015851,0.5989276058813062
3015852,22.56102440013865
3015853,13.539778464254322
3015854,0.09430736393884183
3015855,198.68541725344664
3015856,0.0
3015857,3.4505428132479743
3015858,3.8751521248832086
3015859,79.82811682875565
3015860,0.9842375593179371
3015861,134.8492841948415
3015862,179.64542687221987
3015863,3.75125340328112
3015864,3.06347497661182
3015865,153.15338276310862
3015866,45.5117765107319
3015867,828.1409879628809
3015868,1.1798869241951881
3015869,3.807463336412675
3015870,7.252898027840395
3015871,1.0280706184574582
3015872,9.78335592015299
3015873,6646.665917990713
3015874,0.0979730492153647
3015875,1020.776439346809
3015876,71.9678273659564
3015877,1544.3179164383816
3015878,1620.1703244123237
3015879,294.2017177308857
3015880,366.0121121070997
3015881,285.08233118739963
3015882,6442.328412119015
3015883,63.713445757092614
3015884,1.8854917193357315
3015885,36.042049433953665
3015886,45.33287016745036
3015887,0.8930283330279409
3015888,384.9665387282843
3015889,28.326887229857846
3015890,35.34195944714098
3015891,18.847104215910846
3015892,186.56312289492615
3015893,20.856969611181754
3015894,596.0397505925976
3015895,397.3304298845064
3015896,14.163227642518363
3015897,19.82175535022476
3015898,883.2202626595295
3015899,240.23840630185003
3015900,5791.4999333639325
3015901,0.8538146870200232
3015902,67.25319855463519
3015903,2.8157083604368043
3015904,0.23800227457688447
3015905,0.5094377259503051
3015906,1254.8548055297676
3015907,0.0
3015908,146.6344371815646
3015909,3.6293964263615814
3015910,814.3324905435323
3015911,219.88341336034867
3015912,97.40671034992667
3015913,120.42177461903867
3015914,33.607834031467995
3015915,2440.8309835291093
3015916,3.2304589658037566
3015917,0.22008549946170397
3015918,10.680264937535885
3015919,6.728963277819873
3015920,0.1803622761277957
3015921,176.60036788439098
3015922,0.27042350702583035
3015923,0.0
3015924,2.13177011176814
3015925,24.144450900559914
3015926,0.4929542149214475
3015927,140.36062203787205
3015928,89.5216709829985
3015929,1.2994775865043144
3015930,3.6127433525460004
3015931,94.47824799874523
3015932,18.348554786257846
3015933,452.19250347538593
3015934,0.07760010294668544
3015935,3.4646460409617026
3015936,5.9195838678617525
3015937,0.1972249781703553
3015938,1.6247914425776102
3015939,2289.339154444506
3015940,0.0
3015941,406.831932774396
3015942,8.937933755833056
3015943,1314.294338007616
3015944,472.11078745833044
3015945,188.6631432389119
3015946,221.4400292890205
3015947,72.71083192062083
3015948,3636.414741411557
3015949,9.822488561548893
3015950,0.2226884903280388
3015951,19.728233683029153
3015952,16.702585935221457
3015953,0.06842897335439824
3015954,225.6485784254768
3015955,0.9349503850377505
3015956,2.6851710620283735
3015957,7.538890640451122
3015958,15.210154759914733
3015959,1.206759845662595
3015960,577.4699736568215
3015961,219.1547918219819
3015962,2.3780391263152345
3015963,4.858990959836522
3015964,124.75295099333833
3015965,51.39305893722598
3015966,940.9757788367035
3015967,1.0495579063587974
3015968,3.9039908970295407
3015969,1.0769187347034048
3015970,0.0
3015971,0.30487806711935383
3015972,848.3749968992179
3015973,0.0
3015974,115.65710789225096
3015975,2.2704718303407865
3015976,907.0477088928566
3015977,134.23741114936524
3015978,79.31696833036509
3015979,157.91927607319022
3015980,15.6801210542922
3015981,1369.2640574800862
3015982,0.8947847766552357
3015983,0.16743586487861584
3015984,8.070554242848239
3015985,2.5520372917290444
3015986,0.02066561842072941
3015987,74.11070329481039
3015988,0.0
3015989,0.0
3015990,0.2582218205907675
3015991,16.779345945099433
3015992,0.20677684108290087
3015993,103.26232032912668
3015994,66.02938136617321
3015995,0.2500894411638292
3015996,0.8507826218471641
3015997,45.202565285278624
3015998,9.047925072686185
3015999,147.39306940995448
3016000,0.014653942739143944
3016001,1.26622186508868
3016002,6.089500895044385
3016003,0.0
3016004,1.3490742665554332
3016005,1588.483608681147
3016006,0.0
3016007,179.15274931720438
3016008,5.913868775166069
3016009,811.1792850461612
3016010,292.23895793685034
3016011,150.4911597965598
3016012,108.75159185668502
3016013,46.795460702661266
3016014,2393.2376797857582
3016015,2.2172740351046625
3016016,0.38899679234142803
3016017,18.17481335028275
3016018,11.389032522458447
3016019,0.16740045175454055
3016020,173.248710458229
3016021,0.0
3016022,0.0
3016023,9.845505639562038
3016024,24.006433477573086
3016025,0.9941198140687568
3016026,335.7972655520421
3016027,161.01268281817687
3016028,1.1794653480669974
3016029,3.407896349969892
3016030,166.59090006646824
3016031,15.245626292312249
3016032,982.0081827588199
3016033,0.0
3016034,0.6760344493851607
3016035,2.0931324735803503
3016036,0.2109140600825597
3016037,1.266230672583808
3016038,2085.9975404260776
3016039,0.0
3016040,544.8965536957119
3016041,5.857583710178142
3016042,719.2652850555323
3016043,495.5443240803779
3016044,194.95868265995676
3016045,73.80488809951282
3016046,62.52495807479883
3016047,3376.55673336751
3016048,4.333401484649051
3016049,2.9790438691769454
3016050,22.23960127824109
3016051,35.7574040359744
3016052,0.19336631484683212
3016053,176.81012933688737
3016054,2.003853640476646
3016055,4.212682113367281
3016056,2.9901396080080107
3016057,36.49629937482576
3016058,1.8161673798490168
3016059,223.86609562176992
3016060,212.4681364548469
3016061,2.7290294869485883
3016062,5.455071077069429
3016063,123.90350228907438
3016064,28.84574365822313
3016065,517.6261403229678
3016066,1.8969062154020881
3016067,2.773967141499831
3016068,3.0833991425487994
3016069,0.014211442817958001
3016070,0.13120571366941564
3016071,1135.3497004649969
3016072,0.0
3016073,71.53126251524945
3016074,2.081938514627461
3016075,367.64483456589664
3016076,143.2206262090405
3016077,70.12434516653678
3016078,95.25257911255096
3016079,27.578755084327472
3016080,1493.0331560355855
3016081,2.2382897733536833
3016082,0.20797087056663002
3016083,7.437633328405758
3016084,6.5741409528056955
3016085,0.1315803199897921
3016086,87.09345816094867
3016087,0.0
3016088,0.0
3016089,0.2798969883798975
3016090,23.41849574435581
3016091,0.36917706442107157
3016092,288.410272924805
3016093,72.99047715800896
3016094,0.5388190708605596
3016095,0.6566506878925378
3016096,57.392456337058285
3016097,13.02605942750273
3016098,322.57337997685875
3016099,0.08333807287305722
3016100,0.21827501492294338
3016101,3.3843214212703376
3016102,0.01966136278677654
3016103,0.6185823633546061
3016104,2606.393140019982
3016105,0.0
3016106,368.87970511552265
3016107,7.558095806370076
3016108,681.8181100093124
3016109,423.85431710753477
3016110,166.98133613949844
3016111,149.17955778221784
3016112,59.26324334141692
3016113,3037.917207913766
3016114,4.404820760172014
3016115,0.2387837307339496
3016116,14.171559944807392
3016117,7.535434174335142
3016118,0.15083651045057467
3016119,172.2956493636462
3016120,0.0
3016121,22.113508759164503
3016122,2.1645437141499206
3016123,30.58369340687753
3016124,0.6580218191562894
3016125,368.20678857892835
3016126,169.10336102003365
3016127,1.1917884356246806
3016128,2.9765916067187796
3016129,113.42852245146129
3016130,41.312929383898236
3016131,983.693821164058
3016132,0.5203015755278817
3016133,0.5767061314768138
3016134,2.690407507204773
3016135,0.0
3016136,4.185491727674293
3016137,2443.001887709428
3016138,0.0
3016139,489.96324366698434
3016140,6.8601222995625255
3016141,823.0553625390969
3016142,732.9352385508015
3016143,154.95446810459157
3016144,100.65174601648667
3016145,101.04118346343081
3016146,3287.252286200644
3016147,49.72541479425135
3016148,1.087510192175439
3016149,21.661869964615814
3016150,26.581114578138287
3016151,0.1810659155028696
3016152,212.73999665851116
3016153,18.331319962283818
3016154,20.80824395573557
3016155,1.4093232214903328
3016156,101.80814277523011
3016157,7.620130096210392
3016158,188.61823786057278
3016159,216.6088191140768
3016160,9.522082390559943
3016161,11.613448512894793
3016162,224.77950461579826
3016163,70.34143107777797
3016164,2220.450100849761
3016165,0.05370792900811521
3016166,9.08452143631366
3016167,4.341948893237047
3016168,0.0
3016169,4.495278640688041
3016170,1965.647085164932
3016171,0.01742802959701228
3016172,345.3159414630338
3016173,11.636696022712707
3016174,751.6525912097361
3016175,558.6243874350337
3016176,108.85163442593216
3016177,63.239683738165
3016178,81.93683995605191
3016179,2836.6837929109474
3016180,20.998115782965403
3016181,0.9835681709774171
3016182,27.2356999493144
3016183,47.5242336163148
3016184,0.04083486895946515
3016185,227.21044173962326
3016186,12.293730998924655
3016187,13.202048987428896
3016188,6.2509787773571635
3016189,65.86748487898666
3016190,8.552275655305106
3016191,127.86540272994978
3016192,261.4398905827559
3016193,5.015189706153489
3016194,8.059472281790038
3016195,95.45659064170417
3016196,71.01322322414325
3016197,1531.981120185732
3016198,0.18600653289949098
3016199,15.187456139624715
3016200,6.242186095420344
3016201,0.21571822110008376
3016202,2.788707011081268
3016203,2818.048782079776
3016204,0.0
3016205,581.3842782649283
3016206,7.451629224124888
3016207,2124.165813116659
3016208,526.104870861457
3016209,159.76574861161586
3016210,251.18704762386147
3016211,56.54276269433558
3016212,4454.557221627517
3016213,24.296410193069452
3016214,1.1067138464219743
3016215,18.540223786576828
3016216,14.197404911142211
3016217,0.06506538714986403
3016218,261.5634320514325
3016219,3.3414411546256293
3016220,9.997861564345614
3016221,6.326368707624544
3016222,48.23223080940479
3016223,2.333886758996296
3016224,213.41968960131132
3016225,276.0174085492379
3016226,6.030860578134458
3016227,7.826327301576383
3016228,216.77772511014572
3016229,51.571328054889065
3016230,1257.141206279137
3016231,4.815880884096004
3016232,11.112776478492826
3016233,2.644481604744188
3016234,0.17864566831506865
3016235,2.196796670833594
3016236,2011.3140492714972
3016237,0.10114578487218308
3016238,307.6064938418739
3016239,6.579937660912329
3016240,631.115845016012
3016241,602.0251923644101
3016242,162.49246533201605
3016243,104.17841400154586
3016244,68.61554007054066
3016245,2650.79555369615
3016246,16.46408710779041
3016247,1.0346577075255285
3016248,10.150435222226925
3016249,9.682147946199422
3016250,0.24609980064887202
3016251,191.69571742197488
3016252,14.086969950463901
3016253,13.080203806917742
3016254,1.0375991125578783
3016255,58.425935951196976
3016256,4.949891388236671
3016257,287.8923230890865
3016258,178.58444889162735
3016259,4.753794583658662
3016260,6.657898625039997
3016261,270.76536722772533
3016262,36.79530364958569
3016263,1667.923296152505
3016264,0.09124089567737258
3016265,20.424838343523426
3016266,2.7453207910444397
3016267,0.17730384820389333
3016268,1.9251833542802568
3016269,3213.1796576119877
3016270,0.0
3016271,310.4039082681381
3016272,5.789997754114245
3016273,1421.8426810815859
3016274,449.5868516066954
3016275,211.26058066403684
3016276,117.3030104971842
3016277,51.25433889868444
3016278,4252.576459622791
3016279,7.2982532095329
3016280,1.4255591240000154
3016281,25.021778169958743
3016282,16.04377682679532
3016283,0.15749067987077345
3016284,305.2626204921499
3016285,0.0
3016286,0.07571504875916509
3016287,5.32601642663923
3016288,31.261741133616034
3016289,1.1986206022169696
3016290,145.26979226963152
3016291,242.41952808680006
3016292,2.030523771366002
3016293,7.7025813579384454
3016294,141.92740380145514
3016295,45.07298262010326
3016296,812.4329549395777
3016297,0.0
3016298,4.257383745573441
3016299,4.11459288565034
3016300,0.029683955892301623
3016301,4.6105173665631805
3016302,1858.1168574572482
3016303,0.0
3016304,349.4303391553657
3016305,8.996456530960288
3016306,989.793400605282
3016307,499.08835181919835
3016308,172.78673198466137
3016309,82.27797765650058
3016310,125.91395698034358
3016311,2979.2119961750964
3016312,23.623890749748774
3016313,0.849598317106711
3016314,16.23941174997818
3016315,24.52740824179492
3016316,0.08280247388060781
3016317,166.51290359717174
3016318,10.51902294007235
3016319,12.647049617960295
3016320,6.238868583242269
3016321,80.2112222651266
3016322,7.827077609738959
3016323,151.0241558599826
3016324,238.81234299206793
3016325,8.349503856916973
3016326,6.581653461452449
3016327,138.62816077105904
3016328,45.57842100217882
3016329,1469.8859524451163
3016330,0.34340202430301797
3016331,4.516966962305944
3016332,2.442223876858992
3016333,0.0
3016334,3.8337247561573964
3016335,1999.5182863693722
3016336,0.0
3016337,389.3973185846369
3016338,8.14239482822149
3016339,585.2135320082066
3016340,661.72312332124
3016341,139.34467588881992
3016342,103.62770359317214
3016343,96.29741029378145
3016344,2550.8521106556846
3016345,21.431213623728215
3016346,0.6684635319733281
3016347,14.11662588731875
3016348,12.990906777601275
3016349,0.0684241465402072
3016350,159.36626414904805
3016351,12.433378805297782
3016352,26.626314040816876
3016353,4.580637520663465
3016354,66.07177188211062
3016355,7.227063954096678
3016356,203.9250578841886
3016357,159.3759261446128
3016358,6.163115326918724
3016359,7.197272752337176
3016360,192.53335223901823
3016361,50.44558346914967
3016362,1982.3377305463475
3016363,0.10904070529066728
3016364,12.69704447981066
3016365,3.5493868631731553
3016366,0.11883267145893926
3016367,2.7127061640340897
3016368,3643.9115193970115
3016369,0.0
3016370,405.01320035729736
3016371,9.997585989778095
3016372,908.4196586239149
3016373,451.49966587338855
3016374,210.99129454100202
3016375,126.42898861310873
3016376,46.132608729991446
3016377,3521.8694351620647
3016378,4.8822796444632495
3016379,0.12739840475796432
3016380,10.420905810897551
3016381,12.092343178290655
3016382,0.057937289777984374
3016383,181.43293378663876
3016384,0.0
3016385,5.5021594383892936
3016386,0.7714724222327412
3016387,60.74174026744946
3016388,1.7590552551173833
3016389,219.22618168706313
3016390,222.39969610398165
3016391,1.7979429507268607
3016392,2.121933966286345
3016393,171.23974564337948
3016394,116.32565177360681
3016395,905.4394786546504
3016396,1.4739649141597213
3016397,0.484460662606107
3016398,12.050044477206203
3016399,0.0
3016400,10.376604154391812
3016401,7129.6966420150075
3016402,0.05351189082820806
3016403,1210.8382884804812
3016404,31.70727339685947
3016405,1937.8224144247731
3016406,1795.0309740044872
3016407,384.5453239335902
3016408,377.87072566881085
3016409,377.16839574344334
3016410,7120.121323592472
3016411,70.05924672570441
3016412,3.142381072543996
3016413,104.27577282858394
3016414,87.06226627303361
3016415,0.5151535168417571
3016416,485.3055895137377
3016417,27.439779257318026
3016418,17.70919167551327
3016419,17.186567043807127
3016420,313.0756729708188
3016421,18.8941136941682
3016422,632.724570182399
3016423,379.3596774039372
3016424,30.53730198153405
3016425,29.128038019650983
3016426,866.5496090688707
3016427,316.03542339631736
3016428,6489.019363617343
3016429,152.7209740397029
3016430,67.78771071304483
3016431,10.09618343765895
3016432,0.0
3016433,8.862410140308102
3016434,6608.934108146232
3016435,0.06592551530795823
3016436,904.0096183557738
3016437,28.327747349983447
3016438,1979.918879176475
3016439,1611.7767278218212
3016440,499.4128926451328
3016441,264.52478605965695
3016442,231.0532436934101
3016443,7871.263065333905
3016444,105.02542269965035
3016445,1.131038949228456
3016446,53.405861828705476
3016447,62.01133188968336
3016448,0.5729528292759647
3016449,462.632056301914
3016450,23.89714685847935
3016451,31.06847487985636
3016452,7.575535717306709
3016453,196.15340598153392
3016454,13.695270680438774
3016455,808.9780973437742
3016456,460.9829430937443
3016457,16.15943429087664
3016458,20.759200574544902
3016459,831.8215566489426
3016460,211.04975127985924
3016461,4453.914599045253
3016462,87.98911774771726
3016463,54.77977980522416
3016464,9.06835315421807
3016465,0.0
3016466,11.594602664973227
3016467,4416.771598296224
3016468,0.14418515765211937
3016469,733.3746811401668
3016470,14.743390249342184
3016471,1753.5230365422924
3016472,1101.8411991006938
3016473,579.4682728102775
3016474,98.66800938892283
3016475,198.46928815508872
3016476,6920.6678149455165
3016477,33.94987160160298
3016478,1.078831504691395
3016479,23.05994837410521
3016480,21.24059143329673
3016481,0.32211291787502366
3016482,440.3831918812104
3016483,22.500914077314665
3016484,16.636822284728375
3016485,7.794742768026396
3016486,100.04603485901029
3016487,7.188609501557366
3016488,736.8126466441071
3016489,493.8121827796268
3016490,17.919154878912124
3016491,31.89266459106372
3016492,572.7058933461512
3016493,116.88043725045236
3016494,2082.769383732048
3016495,104.00003151095206
3016496,31.45101151855986
3016497,12.254286520598512
3016498,0.0
3016499,11.901925004088662
3016500,5762.758298593593
3016501,0.06883826603272628
3016502,846.4447705396406
3016503,25.21571193262511
3016504,1776.3776348645204
3016505,1537.55484158755
3016506,462.96473908319194
3016507,240.97223894870584
3016508,192.17806713232295
3016509,7551.635593940321
3016510,46.15589323117314
3016511,1.283074765653141
3016512,48.45432510649631
3016513,68.93638118446401
3016514,0.1941947168479912
3016515,496.61206916410407
3016516,30.248243379268466
3016517,26.75582666209035
3016518,13.1609327054471
3016519,162.586209080756
3016520,10.199892034021753
3016521,665.8678586339774
3016522,500.38894518369716
3016523,17.85415839014589
3016524,23.91588172848019
3016525,857.8068077087484
3016526,185.0935547999574
3016527,4277.591675288543
3016528,112.17453489097123
3016529,51.6063201634537
3016530,8.866825559226069
3016531,0.0
3016532,11.507334943112898
3016533,3627.7522553831523
3016534,0.045275650743833926
3016535,606.4041038833203
3016536,14.305883996819148
3016537,1586.5351182066622
3016538,901.8125741982951
3016539,454.62635366251715
3016540,74.53507427074696
3016541,149.68039664514416
3016542,5875.500251795519
3016543,36.80105928748397
3016544,0.3291968429913889
3016545,21.133548957965928
3016546,30.30108690091093
3016547,0.1507434601536509
3016548,412.0838825787204
3016549,21.798113121552852
3016550,7.49439590659437
3016551,3.8807154566365236
3016552,102.4082494949761
3016553,3.4938816919132156
3016554,615.1445521091848
3016555,496.7418621231232
3016556,12.181932428695744
3016557,15.259158946188808
3016558,579.8879907678554
3016559,78.9542493396975
3016560,1398.155923637304
3016561,199.4353576845131
3016562,15.930028012241781
3016563,9.643924481048987
3016564,0.0
3016565,8.343666869703913
3016566,5227.512739048503
3016567,0.046388961390547996
3016568,884.3198439734366
3016569,23.10161829999414
3016570,1450.5160471215393
3016571,1607.5607089018315
3016572,327.1785860681716
3016573,325.57661964560737
3016574,273.69436733462004
3016575,6037.86519347696
3016576,57.433995813986876
3016577,1.414769990983637
3016578,66.59628999287948
3016579,46.0590125391975
3016580,0.44854848312663853
3016581,363.9462590753045
3016582,16.71502713965243
3016583,21.9194328026767
3016584,12.082306282465096
3016585,218.27440523186246
3016586,11.518654049116128
3016587,560.5903513335478
3016588,369.88035816381375
3016589,14.562937525864692
3016590,24.04758268495667
3016591,736.6213763323893
3016592,187.074013840695
3016593,5384.206164446464
3016594,60.47104655067762
3016595,61.302319848457735
3016596,4.265707806052448
3016597,0.19268606981446296
3016598,4.086505099018091
3016599,1511.3073441812514
3016600,0.0
3016601,284.7256029410044
3016602,18.679139831070586
3016603,793.7791688153188
3016604,426.25887575649716
3016605,192.26028096210115
3016606,61.35118303568281
3016607,70.42163389387531
3016608,2452.9553153765373
3016609,31.02292629452065
3016610,0.704959677496755
3016611,27.567642830034597
3016612,19.15278790991561
3016613,0.2785469428135663
3016614,183.54533045479303
3016615,8.906093702125794
3016616,5.7444905076662005
3016617,7.969477293639038
3016618,57.464436125703315
3016619,4.671705369041684
3016620,212.92711251107343
3016621,193.44566317090127
3016622,1.8860408185492599
3016623,6.5246969022140515
3016624,173.9800708412677
3016625,56.25790819705666
3016626,1237.261389783902
3016627,0.5484243721303441
3016628,9.483117950339011
3016629,7.152175788509007
3016630,0.0
3016631,9.821889772458373
3016632,3698.613676851005
3016633,0.07701473913978031
3016634,489.7442876587792
3016635,25.097177683304917
3016636,1318.9151561900162
3016637,893.3420545883428
3016638,379.12855057462406
3016639,73.74431915226526
3016640,162.39286778721998
3016641,5216.328091525089
3016642,75.70112597945301
3016643,0.7426690845572412
3016644,43.195710291213956
3016645,41.07458937697432
3016646,0.19455122095589567
3016647,332.650914787784
3016648,14.739507199633387
3016649,4.678620377367835
3016650,1.4657427575190365
3016651,119.39555251789808
3016652,6.03939167025566
3016653,397.3652009934938
3016654,374.9600357833396
3016655,8.505601967512987
3016656,14.579264195239304
3016657,302.4226061628952
3016658,68.511641925674
3016659,1762.4781583818042
3016660,133.9327211070134
3016661,17.14189295330238
3016662,6.2325022647062465
3016663,0.0
3016664,3.3833448304290314
3016665,3359.73127985737
3016666,0.06484740776393605
3016667,666.667957400986
3016668,8.684987967027542
3016669,1021.4009926120041
3016670,1156.300264650165
3016671,197.6989576325117
3016672,240.1871326278267
3016673,188.38090665324896
3016674,3806.113153775554
3016675,26.500348096782997
3016676,0.8418713474307886
3016677,19.165810649822443
3016678,26.132491975211952
3016679,0.4517870459885535
3016680,245.79585402150477
3016681,1.8354122912697322
3016682,37.730680366825865
3016683,4.891026742925599
3016684,105.165074901647
3016685,8.002407709830209
3016686,420.5652928574338
3016687,193.2131755715341
3016688,15.60052567201145
3016689,9.515046194723908
3016690,512.9284073151301
3016691,104.38478628950857
3016692,3982.275629468049
3016693,2.426136908865154
3016694,34.69604934244073
3016695,9.997563531645335
3016696,0.0
3016697,4.356492138886331
3016698,3515.2538133679427
3016699,0.0
3016700,592.5199550895857
3016701,10.44661463989394
3016702,1226.007544404578
3016703,846.0050923014142
3016704,264.6721042662998
3016705,141.4008194523472
3016706,252.63215242381497
3016707,4499.644446693897
3016708,40.31415964478498
3016709,2.166873496378357
3016710,60.37443801318578
3016711,65.80991950113844
3016712,0.15461841373942817
3016713,263.2706616759446
3016714,6.167243183345328
3016715,41.27839499600628
3016716,4.951618970008114
3016717,214.64426798658903
3016718,7.88144847371591
3016719,338.9597352858626
3016720,229.99523786475356
3016721,12.032009018589115
3016722,7.799952684133585
3016723,329.6589745161319
3016724,77.77176951145147
3016725,3725.5092811473423
3016726,1.7659020535231194
3016727,6.332877313938318
3016728,5.7059795417087456
3016729,0.02272476241413762
3016730,3.9659823748627483
3016731,1709.3872664168466
3016732,0.0
3016733,372.1310518806686
3016734,7.250657611767581
3016735,735.7290356995759
3016736,371.0922177608583
3016737,189.12221501129196
3016738,67.46117003560673
3016739,86.93910526193127
3016740,2414.65903103005
3016741,11.96678111248879
3016742,0.9500843607621796
3016743,23.56798618343582
3016744,21.707951886554067
3016745,0.11035467246087392
3016746,153.12188994652433
3016747,2.769464023769234
3016748,5.722564047367297
3016749,4.8548531114194065
3016750,66.45208058355576
3016751,2.5096021421894394
3016752,194.74676035942363
3016753,198.140505756153
3016754,3.95434756715646
3016755,5.173715407688103
3016756,136.16711713421208
3016757,44.82900679603906
3016758,1470.2760241487508
3016759,0.2696988125644714
3016760,2.6307069918976103
3016761,4.266017451137908
3016762,0.0
3016763,0.6839277582022936
3016764,1909.8279022766505
3016765,0.0
3016766,157.8136470768189
3016767,2.879672640447869
3016768,772.7635614759507
3016769,176.42314695470685
3016770,168.6161296619911
3016771,50.25979620568247
3016772,26.994370642296374
3016773,2378.416639376661
3016774,5.973559837092794
3016775,0.4104637286047835
3016776,15.575993717286025
3016777,8.675288446843084
3016778,0.0362945260176312
3016779,151.45058278316864
3016780,0.0
3016781,0.0
3016782,2.022734906481458
3016783,20.022651011728534
3016784,0.6219652283347683
3016785,56.170935255860684
3016786,132.58999574190997
3016787,0.10522750821589537
3016788,1.6899012297430454
3016789,52.2157714150566
3016790,73.00562160547072
3016791,446.28547250327114
3016792,0.0
3016793,1.621700366154346
3016794,3.808644806594729
3016795,0.07811760898133771
3016796,5.0257191159263
3016797,2741.0984586951413
3016798,0.0
3016799,450.7587932000345
3016800,12.343471199862782
3016801,979.2388931565264
3016802,757.0849872663308
3016803,256.62583584379877
3016804,126.4625674943265
3016805,110.3917959153267
3016806,3889.476973664541
3016807,26.283718457509355
3016808,0.9873457259251963
3016809,21.872405850921357
3016810,48.376814765271334
3016811,0.06851039995543418
3016812,238.8530261438084
3016813,17.099824029733355
3016814,13.174873975791096
3016815,12.759320390845545
3016816,69.80672877749723
3016817,4.9864304170652884
3016818,364.51332556760707
3016819,242.1382207628727
3016820,6.249156037461585
3016821,11.819005180696285
3016822,401.9667783784351
3016823,82.2632369521361
3016824,1985.9574939620502
3016825,0.0
3016826,23.37729287020588
3016827,4.349849753867334
3016828,0.05348807337001147
3016829,4.078532556368095
3016830,3384.317931037228
3016831,0.10294012911475932
3016832,592.3724434595064
3016833,14.362206677983375
3016834,864.6800173272429
3016835,1076.9660275188562
3016836,154.44828430633086
3016837,220.0002339960889
3016838,182.1263468137601
3016839,3500.167430102199
3016840,34.02687905468469
3016841,1.8130481794215254
3016842,28.977801345847514
3016843,22.06343282320125
3016844,0.5924088824114668
3016845,211.74456826522442
3016846,10.491289978392999
3016847,30.720428769890724
3016848,7.50239240304407
3016849,146.61185459660717
3016850,9.047217358000477
3016851,380.9704848485169
3016852,214.42643982632399
3016853,5.4408997848995035
3016854,9.665842034830561
3016855,529.1290675042763
3016856,121.81198237838422
3016857,4382.7952126051205
3016858,0.26764329507909973
3016859,34.59940696812828
3016860,4.005652602728433
3016861,0.16876567101340081
3016862,7.301285530724757
3016863,3563.8018504108672
3016864,0.07298948466441729
3016865,689.3756034445411
3016866,20.723124776845534
3016867,941.9239213736961
3016868,1091.738441764154
3016869,219.469891478234
3016870,222.14843305961864
3016871,123.24529941364317
3016872,3905.69892302591
3016873,30.18581013906325
3016874,2.1611579634976525
3016875,30.7236761266024
3016876,36.77323291899567
3016877,0.2607216612783547
3016878,275.0623155187041
3016879,22.711242752744063
3016880,22.492275655130076
3016881,22.72453446656334
3016882,134.99838092792066
3016883,15.464585975218611
3016884,347.62166574843076
3016885,247.10533224594857
3016886,13.019408703786912
3016887,15.04001485001207
3016888,418.96045479588554
3016889,134.8471187407688
3016890,3419.4220554129956
3016891,0.28943399057446095
3016892,30.889668504745167
3016893,9.514719130674427
3016894,0.126676231684018
3016895,5.141474554138723
3016896,2731.608429964455
3016897,0.0
3016898,410.94734993945224
3016899,12.214118801602297
3016900,1362.6813349040267
3016901,606.6062389089175
3016902,427.7872202831803
3016903,143.27451032554146
3016904,79.32761870860017
3016905,5125.5214675392335
3016906,10.472093116597662
3016907,0.9304882513115897
3016908,37.66870667912029
3016909,28.446402461097872
3016910,0.033387765622358685
3016911,335.2923420783334
3016912,8.96829542593531
3016913,3.4103052719238987
3016914,3.5649893590635813
3016915,34.34215211014892
3016916,2.2692711654674573
3016917,496.76282793281234
3016918,341.69206854638287
3016919,5.233762803542081
3016920,6.849804029426268
3016921,320.9892381370458
3016922,82.48603846355418
3016923,1094.1139714054866
3016924,63.951618070067894
3016925,12.064319404955492
3016926,4.349908926023333
3016927,0.0
3016928,2.0558681109015584
3016929,2178.215488916214
3016930,0.1604773897733263
3016931,351.6364289340926
3016932,16.010076700013318
3016933,681.3010254975599
3016934,680.3285024709509
3016935,155.8930478151988
3016936,144.02505204373173
3016937,131.38014581642983
3016938,2527.5308549491547
3016939,17.825728292483365
3016940,1.2732903237934332
3016941,20.181313617202417
3016942,22.54744319319852
3016943,0.36578912945414344
3016944,159.47350663171028
3016945,9.972830831052935
3016946,18.030350040172507
3016947,5.352933815526072
3016948,133.59451312631427
3016949,5.017103101532655
3016950,534.1237300962928
3016951,127.99490341445352
3016952,3.48056230916436
3016953,6.685491636923792
3016954,461.37875950246945
3016955,70.15998592827762
3016956,2342.4366423889687
3016957,0.0
3016958,36.690138313219556
3016959,1.1470903602426552
3016960,0.0
3016961,0.9898346990995162
3016962,1171.0919660339514
3016963,0.0
3016964,76.19621293850346
3016965,2.4787977790174995
3016966,763.5344017961266
3016967,209.38593611114769
3016968,285.0476071551766
3016969,26.939293108516484
3016970,26.349929100095398
3016971,2045.6508767400242
3016972,4.841699218317009
3016973,0.13246865325512186
3016974,6.233285729289072
3016975,4.6728135349635975
3016976,0.0
3016977,125.08944860482076
3016978,1.4273659238369314
3016979,0.0
3016980,0.9289451908049566
3016981,11.480926252623997
3016982,0.342995198573407
3016983,118.45792815841524
3016984,135.60986201749924
3016985,0.5317405146239536
3016986,2.4806393652329732
3016987,132.49719458515742
3016988,20.382281265541017
3016989,211.60564883664296
3016990,13.623591556918182
3016991,0.6963201639469421
3016992,5.44255044317436
3016993,0.1423352392761421
3016994,4.213022831031152
3016995,4651.087841729752
3016996,0.0
3016997,594.9964220272917
3016998,12.326777169386892
3016999,1603.852484711895
3017000,527.7934054880367
3017001,523.4175776929998
3017002,235.59752920341805
3017003,76.534008567827
3017004,6105.603559890975
3017005,27.60510468035698
3017006,0.41539510969577165
3017007,19.177291005630668
3017008,16.8124537467113
3017009,0.12470617023194076
3017010,369.73129644586345
3017011,8.083720590868634
3017012,1.533111012862355
3017013,7.332275523467148
3017014,55.2718634476665
3017015,1.9262101098919029
3017016,443.4904362203657
3017017,291.6720061980503
3017018,1.443898989386573
3017019,11.170770083272744
3017020,488.33467292640296
3017021,89.22089455744519
3017022,1272.8526903930092
3017023,11.257360851726492
3017024,5.451349019074074
3017025,3.7591918493725673
3017026,0.0
3017027,0.2524685103001815
3017028,1355.017732602216
3017029,0.0
3017030,149.24105255937815
3017031,11.635609692894075
3017032,782.0877779569151
3017033,282.6879974986833
3017034,224.0865453500852
3017035,41.91496994944813
3017036,35.62120542718903
3017037,2462.7188278474287
3017038,8.640139401409291
3017039,0.3452285906110127
3017040,11.142978933962558
3017041,13.297545351121647
3017042,0.1600847045317026
3017043,134.08786948689385
3017044,4.421277580241716
3017045,0.0
3017046,8.869568589963203
3017047,44.85818652005201
3017048,0.9354381235791107
3017049,102.69559476725708
3017050,129.74439511812287
3017051,0.7289527638133932
3017052,3.4135278258018955
3017053,150.842887901294
3017054,29.24177566981693
3017055,259.2425096584951
3017056,3.9842260454239273
3017057,2.012392352499038
3017058,3.0552974894951257
3017059,0.0
3017060,2.879683199086595
3017061,1392.7613372714854
3017062,0.0
3017063,88.94140982754394
3017064,4.181992038916375
3017065,673.6093990698135
3017066,213.55173612542237
3017067,157.18148494371542
3017068,35.94788494205203
3017069,28.24750897036217
3017070,2391.0624480040597
3017071,12.68482197909867
3017072,0.033792473524565624
3017073,8.306116604576605
3017074,7.605022287968483
3017075,0.006010324938697394
3017076,122.10448521418519
3017077,1.2002412844450596
3017078,0.0
3017079,1.5711389146763648
3017080,40.029759455569405
3017081,0.5327271608648347
3017082,120.37884077305556
3017083,132.54938019983965
3017084,0.24495785603420517
3017085,3.4758164706684544
3017086,90.67648113250257
3017087,19.72568108150118
3017088,158.55060431819868
3017089,7.1396264415587325
3017090,1.8022298951131281
3017091,2.6629304818013018
3017092,0.0
3017093,2.1855446247694874
3017094,1272.4207026252473
3017095,0.0
3017096,131.11289395457644
3017097,6.5555578040069795
3017098,1010.0216868802329
3017099,295.2011187545152
3017100,310.5320611621911
3017101,34.00492879839705
3017102,42.196188321884186
3017103,2644.2414785818073
3017104,9.03023099217251
3017105,0.23619670745790458
3017106,9.311377503653823
3017107,18.13594067403207
3017108,0.06608914813513579
3017109,155.16370113858494
3017110,0.9392608138677496
3017111,0.0
3017112,2.3004153902488107
3017113,21.640280237415627
3017114,1.2173159369775717
3017115,188.64298773152484
3017116,216.8544305923771
3017117,0.6515225556429938
3017118,3.0223136270519353
3017119,67.0750953623233
3017120,77.84670081225063
3017121,303.97239404229714
3017122,4.51092943504506
3017123,2.9324660107261793
3017124,2.1573087119800896
3017125,0.5973003763029805
3017126,2.18568617419947
3017127,1424.6530378177404
3017128,0.0
3017129,135.92465428644488
3017130,1.5283079379593718
3017131,810.4090423392578
3017132,274.46979536545484
3017133,281.54729236089764
3017134,68.94113441588344
3017135,55.06251171491737
3017136,2137.2364752419317
3017137,7.189160423347532
3017138,0.5617798675819623
3017139,12.812104938826968
3017140,13.045405625641202
3017141,0.06709226730670757
3017142,185.5884848602242
3017143,6.787632960060364
3017144,0.0
3017145,2.340595446654536
3017146,27.051993487454034
3017147,1.2836921303207478
3017148,103.44920664034382
3017149,142.69713079616454
3017150,0.5731061341047692
3017151,3.1567288606816843
3017152,115.39165938276648
3017153,46.46390314631244
3017154,492.8530705925037
3017155,1.8621342266927976
3017156,3.2111763759937
3017157,2.923213723145522
3017158,0.005565171362180896
3017159,0.5880068796413562
3017160,1242.096055448106
3017161,0.0
3017162,98.27573512160029
3017163,4.538566102179028
3017164,849.0749878404563
3017165,179.9121486023717
3017166,142.99606886883683
3017167,87.00515380840575
3017168,29.090817693055293
3017169,1612.523318740803
3017170,3.4494962543910628
3017171,0.20148051160851396
3017172,7.1811300176566135
3017173,10.592637653648815
3017174,0.08986600191875223
3017175,134.3280964940918
3017176,0.0
3017177,0.0
3017178,1.5169275191888087
3017179,36.65099781686576
3017180,0.7397393685763862
3017181,41.16354168924308
3017182,99.34041421197243
3017183,0.47124486002307464
3017184,1.6524725544570864
3017185,60.76714117960741
3017186,23.53340311347318
3017187,349.5020521581627
3017188,0.0
3017189,0.6350113141726488
3017190,5.914396728805541
3017191,0.36307581378326614
3017192,2.7592155378754226
3017193,2524.7305889286317
3017194,0.0
3017195,232.69017404350947
3017196,6.283134088631586
3017197,836.0675614542834
3017198,468.63295911691324
3017199,515.917335998243
3017200,140.64763355072176
3017201,78.85735268425073
3017202,3418.247390617662
3017203,11.911504180582583
3017204,0.7153473123616698
3017205,14.388704769223265
3017206,16.127143878843615
3017207,0.14533966374015767
3017208,211.8515067456491
3017209,0.5460154971667117
3017210,0.0
3017211,4.675016803561257
3017212,50.65934134997929
3017213,2.4445989631340588
3017214,175.64632821043716
3017215,195.7888258305017
3017216,1.331715983383952
3017217,5.579200155961278
3017218,294.74140670402363
3017219,51.85590544904454
3017220,887.2783829648292
3017221,7.390618954997365
3017222,9.368482465212587
3017223,1.7346292581406915
3017224,0.0
3017225,2.098525569050917
3017226,1096.6644970484354
3017227,0.0
3017228,245.001220805236
3017229,4.698496025414351
3017230,271.3037319990831
3017231,260.43711761419166
3017232,126.9259195305732
3017233,65.27847010835049
3017234,9.92411100387014
3017235,1373.9098505220747
3017236,3.8080259223448616
3017237,0.3072003721957566
3017238,12.951779905311795
3017239,4.19068193893543
3017240,0.0
3017241,83.21919360240673
3017242,2.7593194584054013
3017243,2.1306967205687664
3017244,2.997812186629688
3017245,36.972946325322
3017246,0.74749862520389
3017247,14.75105480061344
3017248,76.95402418196689
3017249,1.6232422630628052
3017250,2.6207809146851115
3017251,123.86159679638189
3017252,30.674142644507956
3017253,634.8804327912619
3017254,10.47115893780075
3017255,3.1401003976523088
3017256,4.397148023098771
3017257,0.4316005197154331
3017258,2.438909786662805
3017259,2145.8771943128986
3017260,0.0
3017261,110.00065043487811
3017262,4.818498501667487
3017263,731.1223287335824
3017264,268.47413743708404
3017265,253.04439278972944
3017266,40.81738018952655
3017267,35.52539686646384
3017268,2811.6178426621555
3017269,31.252835014663788
3017270,0.7997380058023842
3017271,12.92486193795224
3017272,8.974572386919613
3017273,0.05332189373830561
3017274,147.9003176354252
3017275,3.6568539523030275
3017276,0.0
3017277,3.4154276973732918
3017278,45.20236460223496
3017279,1.7751334290668361
3017280,102.81059894846811
3017281,171.81213678363207
3017282,0.666217899306291
3017283,3.335113753248983
3017284,107.88120182020123
3017285,18.000768714875697
3017286,327.3085672125433
3017287,7.350844412915187
3017288,2.0895737743256926
3017289,4.756327503955321
3017290,0.016608412628464363
3017291,5.059815173525073
3017292,2879.6779184438806
3017293,0.0
3017294,614.2990642592913
3017295,13.042124443265505
3017296,850.653272205737
3017297,779.0551762638436
3017298,235.95667079847794
3017299,173.45583449045262
3017300,121.6342564775588
3017301,3700.9403342665987
3017302,33.81262154959002
3017303,1.3233705968964107
3017304,18.082477620048994
3017305,22.68120961720875
3017306,0.20265609485521408
3017307,227.54930256760153
3017308,19.601603146427617
3017309,12.601752120069968
3017310,4.786886098908179
3017311,115.49729036891765
3017312,7.028487842524381
3017313,1197.387782572955
3017314,221.0772857499104
3017315,6.977039208969296
3017316,7.6665808582005965
3017317,579.4475219944401
3017318,89.97206601097909
3017319,2172.9927469746654
3017320,0.0
3017321,38.67896861180179
3017322,4.2627051459515926
3017323,0.05557775815535268
3017324,3.592858458098373
3017325,2816.2882621797626
3017326,0.0
3017327,312.0281875198697
3017328,7.183377525569812
3017329,1183.1315563226565
3017330,464.0130184083405
3017331,866.7666395806984
3017332,71.27868731618089
3017333,68.90663212991501
3017334,4131.687479648029
3017335,10.984955923239493
3017336,0.2836711966079261
3017337,18.484744237356182
3017338,10.41389079487316
3017339,0.0
3017340,238.1027940830473
3017341,2.6739613754128526
3017342,3.8973075996179523
3017343,2.2652031243919972
3017344,56.8600931926741
3017345,0.7203993838493037
3017346,208.87115435081463
3017347,227.77684307369836
3017348,2.7141720606485866
3017349,3.174512458835629
3017350,488.9611634531002
3017351,59.483542097835155
3017352,569.9944278386223
3017353,13.803188517042777
3017354,7.682326635844753
3017355,7.443274578209918
3017356,0.2233558573896038
3017357,3.2402795829131508
3017358,2233.2317557764645
3017359,0.0
3017360,288.7491037312567
3017361,4.593905521171924
3017362,1195.1219967740356
3017363,374.7839597940644
3017364,258.25261171444805
3017365,128.33290652481062
3017366,71.6877578758241
3017367,3036.5902415426076
3017368,8.956950686084934
3017369,0.3471048735076532
3017370,28.873518710002287
3017371,20.145249879784863
3017372,0.10899958105990819
3017373,207.81276681705285
3017374,1.9318052734052733
3017375,1.437464227879993
3017376,7.953737163929011
3017377,103.78975000747579
3017378,1.2021068259643015
3017379,77.68006059953706
3017380,191.3119206340775
3017381,1.3481499626381512
3017382,3.089660685237245
3017383,137.39304616489136
3017384,141.1049027979728
3017385,837.1588404315457
3017386,0.38058163655775984
3017387,3.437564263693237
3017388,2.9703475196900055
3017389,0.08362130375121925
3017390,1.1207868369009248
3017391,1295.313148595693
3017392,0.0
3017393,153.32406845615938
3017394,5.389536961032223
3017395,562.174212831172
3017396,257.42729088451676
3017397,131.4151973814127
3017398,60.509924942593656
3017399,45.82024989005825
3017400,2145.612839968346
3017401,7.974709397675033
3017402,0.36754792800910496
3017403,17.436482369371245
3017404,11.702422256984368
3017405,0.00010702831455499488
3017406,140.80764165622375
3017407,0.8473586300303957
3017408,0.0
3017409,2.871243574801649
3017410,87.92449984861288
3017411,1.5110789132373492
3017412,87.89190572822368
3017413,124.831908414796
3017414,0.5894863953637819
3017415,4.102164905522298
3017416,206.54524754885173
3017417,28.39433006463843
3017418,536.3124974265621
3017419,17.787810578150637
3017420,1.034497790673008
3017421,1.3844636913705703
3017422,0.0
3017423,1.9887295924043897
3017424,1302.86896720343
3017425,0.00376990154088922
3017426,226.33053440876876
3017427,11.032175298160732
3017428,480.6846367216713
3017429,433.03797919863706
3017430,129.73644831853127
3017431,53.9723292675587
3017432,67.40513926502146
3017433,1848.1830313342298
3017434,21.975006901070827
3017435,0.30706671934820234
3017436,9.31972245402823
3017437,20.836856209799564
3017438,0.09603433258105994
3017439,102.87120095163314
3017440,7.578891370408394
3017441,1.9981904917001163
3017442,3.3324618379955426
3017443,65.83701581085114
3017444,3.8611883146004278
3017445,478.3016757706557
3017446,115.07597474676155
3017447,2.4272397333986415
3017448,4.357816566740571
3017449,371.492882117244
3017450,37.36573935554954
3017451,1099.6556734327894
3017452,0.0
3017453,11.43970502646099
3017454,2.444284301015743
3017455,0.1368929383641952
3017456,4.616228160151425
3017457,3440.633940297928
3017458,0.11790214732231033
3017459,709.6095522253435
3017460,19.917715994280094
3017461,1042.0993233235401
3017462,1187.4274332207563
3017463,287.4236348549642
3017464,243.64485941215696
3017465,186.15719105492093
3017466,3939.8458439432193
3017467,27.195194056948942
3017468,0.628553824025829
3017469,18.97098444473965
3017470,34.29635933383426
3017471,0.06688587261363742
3017472,231.63864103333614
3017473,10.27622990836824
3017474,35.37528502261158
3017475,7.490119320622195
3017476,126.53399058238016
3017477,12.072012598378452
3017478,617.319730370798
3017479,234.53078207681614
3017480,12.281132456967214
3017481,6.9721890056756
3017482,704.6459767261804
3017483,121.3161405218381
3017484,3371.2583656477104
3017485,0.0
3017486,41.0955350434471
3017487,1.6041900897485304
3017488,0.0
3017489,2.2219047210196945
3017490,1302.6204907311942
3017491,0.0
3017492,222.14906777547085
3017493,3.577579778015476
3017494,254.353999213668
3017495,339.0073712771835
3017496,97.81214573451646
3017497,80.1438548123489
3017498,22.070861353104736
3017499,1103.8120078475918
3017500,11.261833942075807
3017501,0.28534220009131545
3017502,12.17373004221626
3017503,11.669462739493694
3017504,0.0
3017505,57.18279917503019
3017506,0.0
3017507,11.792580117890427
3017508,1.3493051916533259
3017509,139.80874975828007
3017510,4.40449091927138
3017511,220.19747882604318
3017512,55.735339984732576
3017513,2.220837958296898
3017514,4.788992317007621
3017515,155.3795254318478
3017516,19.5798087925805
3017517,196.5369685782628
3017518,0.147129147402368
3017519,4.100383776401539
3017520,3.0099352908382473
3017521,0.0
3017522,0.3746732387297854
3017523,710.1437020554721
3017524,0.0
3017525,191.9236522383964
3017526,5.117661890447931
3017527,338.8922286029873
3017528,206.5161052732402
3017529,94.6316928234765
3017530,36.255794082669375
3017531,25.44198650578326
3017532,1293.712457216517
3017533,8.5563485048691
3017534,0.5592947230209862
3017535,10.155788508191007
3017536,8.683314958017322
3017537,0.18139696624316445
3017538,66.29939923481506
3017539,0.1610957703558182
3017540,6.82447575879034
3017541,0.6999329339202129
3017542,22.820253224583865
3017543,0.22838830237611682
3017544,355.6076266678375
3017545,110.04298628936786
3017546,1.4795814314519657
3017547,0.8123148866261451
3017548,184.5209964862504
3017549,17.48973754438919
3017550,437.0832719312353
3017551,0.3077945734671874
3017552,1.3156682896559602
3017553,3.869515294179508
3017554,0.10281417443339623
3017555,2.917474606639508
3017556,2406.8732858855997
3017557,0.10228370167647415
3017558,467.72045968238564
3017559,14.193975345960288
3017560,647.6286833449891
3017561,703.0573202113092
3017562,269.5452606551104
3017563,201.30388660329658
3017564,130.59790602637963
3017565,2907.2542687939567
3017566,18.820748567539038
3017567,1.2950130344258874
3017568,20.664881006996364
3017569,21.416618002582698
3017570,0.22143714094872308
3017571,170.27694161581192
3017572,3.4380272377694494
3017573,29.932222226103313
3017574,5.778861755297784
3017575,189.34299630587276
3017576,2.7313172013504503
3017577,369.5375497330652
3017578,164.9464652067025
3017579,6.737793614764045
3017580,7.778469102686385
3017581,402.9236608922866
3017582,64.1046116653239
3017583,2088.2498468620915
3017584,0.6160996783835688
3017585,21.863575130511826
3017586,4.974482438632864
3017587,0.0
3017588,1.5678704845918285
3017589,2547.3581056949515
3017590,0.0
3017591,415.6866665099208
3017592,13.984705803683381
3017593,991.3485010912742
3017594,580.0508120550685
3017595,390.73946555357463
3017596,147.27631280776137
3017597,61.66382244227766
3017598,3548.920658848805
3017599,9.478595645494405
3017600,0.8402975397868713
3017601,22.165856142779084
3017602,17.936585660854387
3017603,0.4186276642373063
3017604,188.31551116211648
3017605,0.0
3017606,3.511452482078661
3017607,3.961891163068329
3017608,70.84927678379464
3017609,0.8334663527460366
3017610,142.52310525480996
3017611,219.53356139896806
3017612,3.702992700228858
3017613,2.7876593536903282
3017614,209.6006975683581
3017615,67.32258293620546
3017616,740.1332371709407
3017617,1.3209423919682233
3017618,1.4961804316170966
3017619,3.721624762967477
3017620,0.18395465631013933
3017621,2.590361800147038
3017622,2265.959528462513
3017623,0.0
3017624,435.5667892918372
3017625,10.50873567514964
3017626,761.9777235922564
3017627,476.74290818660336
3017628,244.34585092024733
3017629,130.74374518831272
3017630,67.30565726438927
3017631,2790.0294266512847
3017632,9.112346898810731
3017633,0.7465450630749011
3017634,20.087343761046313
3017635,16.152111229096114
3017636,0.07564901832513425
3017637,178.48712932776644
3017638,0.0
3017639,3.768525414214741
3017640,2.8807334068838713
3017641,116.1700288042872
3017642,1.0468144931677568
3017643,82.70574399844695
3017644,164.93342805573357
3017645,3.2693725169482963
3017646,3.0758743845213576
3017647,205.15615647225445
3017648,53.00757038890903
3017649,711.1411997575101
3017650,0.8273178371957057
3017651,3.496879611474651
3017652,8.084345244969947
3017653,0.9929136958212814
3017654,11.098095168867847
3017655,7845.509955934916
3017656,0.08725682023911306
3017657,1168.500033395527
3017658,46.59651013339352
3017659,1817.074319268438
3017660,1920.0774162978748
3017661,400.5019752239463
3017662,508.4993586081488
3017663,381.6542197178804
3017664,7664.442872550181
3017665,68.71402557740093
3017666,2.2570439398314446
3017667,40.964639496004594
3017668,54.540928545564455
3017669,0.7965177419502711
3017670,447.96090806689773
3017671,40.6130970524171
3017672,60.306583219526395
3017673,24.48022742864202
3017674,315.92648274444224
3017675,30.44222785934461
3017676,1229.4168800332407
3017677,446.91649001314795
3017678,15.14619826644476
3017679,18.654987375339463
3017680,1476.54420698514
3017681,256.67923135397945
3017682,6855.869876368352
3017683,0.7720394544484348
3017684,119.5215081878523
3017685,2.2923439345691374
3017686,0.2766738135199435
3017687,0.45140595624058644
3017688,1044.4635148837801
3017689,0.0
3017690,113.73521173145464
3017691,3.3314266525113467
3017692,768.4045983348822
3017693,198.67148231768377
3017694,124.96532743472294
3017695,115.56102334777451
3017696,39.45111792730605
3017697,1454.231135102115
3017698,2.9012692480053253
3017699,0.21916419899248687
3017700,11.588139513805812
3017701,6.488432304031831
3017702,0.16791256231690752
3017703,109.2247938139256
3017704,0.2564712321895743
3017705,0.0
3017706,2.479058130977316
3017707,35.004861716660734
3017708,0.4536615757718846
3017709,46.503421711042755
3017710,75.55284317253273
3017711,1.750176594823016
3017712,3.2067077503119714
3017713,117.19217485790486
3017714,15.836090729301546
3017715,374.67603757775544
3017716,0.05218876617902008
3017717,3.2800211020907186
3017718,6.942952624974676
3017719,0.22073096311622506
3017720,1.9576477143606321
3017721,2602.403939971165
3017722,0.0
3017723,429.42382822436974
3017724,10.137633058753744
3017725,1082.2812267967481
3017726,481.7434935440547
3017727,259.26694880834094
3017728,266.57240903052605
3017729,69.8475994103631
3017730,3758.9777250012608
3017731,8.753449778812643
3017732,0.20675860489532052
3017733,23.167789546157675
3017734,17.962441276699
3017735,0.042581120103875006
3017736,215.80823489443992
3017737,0.8143015918706258
3017738,2.2425615180510454
3017739,7.597123653622971
3017740,19.13619208994588
3017741,1.1011298422281115
3017742,286.4800009641153
3017743,206.26336169887904
3017744,2.599464062232074
3017745,4.569886957812039
3017746,130.6683992455303
3017747,55.26894841145022
3017748,812.799513580816
3017749,0.8348800303298203
3017750,3.6165660934822457
3017751,1.0080211878154737
3017752,0.0
3017753,0.33815444996542376
3017754,746.9183163874352
3017755,0.0
3017756,82.03491150972877
3017757,2.5117866229008436
3017758,517.7429005980273
3017759,118.06081213869282
3017760,103.06497101718574
3017761,132.28266774749414
3017762,15.673089726587474
3017763,1321.7319431665192
3017764,1.0327670923640033
3017765,0.15392971951769405
3017766,9.095951040159633
3017767,2.3456623790812023
3017768,0.002589304201082212
3017769,67.09732311414868
3017770,0.0
3017771,0.0
3017772,0.22511926257317919
3017773,67.9535721754842
3017774,0.20686135903841923
3017775,56.31059976341332
3017776,64.84567479746576
3017777,0.28917866914605644
3017778,0.8688298058243358
3017779,65.33219855821562
3017780,7.98004512694585
3017781,167.16886948741725
3017782,0.0
3017783,1.1798333493175952
3017784,5.904345837040679
3017785,0.0
3017786,2.2280666347939535
3017787,1695.9693205640358
3017788,0.0
3017789,155.87215252626166
3017790,7.972774168176771
3017791,765.7725769854384
3017792,273.2573435134094
3017793,201.15500275839057
3017794,82.34881368227164
3017795,65.66207327280667
3017796,2502.0522494064376
3017797,2.0479417348939073
3017798,0.3671054636792158
3017799,18.51931814957979
3017800,12.777941428220148
3017801,0.13835401863802474
3017802,152.94343738772457
3017803,0.0
3017804,0.0
3017805,9.929316295640733
3017806,29.221999685909925
3017807,1.012977384998596
3017808,184.53156485571964
3017809,153.64288466723977
3017810,1.0866966962405025
3017811,3.319492113922343
3017812,248.49189934269148
3017813,26.953987410075992
3017814,923.4199955526266
3017815,0.0
3017816,0.4685217711665542
3017817,2.5641180799502417
3017818,0.24500930589488232
3017819,1.2485737890796695
3017820,2163.392163969227
3017821,0.0
3017822,589.058898559586
3017823,7.577196681237309
3017824,866.552012466366
3017825,531.7548804466785
3017826,242.10521049909354
3017827,112.57073385448369
3017828,65.86031255026471
3017829,3663.0847475400024
3017830,4.1679751789921236
3017831,2.9858840060010707
3017832,31.603536666436796
3017833,39.56396764629827
3017834,0.1866797100797119
3017835,196.7561948173799
3017836,1.8609962808120684
3017837,5.287089129068514
3017838,2.4286690656696273
3017839,49.41367510705218
3017840,1.896281120008755
3017841,150.49738096310463
3017842,229.66908707625228
3017843,2.8583403339156734
3017844,4.914277397296519
3017845,163.2955252296999
3017846,31.904836432336225
3017847,582.4020123076033
3017848,1.5168550693293605
3017849,2.1741731352933713
3017850,3.7026137647163004
3017851,0.004026555100952751
3017852,0.13741032386650645
3017853,1253.688949769278
3017854,0.0
3017855,79.32810998313157
3017856,3.184080627225492
3017857,354.2727883258135
3017858,136.0789158729034
3017859,100.32490419808863
3017860,112.8261931949681
3017861,44.002125464624164
3017862,1472.3916044487428
3017863,3.228926991645804
3017864,0.20406911033306258
3017865,8.343519824543993
3017866,5.926365167208036
3017867,0.11412537808992444
3017868,88.27621398335323
3017869,0.0
3017870,0.0
3017871,0.2508652460379436
3017872,32.59902974240958
3017873,0.42059586170370933
3017874,138.1183693330116
3017875,71.7677657395927
3017876,0.45921093681598796
3017877,0.7325972484849639
3017878,68.24019270552371
3017879,15.627624305657783
3017880,278.09349519566723
3017881,0.04112278809349871
3017882,0.20615204240252738
3017883,3.437784012002955
3017884,0.009301182480416769
3017885,0.5917321506845792
3017886,2963.148903346036
3017887,0.0
3017888,398.9909676614696
3017889,7.051653915755903
3017890,759.3902297006463
3017891,425.86734280080475
3017892,220.44801142250492
3017893,112.1477317037264
3017894,90.05266862959073
3017895,3195.9799493412324
3017896,5.028189140248909
3017897,0.3251919730731212
3017898,17.969511774188575
3017899,7.852479853477773
3017900,0.12940825348895382
3017901,193.04540282701765
3017902,0.0
3017903,22.998660364385376
3017904,2.0493890790484888
3017905,53.84623653782186
3017906,0.7303610086337062
3017907,184.37282792407098
3017908,178.22968941623537
3017909,1.5151835671371257
3017910,2.968241730605769
3017911,115.40720551424667
3017912,44.77194785431434
3017913,993.6392762102249
3017914,0.38223538739523294
3017915,0.6498187633207397
3017916,2.678417140400346
3017917,0.0
3017918,3.96598694686529
3017919,2857.8440734096544
3017920,0.0
3017921,470.84975126668246
3017922,8.731078479914485
3017923,840.5823833608597
3017924,819.979317165891
3017925,166.86591916069642
3017926,133.8239678534257
3017927,129.5615329811165
3017928,3338.492825962402
3017929,55.38299687685792
3017930,1.1311481015669687
3017931,21.610104414111202
3017932,21.477282714714573
3017933,0.17114697955385186
3017934,212.7434478308938
3017935,16.92400328825021
3017936,23.39468060459694
3017937,1.6541581549019782
3017938,139.15643901134462
3017939,6.69548383058439
3017940,323.8485655381677
3017941,211.78433368653174
3017942,9.744982215240668
3017943,11.737804201941106
3017944,286.29431466444646
3017945,68.11034202599998
3017946,2371.21112172173
3017947,0.04069544755902758
3017948,15.636389942428583
3017949,4.693870369720745
3017950,0.0
3017951,5.571828168516895
3017952,2403.1874939547206
3017953,0.007332774128703851
3017954,353.2552868088881
3017955,11.712937019488024
3017956,847.1330181884715
3017957,730.6481152480004
3017958,151.69931456548687
3017959,80.7119617745714
3017960,103.02234728622327
3017961,3211.4787188714467
3017962,18.446997775898573
3017963,0.795430482285663
3017964,28.55329795165818
3017965,53.563029036205585
3017966,0.02869058100281354
3017967,274.8997690580366
3017968,14.500629807806451
3017969,15.633107689718756
3017970,6.430764387091803
3017971,123.03701836191529
3017972,9.547321692148858
3017973,209.3614237002239
3017974,280.4567725537141
3017975,5.624600142424856
3017976,6.305428151807609
3017977,172.63472542138447
3017978,84.07081594267301
3017979,1722.4010475308605
3017980,0.19856769704053862
3017981,18.98732092104062
3017982,7.342017912756651
3017983,0.200824193480953
3017984,2.9156703862540865
3017985,2900.3026192369603
3017986,0.0
3017987,595.1603437184282
3017988,6.802015371061451
3017989,1509.5995753908426
3017990,532.9481360826654
3017991,185.8788922747583
3017992,236.31598773166678
3017993,66.8397818381642
3017994,4498.121673995897
3017995,26.50638394879083
3017996,0.8939696027789479
3017997,19.080842006707996
3017998,16.04904595335953
3017999,0.04973628945765219
3018000,256.9315202963829
3018001,3.2318733710573238
3018002,14.494422926205957
3018003,7.302833018825863
3018004,75.41756824685937
3018005,2.6322861310274415
3018006,129.1610835253662
3018007,233.1236495925539
3018008,4.956294720578087
3018009,8.808907672836076
3018010,266.71807200910837
3018011,61.759694931959174
3018012,1358.3768676098975
3018013,6.537949438611308
3018014,12.024000279577061
3018015,3.002304436751185
3018016,0.21393807804383527
3018017,4.0223153670392096
3018018,2522.6720594041885
3018019,0.08953279315344999
3018020,344.05593483092935
3018021,8.162025387420865
3018022,792.7114789094122
3018023,663.4034561348491
3018024,204.74809840681192
3018025,139.3395248789371
3018026,92.34259632896308
3018027,3131.170904132489
3018028,19.9503154681629
3018029,1.15473168686289
3018030,13.362991238026234
3018031,11.44798690182227
3018032,0.17034725756143607
3018033,194.6230387459633
3018034,14.411918902827605
3018035,20.66194407460327
3018036,1.1602426167474635
3018037,134.6998407368217
3018038,5.757586285314622
3018039,601.575756871189
3018040,195.25988314722946
3018041,4.740777784016916
3018042,7.433379576285187
3018043,456.7232666472045
3018044,47.21702984587796
3018045,1986.3693560916736
3018046,0.07717185458603289
3018047,34.052762164028785
3018048,3.021006928356136
3018049,0.16829666638001048
3018050,1.6592330216786566
3018051,4361.139202332317
3018052,0.0
3018053,312.6694693547429
3018054,7.185492103181469
3018055,1681.7088810005746
3018056,445.3897360589706
3018057,305.7564256458598
3018058,142.10958544863325
3018059,57.77684172496491
3018060,4618.496256550608
3018061,10.030760754709517
3018062,1.3780649796983195
3018063,19.763797182345165
3018064,18.087090169561222
3018065,0.14553972051054803
3018066,291.76144002676574
3018067,0.0
3018068,0.08307580971446993
3018069,5.6369139816586715
3018070,59.935932144324816
3018071,1.537092883459429
3018072,116.91071503389108
3018073,250.3113328948866
3018074,2.5220166396588066
3018075,7.674623034861352
3018076,236.97090439681267
3018077,51.212590759892734
3018078,889.9765278900041
3018079,0.0
3018080,3.63237368925771
3018081,5.369069497383227
3018082,0.027878933476766798
3018083,4.188934720735865
3018084,1965.665685794285
3018085,0.0
3018086,378.97497746159394
3018087,12.005714789937109
3018088,970.9508605578972
3018089,571.0080850299992
3018090,212.17605946314805
3018091,112.0025735432313
3018092,170.58644414149148
3018093,3025.4851102070647
3018094,30.683427068060542
3018095,0.8258474916076766
3018096,16.029089279431282
3018097,23.92556599993417
3018098,0.07891029584996
3018099,188.3877990500741
3018100,10.839156395852292
3018101,19.681320720831614
3018102,6.360761220594311
3018103,134.68751200058853
3018104,8.32292075653945
3018105,298.5658565570997
3018106,268.2968101472212
3018107,10.670904332702834
3018108,6.584686122725284
3018109,207.76532592931278
3018110,54.76772279109323
3018111,1684.1926068145515
3018112,0.2922039951423706
3018113,6.525038804122995
3018114,2.3875177169614
3018115,0.0
3018116,2.4450108684541942
3018117,2413.5273852722353
3018118,0.0
3018119,413.4105989605542
3018120,8.642841143188294
3018121,629.1879231555067
3018122,743.4688903572466
3018123,175.93525701747143
3018124,131.46353207045473
3018125,119.22144013077806
3018126,2658.4842795730106
3018127,25.118636876423942
3018128,0.640203411069413
3018129,13.937794309300344
3018130,13.613141400417033
3018131,0.060011614387876784
3018132,172.38700500342318
3018133,9.0983379407045
3018134,34.95048456801228
3018135,6.908044792548797
3018136,78.36144028317764
3018137,7.23563620910296
3018138,268.1847582458322
3018139,178.77819557358237
3018140,6.446905887805863
3018141,6.974972280194138
3018142,246.51051604027745
3018143,49.464723438799744
3018144,2116.3652782203794
3018145,0.09994479782919054
3018146,19.543563700999645
3018147,3.985926664241086
3018148,0.08957047177972742
3018149,1.8817926753225982
3018150,4073.3087307747182
3018151,0.0
3018152,424.35387798143995
3018153,17.399749628579613
3018154,1025.6519500258082
3018155,478.8375014095972
3018156,248.2353290355527
3018157,152.72370704565492
3018158,62.73902302380432
3018159,3729.7342500462196
3018160,6.765602845804792
3018161,0.1051032609157913
3018162,11.116534881173035
3018163,14.990204430650373
3018164,0.04290042311750922
3018165,200.39097198360557
3018166,0.0
3018167,5.781381685235567
3018168,0.7058973287259254
3018169,95.55732132489068
3018170,2.166792355438202
3018171,166.94565826782926
3018172,238.30315718823076
3018173,2.1923387415102025
3018174,1.8257889401488323
3018175,296.3246109318229
3018176,133.25427063076938
3018177,1015.2269314076289
3018178,1.29374594791644
3018179,0.3981027386590371
3018180,12.121630355592433
3018181,0.0
3018182,12.777173652763059
3018183,9568.255427515645
3018184,0.05179991008211903
3018185,1492.8224088493746
3018186,31.287935968821614
3018187,2130.8142445755825
3018188,2201.689484206609
3018189,566.6848506490174
3018190,616.2850386227248
3018191,445.2976574995438
3018192,9071.277838190364
3018193,79.90332655695856
3018194,3.2832123325736813
3018195,87.184156436793
3018196,92.67364005396063
3018197,0.5615310883989657
3018198,568.762742145807
3018199,32.608204534104
3018200,24.054087012949736
3018201,20.21859125131786
3018202,445.51935295827786
3018203,23.41307919923814
3018204,1375.7443560763445
3018205,477.2516202943872
3018206,30.30651429428904
3018207,31.154732274834693
3018208,1623.1183589704747
3018209,284.1856187975676
3018210,7859.830940734094
3018211,144.6672153105045
3018212,122.11102298315124
3018213,12.187968584080973
3018214,0.0
3018215,9.581789879780196
3018216,8740.83462464029
3018217,0.05640283104944918
3018218,1221.80287652011
3018219,38.049109693497655
3018220,2392.1451368170383
3018221,2030.8113131906414
3018222,752.8687837349646
3018223,366.7433174046779
3018224,398.76183123868066
3018225,9719.120978834759
3018226,112.50652494512323
3018227,1.084406600085178
3018228,65.83515770765517
3018229,79.11806342744887
3018230,0.6091822457514291
3018231,559.6091394873479
3018232,25.17425888721671
3018233,42.31156227521813
3018234,10.833967115123755
3018235,313.4791235357843
3018236,17.67748801838375
3018237,1783.6049369618945
3018238,568.8970256392026
3018239,17.807217792166274
3018240,25.63945815302869
3018241,1594.9971266245052
3018242,269.28774026734544
3018243,5465.446942493156
3018244,172.59677696387425
3018245,106.38181478643236
3018246,8.743934385525579
3018247,0.0
3018248,13.114333732674774
3018249,5145.009078689421
3018250,0.13288540446067226
3018251,762.9592577227296
3018252,17.231866001249337
3018253,1945.010872840254
3018254,1268.5676148800035
3018255,769.921751153465
3018256,134.72264947093862
3018257,253.1620720772313
3018258,7741.799429526719
3018259,43.55144189857903
3018260,1.3905230452021713
3018261,28.646889100257518
3018262,21.358663382070368
3018263,0.2679446481896246
3018264,530.907377749666
3018265,20.8882012602173
3018266,23.456660712553724
3018267,6.722454901501731
3018268,155.29627049760296
3018269,6.8035284268075635
3018270,1612.9927774686935
3018271,592.7714008174448
3018272,17.5631112604909
3018273,38.45729036303911
3018274,920.4587663882363
3018275,139.44203714969098
3018276,2363.7176760537836
3018277,90.4860192721253
3018278,53.049711094428076
3018279,12.684479362230519
3018280,0.0
3018281,13.358923376979684
3018282,7685.8825698718765
3018283,0.06545662235620969
3018284,1082.8558020897012
3018285,26.23891609332858
3018286,2013.5165365866958
3018287,1806.6156087359248
3018288,718.0516293276185
3018289,346.54336063066336
3018290,259.9756090686654
3018291,9584.468469758891
3018292,57.11851945031972
3018293,1.1495972073363063
3018294,52.40973758620623
3018295,73.96436780172665
3018296,0.4245328108896219
3018297,540.5777761289045
3018298,28.164933846695693
3018299,31.215950527011607
3018300,11.108434681106933
3018301,287.8447215400166
3018302,12.90009805734147
3018303,1582.1783511909623
3018304,576.7427664514439
3018305,17.91763648997036
3018306,22.322101654531878
3018307,1382.2269291774824
3018308,209.80286021213624
3018309,4595.238117822707
3018310,161.80606946212566
3018311,81.1845632625534
3018312,8.327105814712489
3018313,0.0
3018314,11.420944506455859
3018315,4148.766233428142
3018316,0.029047358269105095
3018317,683.3034319082689
3018318,15.871539861340832
3018319,1686.921266594421
3018320,1039.2976432118298
3018321,603.9089956159582
3018322,104.47331146836409
3018323,169.7505128818878
3018324,6610.8028721268665
3018325,44.27162725003117
3018326,0.3683708546931979
3018327,31.208853477092326
3018328,29.987755426161428
3018329,0.16682943061193808
3018330,458.4021634579365
3018331,20.685500289931156
3018332,10.2957731377829
3018333,8.353002854312768
3018334,150.75103252830002
3018335,4.325155964381323
3018336,1357.665297983422
3018337,611.6550720221244
3018338,12.707269898728953
3018339,20.835502508676967
3018340,1011.4411588383422
3018341,78.93579816008696
3018342,1530.0847216383079
3018343,172.24463445277553
3018344,29.990938370278357
3018345,9.746556341151747
3018346,0.0
3018347,8.24241007699956
3018348,6700.720330701954
3018349,0.037390476735359175
3018350,1205.472615976388
3018351,29.850758536212183
3018352,1681.125418865438
3018353,1904.8139667814282
3018354,477.907947138049
3018355,463.3563401180476
3018356,400.81160190691065
3018357,7219.908475454091
3018358,61.48989447032773
3018359,1.2613959185369308
3018360,57.48073896734229
3018361,63.13222385027028
3018362,0.3682814425569954
3018363,419.30975248839496
3018364,21.86620471341619
3018365,37.30925624319546
3018366,14.632770851040865
3018367,336.5312129820982
3018368,16.22249615983976
3018369,1301.5873350098452
3018370,429.48926278891173
3018371,15.63126123037873
3018372,29.76062728843494
3018373,1300.2018834612525
3018374,236.4785126574357
3018375,6697.594163100842
3018376,83.74622628948558
3018377,106.8407828288767
3018378,4.226066527956338
3018379,0.15380190357151313
3018380,3.9078872483705824
3018381,1714.247609485341
3018382,0.0
3018383,309.9652164958238
3018384,24.13483981719597
3018385,791.2373510548656
3018386,463.33858836837493
3018387,220.65198508476422
3018388,88.68217604363613
3018389,112.16147369730626
3018390,2684.792180515239
3018391,37.28488365613423
3018392,0.6930951053104086
3018393,23.300311224223456
3018394,19.11265427327815
3018395,0.213029295214505
3018396,187.58555132405195
3018397,9.84303248935908
3018398,7.992754909267104
3018399,7.108581823840767
3018400,75.79054233823906
3018401,5.889591725512929
3018402,280.44672765757906
3018403,187.48381426291493
3018404,2.6698847641518237
3018405,5.531487986958118
3018406,270.8375290703453
3018407,54.915215975411094
3018408,1485.962839337504
3018409,0.40074481244550625
3018410,13.36359267127667
3018411,8.750883577879227
3018412,0.0
3018413,9.797811930865151
3018414,3971.0037913062492
3018415,0.06680651726211302
3018416,554.3650427108277
3018417,32.389160821479926
3018418,1372.0595098349097
3018419,931.1116932865615
3018420,477.79131071943186
3018421,96.99904983712412
3018422,167.14798012035752
3018423,5673.207603408085
3018424,96.38904116859197
3018425,0.8495865929494926
3018426,48.77447293161927
3018427,38.11756030158787
3018428,0.1855597373825537
3018429,367.7604254989862
3018430,22.705981430174408
3018431,5.9848606398543875
3018432,1.88414209014072
3018433,163.99689611813963
3018434,6.58379101178388
3018435,706.1079324129411
3018436,415.3822480730762
3018437,8.816206931837586
3018438,17.880160288805527
3018439,460.5286305489
3018440,70.85857154621614
3018441,1912.4373731002804
3018442,140.18761742796525
3018443,24.672071188877606
3018444,5.841481812733649
3018445,0.0
3018446,4.025270357952772
3018447,4200.373179781729
3018448,0.0545515417442127
3018449,809.3914126999188
3018450,10.134775796702188
3018451,1302.3212163547948
3018452,1468.709467433902
3018453,308.36998090557313
3018454,371.4302554381924
3018455,313.6473568579262
3018456,4569.222009509574
3018457,32.99968082298998
3018458,1.145073634211633
3018459,30.92262117386652
3018460,34.746859289384545
3018461,0.4930570806169075
3018462,284.04867505827417
3018463,1.5615097337155102
3018464,47.36614617719167
3018465,4.928258243121044
3018466,195.34961268863472
3018467,9.931500298830354
3018468,1034.5169513650242
3018469,242.0007828606355
3018470,19.49786787220618
3018471,7.369724122272707
3018472,2946.0255734112375
3018473,125.30353719958151
3018474,4900.24049454674
3018475,2.3728371736882603
3018476,64.45752355311035
3018477,9.221984092376925
3018478,0.0
3018479,5.4934486701310865
3018480,4273.078981494281
3018481,0.0
3018482,851.0284432343146
3018483,10.90371380740936
3018484,1481.0269924265833
3018485,1098.6959461705644
3018486,387.4218437546766
3018487,215.99706369844486
3018488,437.71692907659155
3018489,5386.195856326834
3018490,46.71585950290681
3018491,2.0924399147912403
3018492,56.28825151299684
3018493,60.10643991256552
3018494,0.18408490394188362
3018495,319.59022791536313
3018496,4.473403921293826
3018497,49.715249795014905
3018498,5.559527065503841
3018499,290.3883969975414
3018500,8.387914840013696
3018501,771.3239801556451
3018502,300.2377745356999
3018503,8.778844934177494
3018504,56.2482284766695
3018505,620.6768182972368
3018506,133.05572243544643
3018507,4364.317649611663
3018508,1.7060495217549883
3018509,10.827827249080897
3018510,8.419578775858206
3018511,0.02461744332643961
3018512,3.5611510033997558
3018513,2212.1670778530224
3018514,0.0
3018515,413.39274923700714
3018516,7.5621792801444645
3018517,993.9369489154742
3018518,456.5200344272842
3018519,254.1015684544825
3018520,95.93000831984536
3018521,148.2205908491845
3018522,2898.4163846573965
3018523,11.416654368570239
3018524,0.8902797295882081
3018525,22.999740181336414
3018526,21.236254060809866
3018527,0.1010979823213432
3018528,191.0687385580714
3018529,2.621021971039881
3018530,11.570225727460382
3018531,4.084928821116286
3018532,119.91687001618986
3018533,2.2871492379813634
3018534,445.32353899408014
3018535,180.5096309114641
3018536,4.257668145145072
3018537,5.14797666959189
3018538,229.82595895334407
3018539,61.61621423086912
3018540,1910.9762888739597
3018541,0.2551869969028242
3018542,4.83493729812082
3018543,4.483622494673671
3018544,0.0
3018545,0.7819863098878055
3018546,2610.187475704776
3018547,0.0
3018548,159.85673943613398
3018549,3.2855240723974006
3018550,921.896043863456
3018551,194.15111978995859
3018552,241.05131582807184
3018553,56.98787842554997
3018554,31.639816205161495
3018555,2446.7272387980443
3018556,4.799148570134166
3018557,0.34804648587011067
3018558,16.146249910820213
3018559,7.7762461017138165
3018560,0.02810478913630426
3018561,172.7620369028515
3018562,0.0
3018563,0.0
3018564,2.4712517289551954
3018565,26.518055816581267
3018566,0.5897275761962182
3018567,45.15100069693672
3018568,138.26022225146116
3018569,0.09531740220990262
3018570,2.206218198566705
3018571,60.463341607943626
3018572,68.84488209606957
3018573,453.61850557249
3018574,0.0
3018575,1.068553110289571
3018576,4.088249115315397
3018577,0.057346769238697685
3018578,5.197478944407866
3018579,3167.182154000105
3018580,0.0
3018581,485.46075735855044
3018582,12.755585864214543
3018583,1180.9873207800104
3018584,869.5141495246199
3018585,351.8120963524875
3018586,162.00907566701227
3018587,145.85800658144294
3018588,4181.879438529444
3018589,29.92343751846697
3018590,0.758185541080802
3018591,29.345755954229034
3018592,54.35902393453058
3018593,0.048185688967807505
3018594,286.18741017180605
3018595,17.213125076818137
3018596,13.845616599452056
3018597,7.903666697917162
3018598,121.79196411363188
3018599,6.226361635595733
3018600,612.6718141833065
3018601,247.97087094830889
3018602,7.248860536873876
3018603,11.588466613240495
3018604,651.1062562799649
3018605,93.87972429292799
3018606,1880.909627410496
3018607,0.0
3018608,47.80501674385526
3018609,4.20784874236236
3018610,0.03391503232732755
3018611,3.931882423879184
3018612,4024.934653012517
3018613,0.13210079649478929
3018614,683.580648707748
3018615,22.008359337850095
3018616,928.7530953003327
3018617,1271.2110403056133
3018618,210.16469499157552
3018619,279.7770410772378
3018620,269.8536264818682
3018621,3712.6732559338416
3018622,32.763364324899065
3018623,1.726745273377968
3018624,27.970734512517723
3018625,22.040162651452537
3018626,0.48873679041259555
3018627,209.60207935422147
3018628,10.997229387446309
3018629,36.47621917367856
3018630,6.176776289086226
3018631,232.67015852963206
3018632,9.874847689513986
3018633,734.7207132821683
3018634,214.32901219338203
3018635,5.808380114218554
3018636,14.338344196230889
3018637,807.3760864739535
3018638,135.17672071587813
3018639,4722.036204530541
3018640,0.20921388969982943
3018641,56.2852770406042
3018642,3.2999982974639828
3018643,0.23682107269038905
3018644,8.439976827620372
3018645,4352.274483028472
3018646,0.05808694765556388
3018647,777.6337572774205
3018648,25.94936507417049
3018649,1117.4181117519415
3018650,1334.7223185878065
3018651,301.3360568936917
3018652,314.7974155026477
3018653,174.10000647427236
3018654,4591.6657774677205
3018655,38.52171308220275
3018656,2.2232645991426994
3018657,37.84755471306338
3018658,36.51084917215541
3018659,0.18260924632458508
3018660,301.5593747647789
3018661,25.35168494873283
3018662,29.585185930821165
3018663,19.91918715474358
3018664,209.40855116711782
3018665,17.10886081807298
3018666,727.5512052275112
3018667,289.47358552777484
3018668,13.139509294697937
3018669,16.453093678015932
3018670,823.3039271397311
3018671,153.01814857970874
3018672,3944.256291653525
3018673,0.3135859794352509
3018674,61.6571912991852
3018675,8.065453538241373
3018676,0.14406136448457685
3018677,4.9668645933002225
3018678,2680.1041668341786
3018679,0.0
3018680,397.0950645533487
3018681,12.865223686042489
3018682,1290.6585633605582
3018683,592.6868364561325
3018684,551.8260924218888
3018685,116.98212520935878
3018686,77.33072841065525
3018687,5142.723027381774
3018688,10.084940818087233
3018689,0.6438798302876672
3018690,41.08525149411338
3018691,27.407671617788846
3018692,0.019091328640414143
3018693,313.17972841618644
3018694,9.102689293267908
3018695,3.2543705838442243
3018696,4.974814087751499
3018697,59.712290276484524
3018698,2.3734193242828736
3018699,254.31650624619203
3018700,317.66332895686816
3018701,5.189514711601586
3018702,5.9449474925673345
3018703,442.0914817857342
3018704,91.71719418536121
3018705,1124.9974828193028
3018706,49.1647920193477
3018707,11.445800885410458
3018708,4.507381469783311
3018709,0.0
3018710,3.4593067703126836
3018711,2069.7858152735603
3018712,0.13230521997555963
3018713,312.2131148038254
3018714,12.07505354012432
3018715,550.6293316721678
3018716,655.959163359893
3018717,124.8812879400311
3018718,138.8229883603534
3018719,130.9133336610198
3018720,2312.5681731132
3018721,16.188671133338996
3018722,1.2825166403240922
3018723,19.510810193885018
3018724,24.618996352862
3018725,0.3941103825359419
3018726,161.24979618671358
3018727,13.509356192854774
3018728,12.874480744430759
3018729,4.584061954195233
3018730,126.02789303414097
3018731,7.199397204494327
3018732,272.14411464611175
3018733,143.19728180827838
3018734,4.046922799190797
3018735,7.287570618035916
3018736,256.0244779779771
3018737,66.86476485832083
3018738,2223.4961643895017
3018739,0.0
3018740,23.18708281861173
3018741,1.5728792203317816
3018742,0.0
3018743,1.5211686255198331
3018744,1457.4860242370432
3018745,0.0
3018746,108.00955658107812
3018747,5.30550418039421
3018748,899.5399979042384
3018749,300.0864347899378
3018750,252.49121424905988
3018751,47.39566048749466
3018752,49.959570926234946
3018753,2907.876585124513
3018754,7.8111375410480495
3018755,0.2140165751698645
3018756,12.587033576606261
3018757,8.571511044530533
3018758,0.009929073524802243
3018759,206.6344074136248
3018760,2.6804658702428568
3018761,0.0
3018762,1.523061386724578
3018763,22.699591143185437
3018764,0.5254831662235615
3018765,156.09645065446472
3018766,196.25895006784657
3018767,0.7377714960828434
3018768,4.444813834136992
3018769,142.8906701850133
3018770,30.074706606159914
3018771,225.90275011434395
3018772,20.05292748062001
3018773,2.0942206795066696
3018774,8.849118021784935
3018775,0.2117787832420478
3018776,5.3427549904946225
3018777,4675.295726867929
3018778,0.0
3018779,566.9025356057708
3018780,20.4761463379275
3018781,1829.836768319124
3018782,619.704311013033
3018783,445.1298572699208
3018784,170.20936937461363
3018785,116.7092502071086
3018786,7300.128071543498
3018787,33.99462617866217
3018788,0.7175252635885874
3018789,36.75810669273008
3018790,22.711616160420757
3018791,0.19499885565917982
3018792,460.522506057947
3018793,12.265530379272526
3018794,2.124699925157263
3018795,8.51756075886271
3018796,71.67415102919975
3018797,3.203416838762344
3018798,507.29449692248954
3018799,391.56180122116643
3018800,2.3532169253987987
3018801,17.011627099324155
3018802,352.9005914191155
3018803,88.04538917400963
3018804,1210.0996463986628
3018805,27.584518125805836
3018806,12.655776423891973
3018807,5.532033668989015
3018808,0.0
3018809,0.38009455280813087
3018810,1653.683826505532
3018811,0.0
3018812,172.4699632363079
3018813,8.947172091891908
3018814,999.2437479076677
3018815,423.5432512488019
3018816,202.73733251487536
3018817,57.505883134007576
3018818,61.089137156580456
3018819,2993.96922894035
3018820,9.560176736605793
3018821,0.6152901057352955
3018822,17.02900304439625
3018823,18.095302635660836
3018824,0.19574189416265214
3018825,183.4906109875922
3018826,7.937099348200766
3018827,0.0
3018828,7.971487394721009
3018829,65.33211565238467
3018830,1.4641559623764406
3018831,131.506014704748
3018832,188.615120579814
3018833,1.2485531507752254
3018834,5.577057608185582
3018835,137.2720703014532
3018836,32.96497243614114
3018837,348.57360998320604
3018838,5.096742264424639
3018839,5.107854087659868
3018840,5.096441075107374
3018841,0.0
3018842,4.369013131306968
3018843,1813.7824341394328
3018844,0.0
3018845,132.10587091127886
3018846,8.755208296381591
3018847,901.5511585219948
3018848,336.2088272623462
3018849,198.31596239458034
3018850,48.66982510473353
3018851,47.8184220796585
3018852,3211.2027642378202
3018853,14.664110214052641
3018854,0.04446738583543052
3018855,16.723588278201436
3018856,9.91984062513372
3018857,0.033317825525355324
3018858,187.278733371909
3018859,1.737759133445759
3018860,0.0
3018861,2.245826174241316
3018862,55.12589606664335
3018863,0.7128994699139304
3018864,177.81290953433046
3018865,228.06691012005933
3018866,0.38141044576894684
3018867,4.559561746034627
3018868,129.34268459459614
3018869,24.60539173174267
3018870,195.6397492838716
3018871,11.192756962831542
3018872,3.874593593756937
3018873,4.182992547927622
3018874,0.0
3018875,2.8489687906880046
3018876,1527.1119424587125
3018877,0.0
3018878,183.1049338320177
3018879,8.913304248837294
3018880,1506.334916637873
3018881,457.3711074407334
3018882,282.5302935648175
3018883,33.7084268846951
3018884,68.1074781817083
3018885,3560.722030579164
3018886,9.454873532135524
3018887,0.41085617196728486
3018888,15.895108959138685
3018889,28.748161269741452
3018890,0.09072674891543145
3018891,272.8282633810009
3018892,1.2028351631336318
3018893,0.0
3018894,2.6951315952612687
3018895,34.83762750662157
3018896,1.6903441113649644
3018897,351.8052534928909
3018898,326.4219925492311
3018899,1.1933166103900263
3018900,4.854187280887822
3018901,148.02738056655642
3018902,98.02728317027038
3018903,451.96095608848157
3018904,11.446606055536385
3018905,6.867589824515262
3018906,3.3631290890753416
3018907,0.9729823220757803
3018908,2.8315221157522417
3018909,1703.391125136758
3018910,0.0
3018911,159.05656239381764
3018912,2.597376537122599
3018913,879.9475065711422
3018914,310.55977229177785
3018915,237.49198462089993
3018916,79.04938101160565
3018917,81.32210449989667
3018918,2549.3564781907803
3018919,7.759551274201701
3018920,0.8951426176214143
3018921,14.860923823604063
3018922,15.77481736113371
3018923,0.08542204664896762
3018924,217.28986615354162
3018925,7.476138688568527
3018926,0.0
3018927,3.8059060034481833
3018928,40.28744777809772
3018929,1.8370303271120951
3018930,108.25239186507929
3018931,184.94342443827523
3018932,1.0220632191994725
3018933,4.879063237318753
3018934,90.67181322929345
3018935,44.13279275503978
3018936,560.584680027803
3018937,7.360327408174223
3018938,4.545553258337177
3018939,4.758475941735216
3018940,0.16789888619140622
3018941,0.9069857016943548
3018942,1284.5286375880107
3018943,0.0
3018944,149.37107602432113
3018945,7.2541569106648005
3018946,926.4463079150462
3018947,258.2099560044767
3018948,158.51450279242718
3018949,110.29254556929942
3018950,60.445346137108544
3018951,2064.399688709279
3018952,3.6594481476285985
3018953,0.28270905736383484
3018954,12.019972292907731
3018955,10.375342688700783
3018956,0.1464209339834408
3018957,167.58365889966242
3018958,0.0
3018959,0.0
3018960,1.7809471696058674
3018961,60.217480992103944
3018962,1.2550213344674646
3018963,50.77017553441795
3018964,139.62577211455638
3018965,0.8271265818300715
3018966,2.9535168287632754
3018967,62.791517497912466
3018968,37.1009675178089
3018969,398.9413689224294
3018970,0.0
3018971,0.43979125396547153
3018972,10.52172914233472
3018973,0.4821503268308875
3018974,3.4209893140425285
3018975,3380.875775662541
3018976,0.0
3018977,320.0599405315963
3018978,8.785351959608382
3018979,1249.91746214928
3018980,695.5703851578078
3018981,502.1322249115087
3018982,157.51177804778095
3018983,175.0284782280021
3018984,4606.932782456191
3018985,18.838468024020973
3018986,1.0838668839765893
3018987,22.21832560898461
3018988,25.8182303874898
3018989,0.27393070942434167
3018990,298.5940280319443
3018991,0.8607408675391581
3018992,0.0
3018993,9.119982926255574
3018994,77.71924537929459
3018995,3.4681067153296707
3018996,210.1454799293586
3018997,287.32710919577084
3018998,1.6684629715393404
3018999,9.428849429501378
3019000,380.79901738002997
3019001,67.836722184248
3019002,1273.4867421907816
3019003,14.463169805722588
3019004,17.136525843040527
3019005,3.1028999441713196
3019006,0.0
3019007,3.5147385327283347
3019008,1797.2656883646596
3019009,0.0
3019010,344.633167480586
3019011,5.94488345748996
3019012,437.1347493464101
3019013,437.6207741420979
3019014,161.9449202163923
3019015,114.91472510623015
3019016,60.49039341285897
3019017,2064.940872806228
3019018,6.357847251456323
3019019,0.3932541483973814
3019020,23.076181801727383
3019021,13.650933656603025
3019022,0.048118265252111235
3019023,134.62900933784397
3019024,6.830095886931473
3019025,2.749321460760525
3019026,3.355879819190565
3019027,54.49840417499957
3019028,1.3370847143088627
3019029,18.910690506190065
3019030,118.43716987893642
3019031,2.5447999784022204
3019032,5.633198479491895
3019033,125.13094291278968
3019034,13.583747760312908
3019035,1011.2873203662024
3019036,35.553653033945885
3019037,14.919373064633819
3019038,7.318097675888858
3019039,0.5806127545047426
3019040,4.251493407523736
3019041,3363.8545691190534
3019042,0.0
3019043,213.20812604799588
3019044,7.669919163054953
3019045,1380.6453442532813
3019046,465.5467441142946
3019047,350.17938907493954
3019048,66.93642387131837
3019049,60.845206787115885
3019050,4236.511968656205
3019051,18.082815373955782
3019052,1.3762569121340111
3019053,17.151252778999194
3019054,15.290046667475501
3019055,0.16826992339969626
3019056,263.1014235957528
3019057,11.450841561805289
3019058,0.0
3019059,5.129893205150328
3019060,55.259868342493775
3019061,2.4033816256028726
3019062,180.37689798809313
3019063,257.31160073946273
3019064,1.1489292767863297
3019065,5.365724975929393
3019066,265.7952604153072
3019067,30.633547320016234
3019068,520.4927564115056
3019069,7.508554714738883
3019070,4.617986575974459
3019071,7.387877012422221
3019072,0.03350418109342899
3019073,7.503347157904987
3019074,3523.9427787538984
3019075,0.0
3019076,740.6454651494303
3019077,16.600039565697596
3019078,952.2961024899644
3019079,960.210214779791
3019080,283.66946083707114
3019081,181.86545979712798
3019082,146.42806758526058
3019083,4201.946996685129
3019084,42.370210990364114
3019085,1.3900916322036396
3019086,29.940051919095442
3019087,26.94715384565219
3019088,0.24341872083074867
3019089,281.893384764859
3019090,30.33516665554447
3019091,17.54592714395743
3019092,7.420950418887312
3019093,163.54474689338377
3019094,10.167693254852665
3019095,414.1452965636627
3019096,286.64312888833183
3019097,8.910743396817827
3019098,9.525981556114974
3019099,464.50578165102064
3019100,125.46332299067029
3019101,2549.5590815033443
3019102,0.0
3019103,39.16254155526613
3019104,8.76004591116904
3019105,0.15650920435324814
3019106,7.469047921465682
3019107,4375.709680227025
3019108,0.0
3019109,512.6066422227103
3019110,12.972629733677445
3019111,1963.7184436257214
3019112,807.8276221792329
3019113,690.3526805358381
3019114,94.67765887569124
3019115,134.81596041536076
3019116,6409.604889650134
3019117,16.69746875306775
3019118,0.5194267789540983
3019119,32.821467827105465
3019120,18.194836317461682
3019121,0.061433558963937346
3019122,400.1062369026578
3019123,3.6451613963334024
3019124,6.147420889959338
3019125,5.320697912431734
3019126,98.84133420562513
3019127,1.0319298198348674
3019128,315.75877442772503
3019129,409.40495963866823
3019130,5.348164666702802
3019131,6.139140143839481
3019132,336.99392485651595
3019133,83.18916504210333
3019134,1110.326887753532
3019135,9.223746168556413
3019136,21.852933460353768
3019137,12.971435629822427
3019138,0.3582049691834587
3019139,4.313811075635633
3019140,3187.9553191466275
3019141,0.0
3019142,426.5221279674115
3019143,8.431664417668816
3019144,1457.9184511713183
3019145,654.0870986829265
3019146,340.2394185075766
3019147,230.2975292058478
3019148,172.13095890244227
3019149,4199.735034522941
3019150,14.088955801042879
3019151,0.5320593566076017
3019152,46.31542085657702
3019153,34.79781145176035
3019154,0.256400793406128
3019155,350.30994924183364
3019156,4.330349714963938
3019157,3.741853170841652
3019158,9.502333047911776
3019159,135.3562401551247
3019160,1.749511683978933
3019161,110.20135820365775
3019162,325.00493902446993
3019163,2.428888154893547
3019164,4.985965039209641
3019165,184.23185168678484
3019166,158.00680618269067
3019167,1313.2944766926403
3019168,0.5041391620923121
3019169,9.982689252619078
3019170,4.953294133319948
3019171,0.11533054508454575
3019172,1.8004174381732607
3019173,1554.1899567134885
3019174,0.0
3019175,131.98630041980252
3019176,10.403745682775723
3019177,715.5956782875033
3019178,313.30757524500024
3019179,147.83006723065722
3019180,41.4790424661108
3019181,100.37456583102349
3019182,2475.217336103788
3019183,10.901173588833279
3019184,0.4057114085105676
3019185,26.597175940922014
3019186,15.92031350321977
3019187,0.03238635344197979
3019188,170.31081862551196
3019189,0.968929563583055
3019190,0.0
3019191,4.002994149027741
3019192,142.47615397799188
3019193,2.406166223707933
3019194,70.43203919815976
3019195,146.25974523880896
3019196,1.1147283053374508
3019197,5.143139244181936
3019198,102.12425387069034
3019199,28.957930709387774
3019200,366.66873880265115
3019201,25.755551740885043
3019202,1.5039247851570496
3019203,1.4824518156055286
3019204,0.0
3019205,1.0011188389787495
3019206,1599.3485841902807
3019207,0.011284744174423765
3019208,250.9209637176648
3019209,16.147078899945242
3019210,506.59743964961626
3019211,469.4812357351692
3019212,140.20790074324273
3019213,45.35066502177213
3019214,78.30540607932075
3019215,1963.1372475701057
3019216,22.498189754748278
3019217,0.3897977257495581
3019218,14.858208247689426
3019219,13.786880503376041
3019220,0.14163993206048425
3019221,121.35149178702636
3019222,12.904023519794817
3019223,2.7133854585678305
3019224,2.4104006402857143
3019225,101.40713040108015
3019226,5.772078161833431
3019227,264.2560341771029
3019228,150.22718515634793
3019229,3.5472974845003113
3019230,4.915174544080619
3019231,213.57596563420844
3019232,33.77704302399264
3019233,1062.8325869343148
3019234,0.0
3019235,7.136206980498697
3019236,3.0827695302162628
3019237,0.1542526710418193
3019238,6.197925952964661
3019239,4145.098693428049
3019240,0.08314345010795988
3019241,797.2164531258771
3019242,21.883543941461493
3019243,1231.4448864308295
3019244,1460.3591640183272
3019245,307.7900335309874
3019246,233.1759911310369
3019247,195.15825626603888
3019248,4512.074487757654
3019249,35.47558683872369
3019250,0.644083106403923
3019251,22.789580099967804
3019252,40.57194798191901
3019253,0.06856334487126922
3019254,288.46904149709525
3019255,12.974607539517299
3019256,41.42608087694244
3019257,11.563527902634329
3019258,162.82339993323865
3019259,15.57154374764583
3019260,367.08238374346746
3019261,326.72267879707255
3019262,17.772093601275294
3019263,9.087644526627129
3019264,466.2531383467404
3019265,137.07903368840815
3019266,3674.275035559013
3019267,0.0
3019268,26.072555992426487
3019269,1.8644505227761594
3019270,0.0
3019271,1.1646140575173778
3019272,1373.1195171473207
3019273,0.0
3019274,227.25601420501923
3019275,5.421389886440497
3019276,273.962624794961
3019277,364.6511064669707
3019278,93.42313116564497
3019279,27.68157157850537
3019280,43.917279901381704
3019281,1145.0165400674878
3019282,12.274541611528822
3019283,0.42111787946808205
3019284,8.935000461262202
3019285,13.542762151462032
3019286,0.0
3019287,61.636066105251345
3019288,0.0
3019289,15.088636809775696
3019290,2.4718215050486125
3019291,224.59088814552092
3019292,5.872308157018825
3019293,46.259735648932754
3019294,72.23167397676484
3019295,2.9598132914553315
3019296,5.727012114417911
3019297,40.79561012365656
3019298,17.610625001612455
3019299,214.55033820077537
3019300,0.314386398372264
3019301,2.325167965181554
3019302,5.6547102279507815
3019303,0.0
3019304,0.33385588870237465
3019305,1118.4238063753762
3019306,0.0
3019307,221.84258808476318
3019308,8.388045197279922
3019309,428.8342250668163
3019310,269.50983500313026
3019311,99.04979540022316
3019312,36.94535996213992
3019313,43.68636366602836
3019314,1699.2694325702273
3019315,9.55118643391284
3019316,0.4866952879523469
3019317,12.519476024217985
3019318,8.262227422947158
3019319,0.3013303438223891
3019320,94.0191187804933
3019321,0.2691163285006233
3019322,7.735523612081826
3019323,1.3359341231969961
3019324,45.17595016818317
3019325,0.2760256132277624
3019326,253.70300718899657
3019327,141.40387891842144
3019328,2.704557741022206
3019329,1.3346631290625308
3019330,165.91253456453697
3019331,24.070230112758058
3019332,509.4660181215569
3019333,0.48250373703820937
3019334,1.975643475869965
3019335,8.025330920038023
3019336,0.1151586940036106
3019337,2.0821433766676987
3019338,3550.910335925646
3019339,0.11004297430360893
3019340,630.267539918045
3019341,27.021313825227427
3019342,942.8214328161245
3019343,999.3626137299572
3019344,298.116637438748
3019345,242.6014629058297
3019346,217.05414519276562
3019347,4126.843143391211
3019348,25.33205666007372
3019349,1.9139277856329584
3019350,25.800355048132406
3019351,31.137801468250323
3019352,0.3329797256334407
3019353,248.69312139628852
3019354,10.616986972111874
3019355,42.66887505739448
3019356,9.104673121590846
3019357,357.93012131683
3019358,4.143005463680503
3019359,286.2055860495713
3019360,255.4602938282609
3019361,10.660144695506805
3019362,10.181273467479302
3019363,372.89354262164596
3019364,86.77677417780929
3019365,2784.092697294316
3019366,0.9106686086814857
3019367,16.81875681423318
3019368,7.418615142882663
3019369,0.010420131193931034
3019370,2.622565814890258
3019371,3664.9723669949403
3019372,0.0
3019373,665.4727518333033
3019374,23.345531447035345
3019375,1366.7404917074148
3019376,921.0681682457424
3019377,365.66109778345975
3019378,223.96752598159256
3019379,127.3752808555472
3019380,4973.27528988839
3019381,13.273068404881771
3019382,1.0503751836479318
3019383,40.76561779561008
3019384,23.699227156871775
3019385,0.5603473363103662
3019386,300.87960485634653
3019387,0.0
3019388,4.865194213156407
3019389,5.284556992447027
3019390,148.3715654424011
3019391,1.4817060423800439
3019392,182.44607398720038
3019393,299.19378384611497
3019394,6.079537240341775
3019395,5.389950334661522
3019396,256.92137184434483
3019397,82.96309373875641
3019398,1559.9141850430299
3019399,2.663714527967756
3019400,5.479288041740022
3019401,7.9561592425085035
3019402,0.3222308607260336
3019403,2.769935908470743
3019404,3193.595589557937
3019405,0.0
3019406,618.5429576348839
3019407,17.346933665806997
3019408,1147.2967413945003
3019409,750.41524853129
3019410,279.721773028282
3019411,193.1502977435257
3019412,160.45689146490926
3019413,4120.756402032378
3019414,15.647070793997969
3019415,1.2805994336899036
3019416,28.107279148894808
3019417,22.80557801664269
3019418,0.07704520035676807
3019419,267.39344846176556
3019420,0.0
3019421,6.498620237429153
3019422,6.12260761434674
3019423,221.46059262968086
3019424,1.4757921576740838
3019425,109.689967937889
3019426,275.44496522734534
3019427,4.738688005953685
3019428,4.352889394315555
3019429,200.3132391328201
3019430,67.48626411774785
3019431,1214.319965107821
3019432,1.2051334517033547
3019433,9.31898834129701
3019434,13.658271763620204
3019435,1.0174931607375393
3019436,15.95538698571437
3019437,10764.35415877514
3019438,0.08939234042724153
3019439,1357.1297863899154
3019440,56.26937296123442
3019441,2093.817085386141
3019442,2296.8203854750727
3019443,430.5356832333061
3019444,478.20803599960743
3019445,433.160702642722
3019446,9652.234424799888
3019447,85.44567356782153
3019448,2.5523121568969978
3019449,64.59358679535123
3019450,63.39096036753878
3019451,0.9445017857895173
3019452,614.5092773305403
3019453,52.26873799858406
3019454,66.50387663440374
3019455,25.767314963900812
3019456,375.84327638020557
3019457,33.31911936723466
3019458,749.0290291651195
3019459,670.2353138259743
3019460,23.838108714981164
3019461,32.73663267005044
3019462,1119.6079394315532
3019463,295.4696347205216
3019464,8408.04902427468
3019465,1.164635726650057
3019466,88.58497184181901
3019467,3.1935339764750763
3019468,0.269281201704225
3019469,0.7728192068710455
3019470,1439.9392659522284
3019471,0.0
3019472,154.4697710680577
3019473,3.6857018331187597
3019474,756.7484817519613
3019475,260.11043620888233
3019476,117.56554672208917
3019477,133.13896547020846
3019478,71.9738530357694
3019479,1836.220527040669
3019480,3.8990049778488762
3019481,0.2029182511068418
3019482,13.368407225042118
3019483,7.65828353400596
3019484,0.209714538686809
3019485,143.12578269805098
3019486,0.3649470864865042
3019487,0.0
3019488,3.276089506893385
3019489,73.56214228335278
3019490,0.6169563364941784
3019491,60.91585939454981
3019492,96.07677720250072
3019493,2.175735228944903
3019494,5.018344238150527
3019495,115.69440785802476
3019496,18.942195984854685
3019497,468.33500793344865
3019498,0.06090825415023513
3019499,5.137674781072171
3019500,10.288340900725048
3019501,0.25218131060218074
3019502,3.1489567596922843
3019503,3211.597882081178
3019504,0.0
3019505,552.2242306414967
3019506,14.075029052984716
3019507,1696.1345040960723
3019508,734.0040782592322
3019509,269.36734532569375
3019510,246.67070727899178
3019511,153.17938105382592
3019512,4794.142863223564
3019513,12.937910583219503
3019514,0.2579325445046361
3019515,26.754569939077218
3019516,21.968898408294706
3019517,0.06398167858254745
3019518,317.9924622549895
3019519,1.212163372664509
3019520,2.9898861169109887
3019521,9.461727612204948
3019522,33.02950915390692
3019523,1.8777106617362196
3019524,337.96509176752454
3019525,324.0784663366174
3019526,4.14437834709919
3019527,8.59303340591259
3019528,144.59965945975617
3019529,73.67496813239367
3019530,1284.2117893145223
3019531,1.110027818709154
3019532,6.8591087424605
3019533,1.4821987175139864
3019534,0.0
3019535,0.6175948252174199
3019536,1109.118303885728
3019537,0.0
3019538,105.24914551407407
3019539,3.6418895193870897
3019540,1234.78894857107
3019541,169.90884021837547
3019542,88.37778005892635
3019543,110.08087589305545
3019544,30.279207910808335
3019545,1851.1567467430234
3019546,1.5493770601019947
3019547,0.19976901721552584
3019548,12.751746337548214
3019549,4.098389166099876
3019550,0.013526698045830295
3019551,102.23584405516127
3019552,0.0
3019553,0.0
3019554,0.2943015696284142
3019555,49.249224660714916
3019556,0.23777940829208755
3019557,67.79757895526062
3019558,87.05464571823089
3019559,0.3932700365140002
3019560,0.9805831003099412
3019561,64.14189795793332
3019562,11.401754124686706
3019563,235.41334147356147
3019564,0.00028025137873877284
3019565,2.7572959386601292
3019566,8.797855309953722
3019567,0.0
3019568,2.162499190459991
3019569,1906.3853359602429
3019570,0.0
3019571,236.21602117902557
3019572,9.416146267884907
3019573,1074.542226235207
3019574,444.29110304714817
3019575,187.14167929473277
3019576,153.30717696494753
3019577,160.20032668497137
3019578,3226.6843506848436
3019579,2.569454130178328
3019580,0.41892684993976725
3019581,29.119110605833747
3019582,19.02503007778655
3019583,0.19614498021150634
3019584,255.34344231357557
3019585,0.0
3019586,0.0
3019587,11.85353695562533
3019588,59.17631176259149
3019589,1.3862416738139118
3019590,267.37370991361536
3019591,246.62373024918972
3019592,1.3278266725267684
3019593,5.119481615944338
3019594,170.05008608855908
3019595,30.803337701924384
3019596,1308.807655804261
3019597,0.0
3019598,1.93244944045141
3019599,2.8467117236897557
3019600,0.2582035634277012
3019601,2.729589879343149
3019602,2661.134412815447
3019603,0.0
3019604,679.1422412533994
3019605,8.119598841432722
3019606,896.0364083310403
3019607,698.9850261302811
3019608,233.60413287863614
3019609,108.25194021372904
3019610,86.23799474403559
3019611,4269.762297832806
3019612,7.319903919716166
3019613,2.8947341523735606
3019614,41.618348021407805
3019615,46.895401544642034
3019616,0.2072737957066003
3019617,226.45219863304183
3019618,2.8637576956135145
3019619,7.886274478271806
3019620,3.634574283708176
3019621,62.76972778037915
3019622,2.8648194374998024
3019623,168.6117013593646
3019624,291.716836945006
3019625,4.0279542242476545
3019626,7.2045177762940025
3019627,145.70451902524994
3019628,34.2141419096029
3019629,569.596415629225
3019630,2.340519354586392
3019631,5.420700854955393
3019632,4.468599625014676
3019633,0.0019302984996073592
3019634,0.31431089122860406
3019635,1575.4178629756616
3019636,0.0
3019637,87.90438399504302
3019638,4.356094366575515
3019639,531.0869053417802
3019640,206.63254960002527
3019641,99.32766593694727
3019642,160.16160468762982
3019643,83.9234454037929
3019644,1950.0906489658319
3019645,5.145136498658335
3019646,0.25374138197649837
3019647,12.506305776482382
3019648,8.798580888197872
3019649,0.13418032647449984
3019650,115.75444914093055
3019651,0.0
3019652,0.0
3019653,0.36552924557394273
3019654,87.50892619445357
3019655,0.5566479329663547
3019656,175.89292614135042
3019657,104.75004759227168
3019658,0.7988757911015498
3019659,0.9338585926255614
3019660,55.54879767830421
3019661,17.909481938058722
3019662,357.6876851378889
3019663,0.0369594159891461
3019664,0.1647842536881588
3019665,4.38608682028624
3019666,0.020349602521819353
3019667,2.0680572507508703
3019668,3285.7353033698696
3019669,0.0
3019670,439.4647710673722
3019671,12.88250134288311
3019672,958.939585654568
3019673,556.3221705007446
3019674,213.51172316631605
3019675,154.3299752556417
3019676,188.1871172023996
3019677,3835.875064506888
3019678,6.213485219150292
3019679,0.2912962162506382
3019680,23.010040803283278
3019681,10.81976142416072
3019682,0.15254702344930668
3019683,228.27041079096895
3019684,0.0
3019685,35.98811078182634
3019686,3.5940897681236477
3019687,96.90684861200657
3019688,0.9263063867987038
3019689,200.7297139735795
3019690,238.74992106627883
3019691,1.839103957640945
3019692,4.771122827276663
3019693,121.02456601555004
3019694,52.0892387760292
3019695,1223.2410425707537
3019696,0.48063436133879317
3019697,3.4533394131057067
3019698,3.35570930689841
3019699,0.0
3019700,7.1209552650263905
3019701,3039.993586664178
3019702,0.0
3019703,514.2235562661306
3019704,8.860230263084677
3019705,949.0382744974827
3019706,885.9563296534603
3019707,160.11710534549815
3019708,136.84412297162032
3019709,119.1461629870586
3019710,3724.9041528747234
3019711,52.92791422511666
3019712,1.4588223569011847
3019713,23.76025671379966
3019714,25.466960461623813
3019715,0.21134474444593715
3019716,273.2210402821051
3019717,26.68996736963705
3019718,22.42245830707506
3019719,2.17870916580611
3019720,151.87448460983424
3019721,12.387070151969416
3019722,216.36594362756975
3019723,286.0562861195115
3019724,11.404361736300354
3019725,14.982507544517578
3019726,270.7070073035892
3019727,66.61108649009435
3019728,2614.984457703137
3019729,0.03959088937170732
3019730,12.01164597028313
3019731,7.2061625238505815
3019732,0.0
3019733,8.13516102552661
3019734,3617.5614817175683
3019735,0.029508644498699166
3019736,529.9198925929012
3019737,14.873907654923883
3019738,1319.6581932417216
3019739,917.438156918457
3019740,190.6078426002481
3019741,113.35964194902122
3019742,123.76165054611225
3019743,4476.67883702339
3019744,30.84861858881731
3019745,1.2533403299884425
3019746,48.56754931713036
3019747,73.40908848394665
3019748,0.04717132829437589
3019749,421.8356728956708
3019750,31.55634144293237
3019751,22.923119294070833
3019752,10.264661396840665
3019753,164.75884892194412
3019754,14.227206058854602
3019755,162.70991886926095
3019756,497.6440801910164
3019757,8.591701987514393
3019758,13.08611649856662
3019759,152.99848285805876
3019760,97.07430258184235
3019761,2101.1956747692047
3019762,0.3521153742691101
3019763,18.415933774987153
3019764,10.777534740117382
3019765,0.20268721930321928
3019766,3.976674461336259
3019767,3982.085150601407
3019768,0.0
3019769,759.2223659845833
3019770,8.780642355870992
3019771,2019.4879063563963
3019772,710.9143534931393
3019773,244.30848415063844
3019774,345.6826669988493
3019775,118.24634470931491
3019776,5635.77575287002
3019777,33.64518250384444
3019778,1.5059152168186953
3019779,29.868699936753753
3019780,21.510100970149164
3019781,0.09566071029105082
3019782,373.4599441036117
3019783,7.913718867321249
3019784,15.315255497735155
3019785,10.267303623831195
3019786,101.87221530210067
3019787,2.813089943132516
3019788,179.85276743166827
3019789,348.2072228748742
3019790,8.096324001900943
3019791,12.251549042301754
3019792,274.111663925947
3019793,64.89479835545444
3019794,1685.675487836923
3019795,6.5352998199858865
3019796,20.558388807555442
3019797,4.034489112226031
3019798,0.25925377013977174
3019799,4.714079985683052
3019800,3170.04796917286
3019801,0.07732322558935167
3019802,429.3899716615368
3019803,12.59869950265304
3019804,934.4370329003531
3019805,883.6181488450491
3019806,263.9005280496153
3019807,152.24600215576325
3019808,130.56597293396183
3019809,3699.2244420510838
3019810,27.640677787923106
3019811,1.5640280317600048
3019812,17.188538353084855
3019813,13.703569106738895
3019814,0.19115979281765919
3019815,274.51504420183886
3019816,23.885207806572144
3019817,22.59812854429604
3019818,1.8283652567476714
3019819,159.79086121408795
3019820,8.050746910441099
3019821,360.79072301591987
3019822,274.09031933034754
3019823,8.111401637388601
3019824,11.231023062338924
3019825,414.11299035449485
3019826,64.51583810084934
3019827,2477.509748541298
3019828,0.08085462779246184
3019829,30.79585251253123
3019830,4.634646174679689
3019831,0.22960836560245274
3019832,3.953251499756398
3019833,5154.32961580687
3019834,0.0
3019835,415.75013679835416
3019836,11.097615707704255
3019837,2383.3764821869186
3019838,658.6809976642077
3019839,291.27726799842776
3019840,169.153112182185
3019841,116.26441938519196
3019842,6271.762730008337
3019843,15.839492324137439
3019844,1.5673561354449803
3019845,33.90360498176077
3019846,24.76471873712604
3019847,0.25728233777184817
3019848,443.0232009996124
3019849,0.0
3019850,0.1492773529971476
3019851,8.68743804688792
3019852,102.85263372576574
3019853,2.2678509266372915
3019854,146.95066775065297
3019855,354.43015572342176
3019856,3.2760902782649586
3019857,9.547660940584986
3019858,183.03588946503018
3019859,71.88559070823162
3019860,1146.9556227356095
3019861,0.0
3019862,7.186595427215028
3019863,7.6298413904714195
3019864,0.026114760766211585
3019865,5.911459261726501
3019866,3065.4840376744883
3019867,0.0
3019868,548.0078341241043
3019869,15.662593721156057
3019870,1087.4026400133305
3019871,761.5891898161491
3019872,259.39743572893934
3019873,141.68689474234378
3019874,199.70915268919967
3019875,4121.752212141582
3019876,46.7758388644029
3019877,1.0461975734154554
3019878,33.301245736714876
3019879,34.70395246105987
3019880,0.1087435578708958
3019881,269.64936773039346
3019882,19.461409342933624
3019883,22.281314864419073
3019884,8.805955594554076
3019885,209.345715286615
3019886,13.940329739602536
3019887,224.0432784234975
3019888,524.5019609456044
3019889,11.985994334210302
3019890,9.188748266304547
3019891,189.10141455158953
3019892,66.59502462990851
3019893,1966.6814445249088
3019894,0.2707627073673882
3019895,6.459118127221711
3019896,4.589994916345312
3019897,0.0
3019898,4.289697387827311
3019899,3303.3914501657723
3019900,0.0
3019901,533.1021158010994
3019902,13.56397308432119
3019903,826.2240088200402
3019904,902.5426294428693
3019905,201.53788914690233
3019906,150.06205910297888
3019907,132.22876296072064
3019908,3458.2344505462884
3019909,33.98641365695509
3019910,0.8457154555644755
3019911,23.14951390129099
3019912,21.64146939857094
3019913,0.06549888981080829
3019914,253.40236908918578
3019915,24.228311472798623
3019916,38.334914911156986
3019917,5.4232671163815205
3019918,129.01078174190235
3019919,10.78779283148914
3019920,258.4990574828212
3019921,251.21734988853245
3019922,9.296631581505142
3019923,10.060676690173041
3019924,260.14983708066785
3019925,64.54043969195584
3019926,2179.4606118054116
3019927,0.1374015185222227
3019928,16.82029446826968
3019929,5.449049473509388
3019930,0.08066745197077717
3019931,3.350182713070037
3019932,4339.426886460011
3019933,0.0
3019934,499.4309062153837
3019935,15.4741068374464
3019936,1186.3225941379603
3019937,601.1987752791741
3019938,259.33994522874826
3019939,166.75390942398172
3019940,93.34174076642832
3019941,4397.9348717645435
3019942,8.466804420654558
3019943,0.10430693527582113
3019944,16.5049406916029
3019945,20.058643665628953
3019946,0.03299460567202116
3019947,237.46061328547253
3019948,0.0
3019949,8.35106280310164
3019950,1.0740388446196318
3019951,140.78096361938609
3019952,2.4853437171282944
3019953,168.89478220657787
3019954,281.436736408935
3019955,2.7361417870673557
3019956,2.40005144654352
3019957,183.95214371166702
3019958,102.18527770726504
3019959,1076.560973660384
3019960,1.5182179691870825
3019961,1.4498116470320177
3019962,18.096591740552665
3019963,0.0
3019964,22.206995464240062
3019965,12842.24722735677
3019966,0.09799377409072332
3019967,1963.7697259938743
3019968,36.28664237144505
3019969,3090.6666852077874
3019970,3147.840138940981
3019971,725.7944613899944
3019972,659.2764430947964
3019973,532.6103520272944
3019974,12675.412258999955
3019975,92.31709084349586
3019976,4.416587836167186
3019977,133.33148288645555
3019978,144.6133729113578
3019979,0.7244305454016609
3019980,958.0652799874949
3019981,50.38514870235497
3019982,38.96609755910941
3019983,28.397581382177485
3019984,598.2271603352189
3019985,35.504109390323826
3019986,986.7603929336653
3019987,832.7136419641128
3019988,51.89783063103055
3019989,43.58694021016092
3019990,1252.5872221494387
3019991,339.25188073281925
3019992,11857.141189479269
3019993,238.70142964095407
3019994,115.02246468824563
3019995,17.289152410946976
3019996,0.0
3019997,14.989513108892126
3019998,12445.78674277835
3019999,0.10718344676688628
3020000,1492.2059730694784
3020001,37.080197200368836
3020002,3100.9971188788136
3020003,2666.2749129310455
3020004,899.3025243130437
3020005,427.735961891606
3020006,431.18627096238015
3020007,12520.194741614108
3020008,159.22534489185892
3020009,1.712744708920774
3020010,83.66087291326305
3020011,96.63097782845603
3020012,1.0799252021654238
3020013,885.224477547584
3020014,44.52128073823159
3020015,49.91355042875966
3020016,12.341617734575388
3020017,368.6416335004092
3020018,23.793926750374418
3020019,1157.6496152251025
3020020,900.9034313242787
3020021,31.764087310726048
3020022,35.764855665444706
3020023,1336.8664049846773
3020024,296.3069835051088
3020025,7173.173860064622
3020026,214.78534324676602
3020027,103.21099325976752
3020028,17.261988194247966
3020029,0.0
3020030,19.95363728358639
3020031,8792.521330643902
3020032,0.21913247319080337
3020033,1240.5765259188902
3020034,23.464334260264668
3020035,3110.982645476277
3020036,2039.1188768953193
3020037,1096.0156725438735
3020038,210.14191345677605
3020039,320.65381719506365
3020040,12374.347732871545
3020041,61.45381403304984
3020042,2.312792596472749
3020043,54.59687515232566
3020044,35.890627861222924
3020045,0.4708137287578406
3020046,902.108489867562
3020047,55.8816057713089
3020048,34.307223545043755
3020049,14.174332575764995
3020050,239.2155682048299
3020051,12.125298546443362
3020052,1040.2066604976476
3020053,1015.7906450467204
3020054,33.14241480579386
3020055,62.94817554984624
3020056,1017.8846799148994
3020057,180.59373709341327
3020058,3616.2390766758053
3020059,199.44694362028739
3020060,66.17494135300895
3020061,17.938792255654505
3020062,0.0
3020063,21.270775452067618
3020064,12515.861231313904
3020065,0.11127156261525084
3020066,1403.4510531919198
3020067,38.15322046587824
3020068,2835.883729049846
3020069,2509.4750145599605
3020070,847.7523748451864
3020071,392.9114576300167
3020072,330.30290756017695
3020073,12358.507272214207
3020074,67.04002878892858
3020075,2.13827540155103
3020076,73.39904535996877
3020077,99.26874680272338
3020078,0.704868308919437
3020079,838.9337425491453
3020080,49.19580426662747
3020081,34.57402725114608
3020082,11.8517508783039
3020083,363.2288954776159
3020084,17.649298096727435
3020085,921.4780433634946
3020086,964.7113479875635
3020087,31.72471275157585
3020088,41.57985806603664
3020089,1203.546879834523
3020090,288.64222028343187
3020091,6337.72603008708
3020092,263.9189319280593
3020093,76.5957990448761
3020094,15.505565890477126
3020095,0.0
3020096,22.030035476887534
3020097,6442.063903717051
3020098,0.09250627933691634
3020099,1018.3070301963355
3020100,27.788905519736957
3020101,2704.671313425035
3020102,1685.6430086344612
3020103,825.5801034142701
3020104,160.60202459260026
3020105,263.951364485393
3020106,10606.13233189831
3020107,58.43056922415318
3020108,0.6420158676926973
3020109,39.878841280528675
3020110,62.352527314443144
3020111,0.34480024034338225
3020112,803.9809475653019
3020113,52.7960771737598
3020114,13.249680710515696
3020115,7.156201001307936
3020116,211.70483279992197
3020117,7.768843099314591
3020118,931.1397281713619
3020119,975.4132630760688
3020120,22.727152072615983
3020121,36.37535300827462
3020122,1036.7467193841906
3020123,119.19292233882483
3020124,2518.7248157293448
3020125,185.84455595623183
3020126,28.46652346160661
3020127,10.883010089580376
3020128,0.0
3020129,12.003033687008365
3020130,8167.007204395338
3020131,0.0657333371663851
3020132,1190.7134470092994
3020133,30.53556552058161
3020134,1901.5439650212652
3020135,2230.642974491115
3020136,500.48826984262945
3020137,443.39199799354
3020138,377.4738733030442
3020139,8038.387800128111
3020140,66.12514517746719
3020141,1.7124351164845382
3020142,55.33089680265441
3020143,76.7964103673003
3020144,0.5775133927277756
3020145,554.2385986907464
3020146,24.64110334497205
3020147,33.52519410755328
3020148,15.678894719183255
3020149,407.7440889649078
3020150,20.721927793285428
3020151,776.8212423155624
3020152,583.6311139088979
3020153,23.243162373027612
3020154,35.16229408539843
3020155,994.5004771451848
3020156,253.0395925505216
3020157,7594.324649865322
3020158,118.32533412400153
3020159,71.61110814856295
3020160,5.274114805617458
3020161,0.21299683452024296
3020162,5.531470274357853
3020163,2075.7816871214704
3020164,0.0
3020165,353.83558524145985
3020166,31.0146656673448
3020167,1018.7649636359859
3020168,530.363124839696
3020169,228.36833460061536
3020170,81.87700004288664
3020171,133.43748744915928
3020172,3202.4724771671645
3020173,56.58656594778568
3020174,0.9562393056560878
3020175,27.37435348308718
3020176,20.770694983251882
3020177,0.2366311952163917
3020178,229.93866434056568
3020179,13.516709840633645
3020180,8.92537153895558
3020181,10.78499975458632
3020182,111.20834116127511
3020183,8.283272379070368
3020184,254.045863048275
3020185,260.3179439975837
3020186,3.2743944561048144
3020187,7.604964952198989
3020188,242.53700576051935
3020189,60.9588273011758
3020190,1561.1667318305742
3020191,0.6005627940100313
3020192,7.641976692955973
3020193,12.541217525280734
3020194,0.0
3020195,16.06318223084542
3020196,5948.192212510187
3020197,0.0943837932417551
3020198,732.7849192003459
3020199,44.5803106876377
3020200,2156.4896900342837
3020201,1409.8613843814148
3020202,599.2288614080701
3020203,136.49803533137077
3020204,200.11856318527094
3020205,8076.79626250861
3020206,117.93652127639898
3020207,1.257979020631998
3020208,68.38946415326363
3020209,45.43352682569881
3020210,0.3198327231757273
3020211,626.7630581465563
3020212,40.04406559006269
3020213,9.827198671556099
3020214,3.3604596636023496
3020215,224.37366757675832
3020216,11.51502423012862
3020217,571.5779599292254
3020218,705.9712112076911
3020219,18.829721626644783
3020220,36.65979556225197
3020221,422.7703644620989
3020222,97.64090307527457
3020223,2602.88649002691
3020224,165.90032484130165
3020225,23.279217679826413
3020226,8.347601457513251
3020227,0.0
3020228,5.435196246258404
3020229,5459.85712484974
3020230,0.05127048224455038
3020231,1034.2962502788757
3020232,12.59419699454132
3020233,1558.1941462528157
3020234,1705.555474563825
3020235,286.86630173285613
3020236,332.52604035369905
3020237,390.26720880036396
3020238,5430.368862856421
3020239,44.75696539855422
3020240,1.4271762328277027
3020241,44.739586499677316
3020242,40.3494877429138
3020243,0.6190649706332043
3020244,382.36656057391104
3020245,2.6151928211121076
3020246,57.372756835214666
3020247,7.470828143696753
3020248,270.6891886663412
3020249,11.812191993262774
3020250,628.746764732798
3020251,352.12443375709455
3020252,23.323678979221768
3020253,14.011919247724652
3020254,718.2507657955108
3020255,143.0058270717957
3020256,5512.9744800636
3020257,3.65629890934326
3020258,53.398675136472356
3020259,12.600494080548232
3020260,0.0
3020261,9.43475236042708
3020262,5285.928886179366
3020263,0.0
3020264,1008.0602908480171
3020265,10.067268636099625
3020266,1943.2730190142806
3020267,1339.5511025686076
3020268,446.4299049731767
3020269,207.87923504048354
3020270,391.47508716347596
3020271,7178.369968252516
3020272,49.89325440927756
3020273,2.5365972225557063
3020274,39.89708179651653
3020275,87.25430727851503
3020276,0.28936459444861007
3020277,444.17762388333006
3020278,11.044279015901513
3020279,63.0657562705655
3020280,7.121842383994986
3020281,352.76315619447365
3020282,13.161986007832702
3020283,448.08565441788636
3020284,436.7102057965725
3020285,10.197181009739861
3020286,71.91412262824869
3020287,471.81365023524137
3020288,119.84633406126198
3020289,5130.3603540467875
3020290,2.4967728481963922
3020291,11.271595885496833
3020292,13.615312637585587
3020293,0.038004685205760454
3020294,5.1344126370400405
3020295,2789.7140085131546
3020296,0.0
3020297,568.3424768565557
3020298,12.221573252119681
3020299,1177.572144094856
3020300,597.3657325116104
3020301,294.4340882222205
3020302,97.01222142218705
3020303,234.66381898765647
3020304,3855.0163729752217
3020305,19.415442627378983
3020306,1.1924706157159313
3020307,35.56371251349461
3020308,29.389248202438885
3020309,0.11992744578155343
3020310,263.0716248275197
3020311,4.603443994198249
3020312,14.723030074983173
3020313,7.147905846185772
3020314,199.14008823692097
3020315,3.180198149409157
3020316,317.69093075954856
3020317,301.6829329674469
3020318,5.218148929206838
3020319,8.87045798699281
3020320,213.32973741408878
3020321,77.7812359209515
3020322,2281.019176036412
3020323,0.19735533073224396
3020324,2.623893410722542
3020325,7.595665045570234
3020326,0.0
3020327,1.195871420246108
3020328,2438.84940756129
3020329,0.0
3020330,198.56703159025483
3020331,5.203867563355139
3020332,1241.759390021204
3020333,255.116003195039
3020334,220.82889705009353
3020335,63.50690716363917
3020336,64.06518422804244
3020337,3331.289350938559
3020338,6.560828563384945
3020339,0.579992956078238
3020340,26.546947847833426
3020341,11.472330867801611
3020342,0.019679529407783468
3020343,246.48425750685027
3020344,0.0
3020345,0.0
3020346,4.109825982979496
3020347,36.45901653098687
3020348,1.2040944088180021
3020349,55.74307262377666
3020350,189.36388081294646
3020351,0.1116683940635332
3020352,2.848167164387402
3020353,68.50100826954211
3020354,73.57914549341324
3020355,579.4705331835466
3020356,0.0
3020357,2.8560097574070267
3020358,6.229867365668337
3020359,0.07235852645909924
3020360,6.602256851965646
3020361,4215.8972932553515
3020362,0.0
3020363,637.6727711366013
3020364,16.999074116432027
3020365,1361.7061071616251
3020366,1082.6630573669586
3020367,372.3690309676764
3020368,191.89474294014704
3020369,210.37218867868577
3020370,5273.29297827655
3020371,38.362578565661046
3020372,1.1983203555656763
3020373,36.62339309133282
3020374,53.44207825178994
3020375,0.04883263202997772
3020376,378.3707765741005
3020377,30.139794088363836
3020378,18.151317296222054
3020379,13.463552514462831
3020380,180.67611902218562
3020381,9.117903928754881
3020382,482.7174070738607
3020383,358.19127454860893
3020384,10.334145293375082
3020385,14.072031511619683
3020386,568.8533018500838
3020387,122.8509610309629
3020388,2777.680627171408
3020389,0.0
3020390,40.69703379279275
3020391,4.460439955292264
3020392,0.042977964530636036
3020393,4.238625071696934
3020394,3925.163434163715
3020395,0.1320600937874394
3020396,623.9482651346589
3020397,22.46588681467943
3020398,817.4855575647197
3020399,1186.108204102587
3020400,180.23195152465485
3020401,239.86161053996798
3020402,281.0860603334848
3020403,3352.7873623263386
3020404,36.901876270643356
3020405,2.4347194987681773
3020406,29.4936962823453
3020407,23.087689025123776
3020408,0.5879074884370512
3020409,219.87873001776416
3020410,17.697306261901307
3020411,44.93545446268869
3020412,5.842772508455014
3020413,276.20412961950274
3020414,11.49773224095171
3020415,393.87153328307755
3020416,214.7798819650375
3020417,7.0223479442494305
3020418,16.153812859824466
3020419,530.869982553032
3020420,146.04962052156995
3020421,4141.232161029547
3020422,0.21786813673981256
3020423,36.080172976836145
3020424,5.726722950491087
3020425,0.1900459686970049
3020426,13.092501979502686
3020427,6078.702901075773
3020428,0.044506901264909526
3020429,885.5155428346228
3020430,24.61184168560283
3020431,1371.170503718384
3020432,1677.2677669403138
3020433,339.02196568708877
3020434,367.0928042761448
3020435,205.6584143869765
3020436,5604.310708442342
3020437,37.87004060135435
3020438,3.5122521170155263
3020439,47.51680697324278
3020440,51.185391985952734
3020441,0.1758684271174895
3020442,429.02184443247586
3020443,42.42055368734561
3020444,41.462281766864216
3020445,23.24495460326075
3020446,216.45985573929434
3020447,22.42890516814586
3020448,463.5668391468105
3020449,402.5470971903303
3020450,22.416733927903476
3020451,24.273573817378196
3020452,672.760535168341
3020453,192.7005350379361
3020454,5083.575859619481
3020455,0.28644215814670676
3020456,48.68710793422881
3020457,11.895735027863035
3020458,0.34732642788113377
3020459,8.491274947428517
3020460,4021.435253105734
3020461,0.0
3020462,544.6646423048993
3020463,22.848964889049082
3020464,1796.4409325736835
3020465,892.3347729240365
3020466,568.7711620222992
3020467,180.52625086693806
3020468,142.80767293547905
3020469,7685.259260107422
3020470,12.6972099211594
3020471,1.0526056309755454
3020472,56.96555797263479
3020473,45.417076171599305
3020474,0.046924704045622774
3020475,465.5775281399881
3020476,14.825533395606035
3020477,5.355021528317173
3020478,7.336296846070189
3020479,117.14087680425665
3020480,2.8766450176347584
3020481,355.87158498741996
3020482,489.2609822049035
3020483,7.709708229342386
3020484,9.758697844574296
3020485,442.68016492189247
3020486,132.22332745045324
3020487,1637.1374965776758
3020488,46.4900059591439
3020489,20.549367393681965
3020490,1.9016387696716177
3020491,0.0
3020492,2.251436723148537
3020493,1024.126382528601
3020494,0.048970501196008306
3020495,144.6486116744734
3020496,2.9541466784854347
3020497,229.62772620896004
3020498,302.98207247152754
3020499,64.40547504931762
3020500,62.99495868708286
3020501,46.53985030578677
3020502,1094.9410019629154
3020503,7.9256974205450135
3020504,0.7217679873335658
3020505,4.66979340271434
3020506,7.4226910965582125
3020507,0.18422681034866753
3020508,78.73675960985827
3020509,6.339784558475044
3020510,8.007250607558857
3020511,2.5369993137263442
3020512,41.720559327173525
3020513,2.8429563486761698
3020514,114.10810823864719
3020515,69.67505064296537
3020516,2.313562790072554
3020517,3.0041341344614514
3020518,127.70723619697571
3020519,37.58741919602378
3020520,1041.1904796179608
3020521,0.0
3020522,10.56997308451588
3020523,1.5540757594514183
3020524,0.0
3020525,1.8405945582845518
3020526,1408.6976384150776
3020527,0.0
3020528,122.89476102225565
3020529,2.899323546422632
3020530,791.7323653915115
3020531,311.47898243030266
3020532,281.92634515441927
3020533,50.07007978257701
3020534,34.196333463091435
3020535,2740.9505492798753
3020536,5.063448743213003
3020537,0.29349277266720275
3020538,11.288177518799367
3020539,7.802368716329877
3020540,0.0709795611321206
3020541,192.73316204473363
3020542,3.828056930550245
3020543,0.0
3020544,1.4681851730144269
3020545,9.315905815260901
3020546,0.48784845305526175
3020547,174.04293857045334
3020548,198.6368950307128
3020549,0.9153556223213661
3020550,4.074575145354741
3020551,181.14619210950298
3020552,24.842833200866988
3020553,268.4770316559919
3020554,6.545803361609805
3020555,0.9021048733791668
3020556,8.823785432741703
3020557,0.19273017227597275
3020558,5.301302942894454
3020559,4812.689385242521
3020560,0.0
3020561,756.281576158765
3020562,10.223713285092998
3020563,2012.6208053353892
3020564,765.6720146928218
3020565,520.0174220289792
3020566,212.51178465719897
3020567,103.7886683633441
3020568,7825.501392233315
3020569,29.84552813901748
3020570,0.5777645871706689
3020571,28.162943535792927
3020572,20.881556646672426
3020573,0.2344300962669663
3020574,527.6928185918828
3020575,11.412638650978199
3020576,2.0808702008136315
3020577,7.915958654133954
3020578,31.384819471292587
3020579,3.6290071097052436
3020580,536.3048116489865
3020581,469.5191932707566
3020582,2.7808674682417505
3020583,14.515458000538002
3020584,416.6513162307579
3020585,81.058956929243
3020586,1435.1188797208242
3020587,17.29270569784838
3020588,12.178659812658326
3020589,5.360194513072811
3020590,0.0
3020591,0.4010905014625585
3020592,1860.1230811694506
3020593,0.0
3020594,212.91258246554284
3020595,9.068532859584488
3020596,993.3698671346664
3020597,446.4879657718174
3020598,215.1251151129243
3020599,63.28453975174253
3020600,35.296485126105864
3020601,2924.6265706203885
3020602,8.951871621868754
3020603,0.7007352201124828
3020604,12.144933286210795
3020605,18.95564024007508
3020606,0.21548023831642876
3020607,185.3438148731265
3020608,7.62005692639927
3020609,0.0
3020610,6.370472122881026
3020611,29.350217747305237
3020612,1.4029703759350949
3020613,133.15468225191123
3020614,195.9310181167007
3020615,1.6833135752348127
3020616,5.50496025476729
3020617,157.3801825644793
3020618,31.14000055524778
3020619,345.4716105723544
3020620,2.0905034878451216
3020621,2.793361103063178
3020622,4.970235568255391
3020623,0.0
3020624,2.7500004979356585
3020625,1450.0794559525568
3020626,0.0
3020627,150.10014472158784
3020628,5.831036329167471
3020629,770.8719161467855
3020630,271.8004791759592
3020631,156.4321910046057
3020632,53.027835568562374
3020633,28.517175579441755
3020634,2450.1735993146185
3020635,10.447920618528874
3020636,0.05284783960593711
3020637,11.360163351451263
3020638,8.179571978433627
3020639,0.026454910961785403
3020640,140.73182897528434
3020641,1.7585362980609878
3020642,0.0
3020643,2.4508339094254636
3020644,15.923667460618681
3020645,0.7146394622448666
3020646,104.96442928058653
3020647,160.2568559385275
3020648,0.3824335033845882
3020649,5.234588327270983
3020650,99.54729210788093
3020651,24.56787441179791
3020652,175.12771719299002
3020653,11.820432512792458
3020654,1.5813599126257536
3020655,4.079471830893727
3020656,0.0
3020657,2.595888672235615
3020658,1515.0379782371633
3020659,0.0
3020660,157.44545006249928
3020661,6.910846287356667
3020662,1085.2474748306884
3020663,313.95550936441214
3020664,205.4842979331598
3020665,43.07918333020792
3020666,38.45780736206202
3020667,2528.6449130109304
3020668,7.576568240639597
3020669,0.3514291291379347
3020670,9.767168492372576
3020671,17.901565931557393
3020672,0.0772969746062935
3020673,164.84371848632293
3020674,0.978335118363004
3020675,0.0
3020676,1.945767686597779
3020677,14.037260738961477
3020678,1.552531999304252
3020679,203.8996109509158
3020680,185.0861477616775
3020681,1.1119622246064131
3020682,4.498823545525105
3020683,75.97776076708091
3020684,66.15710461711573
3020685,358.3703795432212
3020686,1.8452135900518867
3020687,2.748686013008213
3020688,3.845000036817545
3020689,0.7843270141709702
3020690,3.9238388800984607
3020691,1487.450948331586
3020692,0.0
3020693,165.41809410155074
3020694,1.8087986219752699
3020695,732.8111365528291
3020696,259.4457702158638
3020697,215.21550252172648
3020698,67.06208491413109
3020699,49.09577927533356
3020700,2306.0864811661295
3020701,5.256496570577309
3020702,0.7034479809112728
3020703,12.853904986584363
3020704,13.638818934573846
3020705,0.10292343513756304
3020706,186.09251336518017
3020707,10.150906236353764
3020708,0.0
3020709,3.2492296559785148
3020710,14.86827378479019
3020711,1.5556056963222238
3020712,88.73090354690564
3020713,161.97138776987362
3020714,0.84929573555381
3020715,4.425784639015819
3020716,87.2018495670541
3020717,34.122303593154804
3020718,465.45349642742644
3020719,6.471240245413639
3020720,3.131628085463296
3020721,4.6616387457623745
3020722,0.11194268885493491
3020723,2.089262417038685
3020724,1577.7027971172793
3020725,0.0
3020726,203.94826976855254
3020727,5.196809969020249
3020728,1179.643397810504
3020729,347.07839684414
3020730,213.98843190428872
3020731,169.71367434202344
3020732,33.32200639366456
3020733,2696.3856291429292
3020734,3.734813871410645
3020735,0.36294580480165206
3020736,8.599487663226894
3020737,13.587679616547495
3020738,0.1785929436207427
3020739,221.20711553763604
3020740,0.0
3020741,0.0
3020742,2.1798522840915826
3020743,31.876418298741356
3020744,1.4976096467030704
3020745,62.78537333610797
3020746,189.12006021183092
3020747,0.9320987233695084
3020748,3.5342732275349773
3020749,74.96748722683509
3020750,43.40547655914436
3020751,480.561839090927
3020752,0.0
3020753,0.9132128474923309
3020754,10.160262871159162
3020755,0.4515779570875276
3020756,3.7650615302955206
3020757,4024.068060886351
3020758,0.0
3020759,499.27942243047994
3020760,6.51476193020041
3020761,1374.0148516651025
3020762,905.8607330617613
3020763,588.8309094684455
3020764,233.57865306911515
3020765,122.27751434663213
3020766,5541.984002059439
3020767,18.726008517984464
3020768,1.15911971921176
3020769,28.0549484712154
3020770,27.6071927625684
3020771,0.2413204277959567
3020772,394.15320359702184
3020773,0.9950013739416201
3020774,0.0
3020775,10.027448279134427
3020776,39.98107228749643
3020777,3.1411754573855832
3020778,277.71574430333663
3020779,369.81097069225103
3020780,2.209142683161493
3020781,9.326085071011619
3020782,417.84220305953744
3020783,69.17967914005794
3020784,1641.8824972372456
3020785,22.32956897253487
3020786,19.16853296503561
3020787,2.993826187094314
3020788,0.0339191407773204
3020789,4.884455882289791
3020790,1913.706552350261
3020791,0.0
3020792,467.6539714046902
3020793,4.3637042125150005
3020794,486.76206800696235
3020795,500.22514072099574
3020796,160.1716705462604
3020797,136.87666582817354
3020798,17.930012115482185
3020799,2381.5810998164457
3020800,11.015018116810788
3020801,0.4783831507960765
3020802,7.182352690770873
3020803,12.645388752814211
3020804,0.0470682305600592
3020805,169.80870443739488
3020806,8.419796448750661
3020807,2.402895611643841
3020808,5.777748552789445
3020809,27.45783312900724
3020810,1.3031499088222156
3020811,22.398477403430196
3020812,146.0857914273788
3020813,3.3656019337066168
3020814,5.86009173436862
3020815,158.78437236541865
3020816,16.06502257100557
3020817,1204.9740662164747
3020818,43.18388930020699
3020819,5.941968390533985
3020820,7.497193168081976
3020821,0.48114542023224144
3020822,3.088085319153026
3020823,2202.5997413961313
3020824,0.0
3020825,189.37211766068563
3020826,3.746323930598109
3020827,832.6762376518174
3020828,338.62477834946696
3020829,277.7841018278956
3020830,66.80649174857881
3020831,41.63186601367995
3020832,3025.819466590603
3020833,15.139396517663226
3020834,1.1511374632621805
3020835,12.592704862456692
3020836,17.603105611987267
3020837,0.14319863892876383
3020838,176.85538988621315
3020839,7.807722602505693
3020840,0.0
3020841,3.9844850662231677
3020842,22.077616717481234
3020843,1.867579364423424
3020844,117.7275688773199
3020845,186.06876655906342
3020846,1.2323971370565854
3020847,4.9541267006060625
3020848,78.828568791009
3020849,28.91619656573812
3020850,443.46636858148094
3020851,8.250674808597008
3020852,4.185632674619244
3020853,7.02214863444477
3020854,0.03514774816776666
3020855,8.54875866759813
3020856,3970.311654754975
3020857,0.0
3020858,771.2044452863785
3020859,10.020811212389564
3020860,1049.997349904155
3020861,1065.7036026733847
3020862,251.9596071031896
3020863,227.49880822548909
3020864,134.08672399162322
3020865,4672.8959587257295
3020866,44.09086796463657
3020867,1.5694899764081156
3020868,22.358068759899805
3020869,31.269110653266353
3020870,0.26321925823456327
3020871,330.5783272394849
3020872,39.645431887690776
3020873,19.003253435861993
3020874,4.7809520871861855
3020875,82.70646119664542
3020876,9.630221383330015
3020877,419.57997040128504
3020878,346.524284706586
3020879,10.276260478146712
3020880,11.35110842277691
3020881,527.5183189486662
3020882,120.85302185125373
3020883,2964.6444903340257
3020884,0.0
3020885,47.38912422657708
3020886,9.937686452152892
3020887,0.1429832087353734
3020888,7.955315755812373
3020889,5123.562828644614
3020890,0.0
3020891,835.3295500259537
3020892,10.04204147191248
3020893,2211.377145520498
3020894,1141.8291872959371
3020895,914.1004793143637
3020896,158.38661423786135
3020897,95.3853775594123
3020898,7426.947612662131
3020899,19.61736818491284
3020900,0.5268436469425466
3020901,28.848262709766825
3020902,27.079149058716432
3020903,0.03981754980818351
3020904,526.1014789344698
3020905,7.941008035443506
3020906,6.082485125404543
3020907,5.743606546547832
3020908,49.400214888912195
3020909,1.5899093419163854
3020910,387.085075206073
3020911,595.0258993105195
3020912,4.940368694368094
3020913,7.068067199742481
3020914,483.147574850154
3020915,103.93470051711576
3020916,1543.03913736708
3020917,65.99292630844714
3020918,19.23554237772906
3020919,14.712991536935906
3020920,0.4256235021323746
3020921,6.181820222716154
3020922,3989.7691009810737
3020923,0.0
3020924,712.8301028278183
3020925,4.088746453220336
3020926,2153.274108203058
3020927,924.9776054469033
3020928,471.663240119693
3020929,319.1857950372283
3020930,75.40791789084938
3020931,5796.719713953941
3020932,23.318895533262413
3020933,0.6117837292961419
3020934,39.939759535293746
3020935,40.89143908398436
3020936,0.25268155417024224
3020937,474.5467328205169
3020938,7.131108866418494
3020939,3.012862735971127
3020940,13.786238545941279
3020941,62.89368757668624
3020942,2.0894983546782684
3020943,153.22215563530108
3020944,446.1936234467411
3020945,3.1904648010968
3020946,6.07098247347097
3020947,212.2333019836175
3020948,183.0358777874259
3020949,1725.3501264120346
3020950,0.6164196029889244
3020951,7.944473092789849
3020952,4.973108344198751
3020953,0.120023518321274
3020954,3.1960001393210034
3020955,1617.5840729247202
3020956,0.0
3020957,150.45992530601953
3020958,7.395948212602175
3020959,700.2276609518053
3020960,325.2530159467777
3020961,158.266865173892
3020962,54.73311265455341
3020963,44.47462993176525
3020964,2438.663110380393
3020965,7.1129234230196
3020966,0.5458532345507339
3020967,20.236021030842007
3020968,17.265175514860484
3020969,0.06847970459818943
3020970,188.63590611426832
3020971,0.9678109040259888
3020972,0.0
3020973,3.868410232972021
3020974,34.86519128067845
3020975,2.7452656824008073
3020976,111.8491903730457
3020977,174.35708029575142
3020978,1.019298736270196
3020979,6.309951425173363
3020980,144.24627087724994
3020981,31.973334196469935
3020982,425.2457905327993
3020983,20.95699162393373
3020984,1.8285390642745565
3020985,2.2363653044174305
3020986,0.0
3020987,2.0687718322813446
3020988,1781.8380242028857
3020989,0.008524518218752964
3020990,248.48220752965335
3020991,12.871103069147452
3020992,528.5155214188808
3020993,529.4558894031641
3020994,133.44382500360678
3020995,46.126851619261096
3020996,64.3970194926055
3020997,2016.6168461176285
3020998,16.866475624746947
3020999,0.3131341986753054
3021000,12.985980053171176
3021001,12.291616749005918
3021002,0.2021405859951657
3021003,144.49822080259847
3021004,13.388799914821512
3021005,2.5935300890444575
3021006,3.316093841376225
3021007,45.221405259195784
3021008,5.31023083218193
3021009,732.4115475657387
3021010,180.52512557248536
3021011,3.514994657503527
3021012,5.187157601308614
3021013,266.02368233731306
3021014,33.31844297331669
3021015,1147.6432149052198
3021016,0.0
3021017,6.704987334632612
3021018,3.1531661706311773
3021019,0.13647750530093936
3021020,5.580689666030997
3021021,3810.474828881183
3021022,0.06980944662880159
3021023,759.058616939966
3021024,11.411971351009546
3021025,974.6763908884839
3021026,1306.8646643042152
3021027,257.6065796301951
3021028,212.06187989377744
3021029,134.05112596883038
3021030,3820.289487938082
3021031,33.05900078329502
3021032,0.6791643458239809
3021033,20.481016518880597
3021034,35.132313490464576
3021035,0.05660642157263635
3021036,268.93747091375644
3021037,13.037796218475886
3021038,30.156963481288937
3021039,7.943299929787054
3021040,56.58968484827339
3021041,11.737339927462203
3021042,318.1040061422973
3021043,314.07604125694155
3021044,17.524544474858626
3021045,9.852427242410693
3021046,427.16896153417304
3021047,113.11702447744854
3021048,3452.287526013854
3021049,0.0
3021050,21.256145616347077
3021051,2.1005941706580873
3021052,0.0
3021053,2.399892542614322
3021054,1202.413148263263
3021055,0.0
3021056,214.80970858054854
3021057,3.3558832035581343
3021058,237.0247687284685
3021059,320.1679509790976
3021060,73.76468308122712
3021061,22.86450608736983
3021062,18.81501190012059
3021063,1050.684275321857
3021064,10.139719646338342
3021065,0.41437397245844576
3021066,7.500398973409158
3021067,11.685297708607353
3021068,0.0
3021069,57.72854904378225
3021070,0.0
3021071,12.754962825580815
3021072,2.258260884070234
3021073,62.56092565802175
3021074,3.4571098480629168
3021075,37.507797396499875
3021076,69.86123124922038
3021077,2.1419555152552645
3021078,4.249499131395569
3021079,36.70436250151981
3021080,16.535826147697506
3021081,204.04057047303706
3021082,0.354509189537333
3021083,2.4596746768904696
3021084,5.314132588377992
3021085,0.0
3021086,0.36373278830538497
3021087,1347.843753014993
3021088,0.0
3021089,279.77578828681965
3021090,5.735510804847674
3021091,496.44583713182044
3021092,369.94444184615566
3021093,122.2654711748268
3021094,46.13138445196466
3021095,40.330219375181784
3021096,2034.3055474939963
3021097,8.686675611020737
3021098,0.657285119788592
3021099,14.154056745560673
3021100,10.568863549204389
3021101,0.3622181258474245
3021102,114.37288507063896
3021103,0.30970135943064553
3021104,7.249207473596837
3021105,1.4047754162615282
3021106,23.846737541502424
3021107,0.23170660136216314
3021108,294.58320710460333
3021109,157.3973564896267
3021110,2.4354800789339235
3021111,1.5074322174181378
3021112,177.32494364579793
3021113,31.012196827158093
3021114,587.1040545050683
3021115,0.48328525896200913
3021116,2.7004704227212817
3021117,10.467120139612675
3021118,0.10566214190158141
3021119,4.396339055680214
3021120,4579.055405028377
3021121,0.08518235699542334
3021122,921.8070118667713
3021123,15.016849190267187
3021124,1122.2077328081896
3021125,1437.9429065870613
3021126,387.9585039438421
3021127,309.7071503293307
3021128,153.2980226411318
3021129,5232.150998641568
3021130,34.7226096897059
3021131,2.279561802337231
3021132,25.198722833850958
3021133,36.146719803406576
3021134,0.3254487552115255
3021135,325.48510955594526
3021136,12.179391887687139
3021137,43.0835988195847
3021138,8.456006777422013
3021139,173.7503895478981
3021140,4.017784866433512
3021141,321.2623553413025
3021142,362.6361197307462
3021143,11.890778209609817
3021144,11.880221898404482
3021145,509.7609750724522
3021146,112.82990793988463
3021147,3516.527798564335
3021148,1.4630478270367417
3021149,20.69488855248297
3021150,8.965781067789186
3021151,0.013885706824352835
3021152,4.643398346081857
3021153,5020.441928790497
3021154,0.0
3021155,1092.274299038132
3021156,12.35114129194163
3021157,1724.3306629199674
3021158,1473.61523728987
3021159,565.0120204781753
3021160,364.3860680770059
3021161,86.65113584467193
3021162,7353.533287979949
3021163,18.980376756723626
3021164,1.1663461620348192
3021165,43.86222635462121
3021166,25.17190872112204
3021167,0.5981595319973896
3021168,425.57906921080337
3021169,0.0
3021170,4.9944817710670515
3021171,6.80722966016072
3021172,55.927054387855584
3021173,1.4471108054515476
3021174,226.9824265565258
3021175,465.18291669532283
3021176,5.696099278257494
3021177,7.328858776224575
3021178,309.0624910576589
3021179,99.83267445604515
3021180,2134.7377617838415
3021181,3.447210589851185
3021182,4.935158237241393
3021183,8.085148991696396
3021184,0.348801171752253
3021185,3.583419624440694
3021186,4192.801121008636
3021187,0.0
3021188,1056.3701349537225
3021189,11.383698186300006
3021190,1358.799434908413
3021191,1154.3285275154824
3021192,404.7774890894172
3021193,285.19739761163385
3021194,91.54781623569922
3021195,5250.8231605683395
3021196,26.439370062579865
3021197,1.2930797960870906
3021198,31.905907483272216
3021199,25.481508753128992
3021200,0.06050872029164807
3021201,374.00244364989226
3021202,0.0
3021203,6.01256050201589
3021204,5.711682204597039
3021205,88.04836824898128
3021206,1.5408630844426296
3021207,139.6088243770732
3021208,366.08070118780273
3021209,6.050069548224025
3021210,5.268421435805292
3021211,265.98865794343055
3021212,85.2972225990665
3021213,1523.304975517668
3021214,2.1021543268032645
3021215,8.635511589960382
3021216,13.58588766083743
3021217,1.4033818015422277
3021218,20.040195111738917
3021219,11007.10537040287
3021220,0.08731039591922017
3021221,1448.5903968498233
3021222,30.0860243433005
3021223,2339.5717495923723
3021224,2510.6795849115742
3021225,459.3059170796945
3021226,530.814700345729
3021227,392.34915790328336
3021228,10248.57901472978
3021229,93.47651384987567
3021230,2.895996399444552
3021231,58.55538107561626
3021232,68.9407927716346
3021233,1.0170300179034486
3021234,702.6394568789816
3021235,63.65147552315271
3021236,62.72721508878812
3021237,28.354045829217625
3021238,206.9212117441981
3021239,32.54950289317375
3021240,781.0291097829224
3021241,741.1391847770263
3021242,23.981453077976738
3021243,33.17909109293735
3021244,1176.7811479783293
3021245,314.12277673816146
3021246,9765.533755835786
3021247,1.6485616170159756
3021248,109.75487912082058
3021249,2.34633505519839
3021250,0.27964552535595394
3021251,0.7132869641049648
3021252,1523.7194643481264
3021253,0.0
3021254,208.12932044267137
3021255,4.382015169242094
3021256,550.168582640438
3021257,330.6419789586585
3021258,127.26499500281622
3021259,143.7049492017269
3021260,45.53954712392827
3021261,1901.0044589703964
3021262,6.273048954244671
3021263,0.1636200726419584
3021264,14.06689875909711
3021265,9.163029156200208
3021266,0.2047279582788941
3021267,139.89210353815054
3021268,0.45217058818091366
3021269,0.0
3021270,2.988829189437762
3021271,29.724417841998168
3021272,0.7165453006648339
3021273,56.25927032522747
3021274,106.44822893421907
3021275,1.5068306201181394
3021276,4.456066032574593
3021277,118.81223102783773
3021278,21.734982323457714
3021279,571.7981741373534
3021280,0.08413928050092809
3021281,4.92124233452872
3021282,9.047475697793434
3021283,0.22865649230340115
3021284,3.027106203442787
3021285,4278.950362416107
3021286,0.0
3021287,725.8227957475555
3021288,8.494285649173735
3021289,1718.6202939752532
3021290,945.1401560226745
3021291,314.24911423702434
3021292,348.25008052791446
3021293,68.97787237296069
3021294,5570.621718306294
3021295,16.60599824072177
3021296,0.20955794373870246
3021297,36.763478951375056
3021298,26.88387840448683
3021299,0.05029853268423631
3021300,406.54167136472216
3021301,1.7054198843137844
3021302,3.1467397114678635
3021303,10.278261554804537
3021304,17.446819328014563
3021305,1.6839559957421324
3021306,376.32144019515613
3021307,395.0987729623981
3021308,3.5261692420243644
3021309,9.413235766235346
3021310,142.1269465640871
3021311,92.98274775994769
3021312,1453.0839116486063
3021313,2.0929172809551413
3021314,5.054965263543982
3021315,1.3517612722884622
3021316,0.0
3021317,0.5066188995987104
3021318,1110.1673506074235
3021319,0.0
3021320,169.74046270910705
3021321,2.4690260815884155
3021322,582.2439083487407
3021323,239.44980653672232
3021324,115.00628472177638
3021325,141.65460391063408
3021326,22.03258177532035
3021327,1803.1508116488258
3021328,1.7845177782628685
3021329,0.17231093430094543
3021330,10.660698725417607
3021331,3.066721869224021
3021332,0.015196300836483531
3021333,109.44865887713871
3021334,0.0
3021335,0.0
3021336,0.16359268956119571
3021337,27.995112941722088
3021338,0.3153890077719879
3021339,75.7104001176159
3021340,98.29611166858592
3021341,0.33115923093593364
3021342,1.3467273806170046
3021343,63.1837688796799
3021344,12.845494156321031
3021345,227.19020455210742
3021346,0.020897609090774254
3021347,1.852176652712319
3021348,10.419228860292838
3021349,0.0
3021350,2.302606075042313
3021351,2478.3722334687914
3021352,0.0
3021353,330.4996220117925
3021354,7.81195906115874
3021355,1206.1432670546524
3021356,529.8002045821378
3021357,197.93970111877942
3021358,152.48750575876844
3021359,52.95404939506895
3021360,3591.545934121959
3021361,4.83931776078441
3021362,0.4746322601281563
3021363,27.064713934064706
3021364,22.10837840309014
3021365,0.20448551689473987
3021366,272.15880961576994
3021367,0.0
3021368,0.0
3021369,15.23089131731523
3021370,24.08401948191779
3021371,1.6645434259787861
3021372,299.8339487501134
3021373,287.58218074768087
3021374,2.008020858551339
3021375,5.490109087467565
3021376,251.1443513018375
3021377,31.009560209735916
3021378,1345.5585835746397
3021379,0.0
3021380,0.7698718322405347
3021381,3.1758775125941305
3021382,0.2392826801156657
3021383,1.3859590433802964
3021384,2667.117170153634
3021385,0.0
3021386,737.4396064322078
3021387,5.805400554306187
3021388,866.7834675761723
3021389,706.0620549207214
3021390,229.61924132899654
3021391,126.02520620831037
3021392,66.11350107784347
3021393,4158.794715799365
3021394,8.100743515030556
3021395,2.634339067848418
3021396,31.237217421871023
3021397,33.93532788647882
3021398,0.1947453547483128
3021399,207.1961688052626
3021400,3.3248866824034433
3021401,4.678808541604461
3021402,3.196716205160942
3021403,27.25817091502142
3021404,2.428485827526121
3021405,161.04019054299684
3021406,247.09970074327194
3021407,3.0476401225417336
3021408,6.270775742511167
3021409,136.83010311778168
3021410,26.128899640589943
3021411,554.5175629727939
3021412,3.425744992575967
3021413,2.8149029638018694
3021414,4.334054175840802
3021415,0.0037954801133649996
3021416,0.2689256845071201
3021417,1698.0834191274412
3021418,0.0
3021419,139.2354954829559
3021420,2.578507654396005
3021421,525.1716833638817
3021422,223.48477799193836
3021423,103.40807531404121
3021424,168.2979112159379
3021425,44.469148817359546
3021426,2024.9824021261772
3021427,9.351032631082898
3021428,0.22180565448643152
3021429,10.947828216971386
3021430,12.700778309238702
3021431,0.14616543680552802
3021432,114.73022573729068
3021433,0.0
3021434,0.0
3021435,0.3370950407638671
3021436,54.25382535499915
3021437,0.5147542669029261
3021438,196.85162523563585
3021439,105.13168253089702
3021440,0.6711331730286243
3021441,0.872291383850716
3021442,65.52162114451245
3021443,20.764579921032443
3021444,393.8702216362625
3021445,0.13918907861034482
3021446,0.3527497837636844
3021447,5.0759141757814925
3021448,0.02593259592640205
3021449,0.7595114448088311
3021450,3671.4005886704895
3021451,0.0
3021452,595.1527043929957
3021453,7.73825000720208
3021454,1017.7144484049854
3021455,736.1137751225236
3021456,247.4254701461042
3021457,129.766443717556
3021458,83.78857699969606
3021459,4394.292196220229
3021460,7.386062385260212
3021461,0.2820130434174513
3021462,18.57485347698204
3021463,13.1829710528534
3021464,0.15200816991451616
3021465,254.6352426173956
3021466,0.0
3021467,27.244382734483178
3021468,2.295830095859151
3021469,51.161818606923475
3021470,0.8943410555054434
3021471,198.3860284605858
3021472,271.1806912859436
3021473,2.263914300533606
3021474,4.147908793393344
3021475,130.96540859455206
3021476,47.28601982298535
3021477,1261.6042511759488
3021478,0.5526464592086537
3021479,0.9117140467935103
3021480,3.1607021461811637
3021481,0.0
3021482,5.9979459035798355
3021483,2459.312809685287
3021484,0.0
3021485,431.2112155239726
3021486,5.831285508973245
3021487,750.2878421018539
3021488,711.4330516370086
3021489,135.20325811895992
3021490,109.61101671518267
3021491,93.1902473403794
3021492,2908.8550150742126
3021493,45.29737196129355
3021494,1.2300315794673184
3021495,20.2820516194769
3021496,20.12770756858988
3021497,0.23999222516056648
3021498,215.19374626642394
3021499,26.5384073538867
3021500,18.63260656033278
3021501,1.4847418721639607
3021502,75.16147665320011
3021503,8.62261353285739
3021504,162.49822153967025
3021505,259.1492300785973
3021506,11.083036407689283
3021507,14.054608127202531
3021508,211.5360233773528
3021509,59.71205187320925
3021510,2015.2477029934566
3021511,0.059612203680525916
3021512,9.093169452223329
3021513,7.806553618073277
3021514,0.0
3021515,8.889834612142977
3021516,3211.011772094625
3021517,0.023741310266226407
3021518,530.6632182763261
3021519,12.597221963117144
3021520,1349.5892652450757
3021521,877.5310714914111
3021522,166.48477981593092
3021523,117.00370226856944
3021524,104.54852264167661
3021525,4402.564397087897
3021526,25.202204834270283
3021527,1.3701710012089712
3021528,35.39869016741701
3021529,72.76046280856202
3021530,0.1031664144682905
3021531,403.2172988568053
3021532,32.919581865210034
3021533,15.73517980227114
3021534,8.52966220997251
3021535,98.37065435052088
3021536,12.931717631716598
3021537,150.60598922747425
3021538,477.67298599013054
3021539,7.522189618995247
3021540,13.512579867980898
3021541,143.69559605613276
3021542,88.40511955325398
3021543,2056.8420450439576
3021544,0.3055243665364446
3021545,18.42751396675053
3021546,8.86840610481083
3021547,0.22012016004510743
3021548,4.46661479382365
3021549,4271.542201704147
3021550,0.0
3021551,869.7582485536296
3021552,7.455444919681375
3021553,2029.3434856601045
3021554,750.5449069898133
3021555,219.93789275263688
3021556,356.9600760678282
3021557,72.57281527488718
3021558,5581.062561454868
3021559,42.92370824944349
3021560,2.1681689924486443
3021561,19.974272121723907
3021562,19.403705051573137
3021563,0.15798050828182444
3021564,396.26553064065945
3021565,8.20283917018017
3021566,13.303540611781122
3021567,8.144851648505941
3021568,54.94008782176967
3021569,2.466476753826999
3021570,153.80440547849255
3021571,410.7969567141711
3021572,8.219929798560901
3021573,11.285015081885463
3021574,256.1338053347955
3021575,63.3096609437018
3021576,1768.6728014245293
3021577,12.504553279782426
3021578,17.69186978114932
3021579,4.450566842220805
3021580,0.3059282873985648
3021581,6.092538454030243
3021582,3802.819675518908
3021583,0.07085194023259549
3021584,497.67359943565845
3021585,6.667321031328056
3021586,987.1924648068751
3021587,1050.5510713823307
3021588,253.8647225113669
3021589,199.01957900057155
3021590,122.03336561071083
3021591,4373.349931210333
3021592,29.41332369757898
3021593,1.5705114567221887
3021594,16.37508014451122
3021595,15.291877635104367
3021596,0.23460087414231806
3021597,314.348958709634
3021598,28.017088666519015
3021599,21.834913545099063
3021600,1.7475121007523433
3021601,89.98281771736544
3021602,8.026012845558157
3021603,375.1996068750911
3021604,351.421858958818
3021605,8.703679668863915
3021606,13.612464986356047
3021607,487.62558362184745
3021608,55.65017173868695
3021609,3019.0841115041967
3021610,0.10323565798328031
3021611,38.58750884534738
3021612,4.523831294035768
3021613,0.20270275110350283
3021614,2.6062350747224134
3021615,4549.978519106101
3021616,0.0
3021617,474.7273013534551
3021618,5.591706158393827
3021619,2202.4623875076445
3021620,668.4191253286131
3021621,283.5111760190232
3021622,148.14705457756682
3021623,59.09102803583474
3021624,5367.574469969761
3021625,11.055419876163917
3021626,1.9424832286938152
3021627,35.363048924626874
3021628,26.06181506053717
3021629,0.20305634492487976
3021630,385.7469883459546
3021631,0.0
3021632,0.10206258189674078
3021633,7.651047037698248
3021634,29.784642348131324
3021635,2.254719319660173
3021636,141.35581891776337
3021637,343.53863596193634
3021638,3.1774352198533453
3021639,9.513786772588741
3021640,155.99048690116413
3021641,59.62824753932272
3021642,1027.5676734206897
3021643,0.0
3021644,5.682683008146058
3021645,9.448890168758556
3021646,0.03620552084276179
3021647,9.584760884413186
3021648,3717.249006794968
3021649,0.0
3021650,714.6335105310683
3021651,10.279894653355964
3021652,1565.646865684229
3021653,977.1673500374385
3021654,327.2273442226737
3021655,180.79119508274078
3021656,139.2354319551027
3021657,4868.1018941987
3021658,54.10659595475807
3021659,1.260955071288008
3021660,29.380849998597565
3021661,39.153965201040414
3021662,0.15500156904857024
3021663,370.64204237690745
3021664,37.540425720144505
3021665,19.900986494760538
3021666,9.633367672362736
3021667,74.43234535861932
3021668,15.222607690044292
3021669,243.90834216560836
3021670,496.8233630866759
3021671,15.40191881553887
3021672,10.875288024779405
3021673,243.6751012771419
3021674,71.5152856482491
3021675,2588.952550076866
3021676,0.5129820044414937
3021677,8.306897858048437
3021678,4.509944518073254
3021679,0.0
3021680,6.369771219971369
3021681,3262.0337513347954
3021682,0.0
3021683,552.0936030330238
3021684,9.772101037883484
3021685,873.1527894660813
3021686,924.9124722711191
3021687,200.6401479333798
3021688,156.2147638350126
3021689,110.30926768487238
3021690,3634.291322309852
3021691,35.80675739525868
3021692,1.0666851425006172
3021693,23.17874054660737
3021694,18.65536804801227
3021695,0.06763083331899018
3021696,271.23080627526707
3021697,27.797259336185743
3021698,32.84073513153896
3021699,4.60850446347533
3021700,65.19735235421328
3021701,11.45597022511739
3021702,239.13855116097457
3021703,329.7003596092919
3021704,9.264506853207271
3021705,11.528958934141771
3021706,252.2365924914421
3021707,57.74711628272517
3021708,2602.4698363414395
3021709,0.1455569291149188
3021710,22.464797885024716
3021711,5.357277995632554
3021712,0.0869514862581288
3021713,3.4814804308097953
3021714,5259.796529104611
3021715,0.0
3021716,698.0963363615939
3021717,17.454425682014854
3021718,1322.3162252951258
3021719,823.8292256981123
3021720,327.91132343653106
3021721,208.5969473180402
3021722,61.718296498891185
3021723,5282.577246144399
3021724,10.72836052097632
3021725,0.1090610817617679
3021726,15.522145595996271
3021727,19.77312232123278
3021728,0.04909959008209479
3021729,296.6427749608834
3021730,0.0
3021731,8.105341818361541
3021732,1.0109117507137038
3021733,91.29561403603007
3021734,2.1456591711074635
3021735,199.39913569713775
3021736,338.82637591093504
3021737,3.4428360433772482
3021738,3.0846543784950198
3021739,254.84173635419975
3021740,132.60459903687826
3021741,1299.1921581087042
3021742,1.661637924957613
3021743,0.8714448197730336
3021744,21.712637853946077
3021745,0.0
3021746,22.392947952370694
3021747,13737.53964582067
3021748,0.1073322923025814
3021749,2125.0413437012626
3021750,22.92977621010912
3021751,3231.3741543141523
3021752,3471.342001744678
3021753,790.6242886546196
3021754,748.9314679731045
3021755,484.3906195862992
3021756,13503.703809636054
3021757,89.13646005881714
3021758,5.17887116381069
3021759,139.05371900467267
3021760,135.5218721706557
3021761,0.8516845916401066
3021762,1118.0523491541096
3021763,59.32298408175956
3021764,24.458261823485405
3021765,31.83236234327132
3021766,330.1006401760247
3021767,32.89309129640856
3021768,983.6228660923435
3021769,941.6553006062808
3021770,56.68250735557831
3021771,58.010742398341115
3021772,1405.778483423551
3021773,356.9719677160906
3021774,12758.242885012389
3021775,236.77592827506118
3021776,125.40617915477917
3021777,20.229302893049123
3021778,0.0
3021779,19.551247420890476
3021780,13734.755014587601
3021781,0.12228196884023024
3021782,1760.1952534276843
3021783,25.72548267494292
3021784,3593.070867690244
3021785,3046.694521106564
3021786,1021.4851958695168
3021787,498.5592011651197
3021788,397.0764381230967
3021789,13531.105368927729
3021790,142.38237508364128
3021791,2.01980150913466
3021792,70.03583667047543
3021793,97.04233481995612
3021794,1.0418803196554909
3021795,1036.1649780916787
3021796,60.574991471631456
3021797,47.12714317155252
3021798,8.108135079642537
3021799,202.43134552762464
3021800,24.773129258844634
3021801,1192.3936580536902
3021802,1186.980771757226
3021803,31.16941425811654
3021804,43.39750983012727
3021805,1476.238778686063
3021806,338.56595395684724
3021807,8355.472624160162
3021808,304.3618313456966
3021809,134.84355219471587
3021810,17.046673601049644
3021811,0.0
3021812,25.114714487003376
3021813,10275.130837410825
3021814,0.2683027467168246
3021815,1403.728663874578
3021816,15.690442531505571
3021817,3426.705080926064
3021818,2413.5881798507007
3021819,1262.0055657690382
3021820,247.23073971413143
3021821,336.047466411629
3021822,13372.654219628495
3021823,60.23373657417007
3021824,2.895137404537946
3021825,47.288132186343795
3021826,39.93571255454199
3021827,0.564473673920636
3021828,1011.1762407332683
3021829,67.24903200446579
3021830,31.520950948040856
3021831,13.204084961592063
3021832,121.35444577104825
3021833,11.371433718802322
3021834,1055.3910361538508
3021835,1208.52195275783
3021836,35.500053298077106
3021837,73.95379363964344
3021838,1132.1446492727885
3021839,167.45742349968128
3021840,4343.789635333047
3021841,226.43338946603072
3021842,77.8271610087552
3021843,19.628834702781266
3021844,0.0
3021845,25.641763001985527
3021846,13496.25882185424
3021847,0.11031129705684557
3021848,1584.6618092125325
3021849,18.34031644532723
3021850,3139.1456975962024
3021851,2829.388565226728
3021852,948.1661714188917
3021853,465.36322691102646
3021854,341.0914940665274
3021855,13368.93004915203
3021856,66.76710951055843
3021857,2.492859324633948
3021858,75.00747457101627
3021859,110.44216918919045
3021860,0.9195814370707671
3021861,949.1061873155289
3021862,68.99082797010166
3021863,34.99547118815465
3021864,13.949112540767548
3021865,186.6000210377278
3021866,16.581452528000813
3021867,1027.0687005411212
3021868,1135.6886296733114
3021869,38.49350712028359
3021870,48.254030000214385
3021871,1641.0662525674945
3021872,284.9633563683401
3021873,8095.455392020577
3021874,306.1402318923888
3021875,98.03303635762278
3021876,18.51987668145035
3021877,0.0
3021878,29.697440028634407
3021879,8454.413110459707
3021880,0.09297923643873877
3021881,1289.115949899826
3021882,19.847686935191398
3021883,3348.167716802392
3021884,2024.2874411367002
3021885,1029.0902198430017
3021886,211.386075461924
3021887,269.6924434287495
3021888,11222.367641747358
3021889,63.79381517086557
3021890,0.8070952486622052
3021891,43.38299665532055
3021892,62.788180693260685
3021893,0.44703747164166824
3021894,996.8289156541706
3021895,57.82371775821791
3021896,19.20854884206126
3021897,14.357146794277607
3021898,110.60865451720656
3021899,9.28444890079159
3021900,1087.9165673508344
3021901,1233.5724170456497
3021902,27.050915583634232
3021903,43.801784882186745
3021904,1197.6207179862183
3021905,141.07111680814631
3021906,3172.702882574194
3021907,202.83614754250505
3021908,34.91562334919101
3021909,12.520643460425825
3021910,0.0
3021911,15.407341856201345
3021912,9881.717783945483
3021913,0.07157912608819761
3021914,1418.6384314830736
3021915,22.86012448878463
3021916,2131.998530790481
3021917,2515.866088766984
3021918,590.6308895100796
3021919,515.369589599921
3021920,367.5686586865805
3021921,9940.987731645038
3021922,66.62579946013288
3021923,2.240917239410571
3021924,66.70710631278976
3021925,58.35929431286726
3021926,0.6115474487868544
3021927,666.5865846330202
3021928,32.02618271340714
3021929,28.853394857266956
3021930,15.195452429965087
3021931,223.30734380390223
3021932,22.533864109574196
3021933,811.889602246071
3021934,739.1774762394434
3021935,24.57814581984831
3021936,43.01937238640882
3021937,1114.8318389973565
3021938,261.6884242333098
3021939,8973.910020117966
3021940,104.66134231398058
3021941,75.79985286000685
3021942,6.923481557099608
3021943,0.3145057572220574
3021944,6.775009889167846
3021945,2261.8000094996555
3021946,0.0
3021947,390.74642096561723
3021948,19.249459981957767
3021949,993.7265084394503
3021950,635.7465764431055
3021951,248.17577155012307
3021952,98.88242048998103
3021953,83.34805170234162
3021954,3369.638373528721
3021955,50.12527299681811
3021956,1.0367301492354715
3021957,29.63352984176447
3021958,25.146027179886993
3021959,0.23605152876444266
3021960,261.67248652014376
3021961,19.350152392163682
3021962,7.640204486251463
3021963,12.090149125463116
3021964,59.80993967496584
3021965,7.961853291410497
3021966,247.47202335462433
3021967,299.2340095027713
3021968,3.608171174642705
3021969,8.365926498853403
3021970,251.46404501044162
3021971,62.95985526842727
3021972,1640.8898061117534
3021973,0.7708727632057104
3021974,11.193916055057029
3021975,11.518460654250717
3021976,0.0
3021977,15.996602057774439
3021978,6409.196826663697
3021979,0.10090884717840887
3021980,737.8304310294335
3021981,36.41447482387596
3021982,2169.797267087578
3021983,1519.9315886012425
3021984,641.7128180759757
3021985,144.72769010900538
3021986,160.22583707466944
3021987,8708.598124084565
3021988,111.00599639091025
3021989,1.5493938958634628
3021990,61.19660374669775
3021991,56.02838876616468
3021992,0.28838438644920994
3021993,594.8244513418146
3021994,43.387485005758464
3021995,8.416921867059719
3021996,2.8258657960260485
3021997,111.1001930256154
3021998,11.39776841913288
3021999,505.8716223407046
3022000,707.5547003343235
3022001,17.16882930399707
3022002,33.87276312372286
3022003,482.1444496172265
3022004,86.34427621902589
3022005,2755.590148179177
3022006,224.09852817822838
3022007,23.315708814208374
3022008,9.313564092057335
3022009,0.0
3022010,7.95959150894679
3022011,6449.824677175729
3022012,0.06470091851064641
3022013,1202.8566374862999
3022014,8.921717687363875
3022015,1693.4459491369494
3022016,1954.732177373565
3022017,328.4357739458473
3022018,394.3867607622952
3022019,262.0679478625896
3022020,6571.317286094344
3022021,45.3277446123272
3022022,1.5443999851914594
3022023,41.72267464556644
3022024,42.46588651909582
3022025,0.5939741808224508
3022026,428.8736490665516
3022027,5.135089703421357
3022028,44.68197197644913
3022029,5.806639876809022
3022030,130.58808593755938
3022031,12.882611336764386
3022032,624.8203275328849
3022033,413.4369445911156
3022034,24.169465968728154
3022035,14.430042101203862
3022036,800.7932339863967
3022037,142.0711876674388
3022038,5929.28845988844
3022039,5.518404430806248
3022040,60.512337658851614
3022041,6.109708431233137
3022042,0.0
3022043,9.743237583603094
3022044,5427.430520059343
3022045,0.0
3022046,1087.933482085407
3022047,13.930724420993904
3022048,1883.5938168380835
3022049,1443.4308550216606
3022050,458.440465656549
3022051,240.41683759712438
3022052,264.1109895094046
3022053,7150.272425762794
3022054,58.308452026842396
3022055,2.357412133173295
3022056,57.6729312901054
3022057,81.0872448739834
3022058,0.3403607291012098
3022059,492.7988062660359
3022060,10.226912251192166
3022061,37.474465377956925
3022062,8.68269530595709
3022063,164.72536647046982
3022064,13.266293186426841
3022065,421.5856856183305
3022066,508.7139862734587
3022067,9.449661196026163
3022068,14.507353325214334
3022069,492.01311210039836
3022070,135.28563811429078
3022071,4856.724250530293
3022072,3.2820645889097095
3022073,10.123741322416246
3022074,13.838520495507021
3022075,0.05312288275068003
3022076,5.278596577286113
3022077,3494.949731378657
3022078,0.0
3022079,702.8860770658457
3022080,9.656939763461185
3022081,1378.9687844115692
3022082,782.4428711312843
3022083,318.3502138937749
3022084,129.08297443089947
3022085,125.15354365193119
3022086,4323.745546688712
3022087,19.977670292051116
3022088,1.4387010895879873
3022089,26.196755791044186
3022090,30.38291541731248
3022091,0.13268379478625927
3022092,323.05600376068213
3022093,5.997499303712755
3022094,14.771701557586534
3022095,7.510103603018983
3022096,103.21332470142738
3022097,4.051143408602639
3022098,313.37678915537884
3022099,362.4866240037299
3022100,6.391982386614711
3022101,8.903382778794958
3022102,269.41811820680414
3022103,82.37379538446265
3022104,2766.778547971053
3022105,0.44842151640818034
3022106,3.097704799142992
3022107,8.617918113603007
3022108,0.0
3022109,1.3513285818460572
3022110,5450.44945473471
3022111,0.0
3022112,382.2553295266852
3022113,3.7209729362318136
3022114,1551.8392010145587
3022115,351.9362778525107
3022116,307.869223078567
3022117,88.44198460375281
3022118,41.9655871566136
3022119,4050.1120640281383
3022120,7.940358712641904
3022121,0.7021377498391472
3022122,26.223698461924375
3022123,13.48538854250861
3022124,0.03608960410742795
3022125,341.97597151754684
3022126,0.0
3022127,0.0
3022128,3.9890552508125845
3022129,22.02083370996325
3022130,0.9984611939889292
3022131,67.53340750955789
3022132,273.7046060497345
3022133,0.14292839093264112
3022134,2.5070598303964946
3022135,73.83198564323487
3022136,106.34487889336143
3022137,696.2658835808626
3022138,0.0
3022139,2.2495676592333442
3022140,7.5983710276014165
3022141,0.07461941001265203
3022142,9.134446787697255
3022143,5109.4913952987445
3022144,0.0
3022145,638.2645498855414
3022146,11.692855766953194
3022147,1594.4841812586146
3022148,1340.5893671398392
3022149,435.3355105561143
3022150,236.29036477596864
3022151,186.44813574677966
3022152,6081.615206721748
3022153,38.425113249647694
3022154,1.363372136397878
3022155,38.62788472265856
3022156,55.90054402764927
3022157,0.0504770991491244
3022158,484.0513138697562
3022159,40.98601255301212
3022160,18.138306655505286
3022161,12.60037065862676
3022162,91.5961295866804
3022163,9.078024437772825
3022164,496.4006094720999
3022165,485.41077736702783
3022166,11.539694359623157
3022167,19.847817935287186
3022168,630.7149976400157
3022169,121.84931866159161
3022170,3457.1882664884834
3022171,0.0
3022172,52.26544006044404
3022173,5.112306505681607
3022174,0.03943353000513791
3022175,5.176773652924836
3022176,4112.263210175547
3022177,0.1325085760768431
3022178,639.236080174599
3022179,13.99966066268961
3022180,905.4231202751203
3022181,1149.7915889285607
3022182,169.331908172268
3022183,255.14644676068548
3022184,214.57307857685004
3022185,3632.764397097237
3022186,31.101722413252176
3022187,2.8097093241567843
3022188,35.220685081262566
3022189,22.74122829461552
3022190,0.5442002252430789
3022191,231.86843228852348
3022192,16.806657043598094
3022193,32.00101118336558
3022194,8.361131046286467
3022195,176.65442790381175
3022196,10.986991850437843
3022197,399.6076765193611
3022198,244.75036243958698
3022199,7.956979294847558
3022200,14.384122975632044
3022201,524.6070624512173
3022202,140.0622333834555
3022203,4498.183271993006
3022204,0.2517912302575735
3022205,39.729823923055115
3022206,5.371210210480939
3022207,0.3433090562926682
3022208,11.834757727434301
3022209,6149.233576412227
3022210,0.037007719804669194
3022211,909.9443431344408
3022212,15.939551729851367
3022213,1383.9122903727086
3022214,1677.7666613050212
3022215,354.87095948631145
3022216,380.11096661436864
3022217,174.90743568045315
3022218,5571.64694562742
3022219,37.32912321380208
3022220,3.643133499076243
3022221,40.380783494830226
3022222,45.669439288643716
3022223,0.17133167788079615
3022224,439.7206176828352
3022225,37.01234151295469
3022226,31.88690961838497
3022227,22.31069974364518
3022228,112.63218684066325
3022229,19.378231076184026
3022230,407.55682397504825
3022231,448.26079862104285
3022232,24.736714431898445
3022233,22.78207940155174
3022234,676.6977241463361
3022235,184.66816395576532
3022236,5366.614532906459
3022237,1.2567617386204857
3022238,46.868976298761446
3022239,13.90049150822975
3022240,0.34973696773266494
3022241,10.76182356507644
3022242,4572.722566416461
3022243,0.0
3022244,690.647734839507
3022245,14.539799506218623
3022246,1902.5685411713214
3022247,1017.5503231807146
3022248,654.0571040381178
3022249,246.45044555351464
3022250,119.77641393776962
3022251,7828.68880756953
3022252,12.401563143473467
3022253,1.0951239365780379
3022254,49.799293829047414
3022255,56.04492212978302
3022256,0.07332055727168889
3022257,486.70266719453815
3022258,15.900909488326526
3022259,4.4798379047024675
3022260,8.589301387793352
3022261,55.955430056570975
3022262,3.2213005974031885
3022263,389.03424914887154
3022264,549.1679223228481
3022265,8.416810539026446
3022266,10.782418797576616
3022267,489.21808331819386
3022268,129.8952054567229
3022269,1741.7513859494222
3022270,62.62373283345197
3022271,19.273139303990398
3022272,3.328498545748082
3022273,0.0
3022274,3.615000721971347
3022275,2112.359079359852
3022276,0.14137270228790474
3022277,332.29358430610006
3022278,12.278164552808777
3022279,615.6204087105104
3022280,684.3903515190616
3022281,145.58346051571883
3022282,134.78413011786608
3022283,121.69506507623885
3022284,2560.7268824657667
3022285,15.209789464474593
3022286,1.2018752975421587
3022287,16.35483529028186
3022288,23.242446066683996
3022289,0.3022258273788992
3022290,182.67992070750432
3022291,12.85196672366892
3022292,11.871805842935416
3022293,4.823965214860261
3022294,62.746879045163496
3022295,5.592429118287854
3022296,234.84399712036148
3022297,154.31972160266074
3022298,3.414340572608941
3022299,7.141663184596812
3022300,328.8969553527977
3022301,64.4287798568095
3022302,2412.8591328484076
3022303,0.0
3022304,23.476606021081203
3022305,1.1254250669857297
3022306,0.0
3022307,1.4784639920807354
3022308,1084.2607644631978
3022309,0.0
3022310,99.96423008997616
3022311,1.8716474916142491
3022312,798.9070370295751
3022313,264.39898729251286
3022314,221.19821275053786
3022315,61.98547123552637
3022316,27.73774996094898
3022317,2478.2389474330876
3022318,2.231350841237052
3022319,0.22226946931691338
3022320,6.726276573463128
3022321,4.808454151439949
3022322,0.0021905284978574946
3022323,160.52796390269367
3022324,1.5057975066627498
3022325,0.0
3022326,0.8167846896298236
3022327,4.823824852326884
3022328,0.32733476967835473
3022329,150.23129076934657
3022330,171.73048143466764
3022331,0.524115287600504
3022332,2.8272603689986755
3022333,110.41642254389774
3022334,24.523931370350915
3022335,214.1149186726577
3022336,13.668756691135892
3022337,1.0439998989057195
3022338,4.708814549076135
3022339,0.21586086378631447
3022340,4.104352907742668
3022341,3812.4254993981344
3022342,0.0
3022343,581.3995247663061
3022344,6.379864813734559
3022345,1712.1466700991184
3022346,608.3031198739772
3022347,475.9927445223754
3022348,274.40602446702866
3022349,58.97364268121077
3022350,6457.206401147407
3022351,18.24104055614393
3022352,0.46291550482288873
3022353,10.523635050603069
3022354,20.91749178729478
3022355,0.14395543923689144
3022356,474.65197159175915
3022357,7.248938595189594
3022358,1.0581147944773521
3022359,6.123102964251282
3022360,24.478176653349653
3022361,1.7691897411807687
3022362,551.5605516960807
3022363,362.1344815367562
3022364,1.8836940853371114
3022365,11.874029196859823
3022366,244.24462073702975
3022367,71.93244299627938
3022368,1213.3268581648454
3022369,34.151410524375066
3022370,7.204141633690316
3022371,3.6096309836339557
3022372,0.0
3022373,0.35061019770154567
3022374,1422.595469552051
3022375,0.0
3022376,189.0209416103947
3022377,6.573573962241272
3022378,898.1797331190636
3022379,371.25870803222756
3022380,199.21190519998572
3022381,80.68387034532532
3022382,27.326694721468105
3022383,2832.547645188764
3022384,5.081453365257419
3022385,0.405656557969925
3022386,11.55793426195536
3022387,13.220313512821885
3022388,0.18928718882961276
3022389,174.37647073992986
3022390,4.942110251238847
3022391,0.0
3022392,6.94256192157189
3022393,15.571246463208134
3022394,1.1110865182380496
3022395,131.62090949442117
3022396,171.94670271324276
3022397,1.003831577707702
3022398,4.657812193166898
3022399,137.8593500837188
3022400,27.632371646356216
3022401,287.78874249042383
3022402,3.8621651598662714
3022403,2.6264340529784485
3022404,3.2523509845113168
3022405,0.0
3022406,3.508429305857569
3022407,1701.0845901326725
3022408,0.0
3022409,131.88823316476018
3022410,3.707132177798562
3022411,853.9011738106146
3022412,260.4813306474411
3022413,143.74209281348928
3022414,68.77847962118673
3022415,24.867118679550874
3022416,2681.9663322969022
3022417,7.91008027394529
3022418,0.03519324424672068
3022419,10.463375152806202
3022420,8.436529108500642
3022421,0.02745295721204457
3022422,137.2146207946123
3022423,1.029412442844409
3022424,0.0
3022425,2.1513180840572135
3022426,16.29465117173803
3022427,0.829756740942847
3022428,152.7371941027651
3022429,190.54774543799653
3022430,0.25718980214326176
3022431,4.170091219641001
3022432,73.09898087684277
3022433,21.726207370143975
3022434,157.8149679564409
3022435,9.842731170322397
3022436,1.2481849940908951
3022437,2.887334098312432
3022438,0.0
3022439,1.1273700300699492
3022440,1200.8078636404143
3022441,0.0
3022442,151.57699869712226
3022443,4.571752538131797
3022444,1079.1562201614734
3022445,356.0674015945725
3022446,213.33746046496645
3022447,42.75140930318874
3022448,29.182615731252316
3022449,2721.8353540853855
3022450,5.9338855612116
3022451,0.21989364702284941
3022452,7.925787372173845
3022453,21.27332923975453
3022454,0.11241003200016725
3022455,227.819511819604
3022456,0.834786029999927
3022457,0.0
3022458,2.43323744477388
3022459,7.048547267631168
3022460,1.1741391324092558
3022461,209.53437541324254
3022462,239.39361612706458
3022463,0.6973506187082408
3022464,4.027788557918172
3022465,63.31832111956976
3022466,84.61683755065945
3022467,352.3199208924865
3022468,11.600424238245019
3022469,2.669961696721157
3022470,3.629581715369315
3022471,0.6111376609900572
3022472,2.3551592209984316
3022473,1635.2514223068533
3022474,0.0
3022475,147.82569858943066
3022476,1.6867744231808621
3022477,964.8077952447396
3022478,342.13637676651433
3022479,253.46999057325175
3022480,111.3538651393616
3022481,53.15521754736005
3022482,2747.6324925434083
3022483,5.1123103695471706
3022484,0.5229713639676639
3022485,9.984428738400336
3022486,12.193344469299117
3022487,0.09771815733982021
3022488,222.2108001627571
3022489,6.364790604702842
3022490,0.0
3022491,2.6802816102353852
3022492,13.286278826008463
3022493,1.2081858341962652
3022494,121.17999447161368
3022495,203.45002531607648
3022496,0.546315599465705
3022497,4.405365043696302
3022498,95.147020082588
3022499,35.94593476176229
3022500,566.5971178294457
3022501,11.17699638813236
3022502,3.2371171011445092
3022503,3.429355041917777
3022504,0.10844977039815913
3022505,0.5441827638283157
3022506,1244.1905336157665
3022507,0.0
3022508,144.42078286480051
3022509,3.4044608376311327
3022510,915.545625312857
3022511,230.26499104201025
3022512,146.4573779652966
3022513,304.26931978569206
3022514,19.61773977240701
3022515,1939.5702393607148
3022516,3.781958349430477
3022517,0.2268408854082403
3022518,7.138596163469751
3022519,9.7119685013543
3022520,0.13680534881969764
3022521,148.6169401293087
3022522,0.0
3022523,0.0
3022524,1.4194625035976105
3022525,13.44220151043536
3022526,0.9663585222215467
3022527,53.5246673689375
3022528,128.6484083992521
3022529,0.5916119556063251
3022530,2.601506347785158
3022531,58.52175961161397
3022532,38.5576315444649
3022533,426.32654885679915
3022534,0.0
3022535,0.6450108111307851
3022536,6.5414226107924955
3022537,0.46798800664686346
3022538,2.9007207372327275
3022539,2730.635211599174
3022540,0.0
3022541,304.79798576706787
3022542,2.8888775737801433
3022543,1073.3496909664298
3022544,649.8341849927573
3022545,460.459810655367
3022546,278.6257521373982
3022547,74.13947415020306
3022548,4427.768275280822
3022549,10.58497299284482
3022550,0.7903525292433189
3022551,16.1842893316845
3022552,19.408748317287852
3022553,0.16223644804523987
3022554,277.1688495886316
3022555,0.4280482647802823
3022556,0.0
3022557,4.741699477951116
3022558,19.481568261475243
3022559,2.2061602276725885
3022560,218.72496258980243
3022561,267.8536992050519
3022562,1.4057458991184242
3022563,7.211858232676056
3022564,350.04803855666876
3022565,46.49625000068167
3022566,1143.672639583042
3022567,17.791874340039143
3022568,9.455181182127214
3022569,1.8247458494709972
3022570,0.0
3022571,1.7673300350311885
3022572,1555.8848831219218
3022573,0.0
3022574,375.4910626024004
3022575,3.1755457123014637
3022576,448.56354258963876
3022577,425.2931046353491
3022578,158.79799747459987
3022579,173.04569017165338
3022580,14.404028205196779
3022581,2174.5436098358937
3022582,4.360723650203434
3022583,0.38710923342104286
3022584,6.577868890359988
3022585,10.069483911895595
3022586,0.0
3022587,133.3214872403628
3022588,5.223728796630079
3022589,2.188457129223211
3022590,3.433269371870397
3022591,28.777168220817092
3022592,0.9227517867072133
3022593,22.819894763679233
3022594,137.3701072400014
3022595,2.031150892803017
3022596,3.337926162011766
3022597,24.59067208399035
3022598,13.867034962277977
3022599,1051.4334955880543
3022600,19.33012161611159
3022601,4.332756263910069
3022602,4.434127172517048
3022603,0.36071246156314585
3022604,2.0550006118809674
3022605,2085.130332631553
3022606,0.0
3022607,157.16847669257112
3022608,3.2606437125061314
3022609,834.9496988295932
3022610,315.5357342380181
3022611,255.45100197342805
3022612,86.66028836108647
3022613,38.15927817062271
3022614,3046.531281338274
3022615,23.627410533891936
3022616,0.6827799477206493
3022617,10.817666281483127
3022618,12.892274520394068
3022619,0.06679725752303375
3022620,171.2156354203996
3022621,5.521957197880118
3022622,0.0
3022623,2.9847983117085537
3022624,17.258207861987188
3022625,1.4540929127526132
3022626,121.354818963298
3022627,168.7763958029308
3022628,0.6885404300706741
3022629,3.9997419234637386
3022630,89.9463757927684
3022631,22.11849109829397
3022632,425.6632639217249
3022633,1.79478314690577
3022634,2.815640072591591
3022635,4.9652025036726
3022636,0.029676724578069823
3022637,5.726219922186658
3022638,2742.211793753397
3022639,0.0
3022640,610.1371245588197
3022641,7.2511372197723265
3022642,810.5151483209936
3022643,756.8356042978602
3022644,209.53085587510506
3022645,154.54545735159175
3022646,78.7226774461706
3022647,3599.3654599779156
3022648,30.686268623482118
3022649,0.9452366159020924
3022650,12.613371999625103
3022651,20.609291356794866
3022652,0.18108010680858277
3022653,234.96864409443137
3022654,16.747927436380355
3022655,8.8425404140783
3022656,3.7776127098752
3022657,42.940813407812385
3022658,7.142312090068904
3022659,343.66102705649735
3022660,237.2774399983571
3022661,6.186140552031928
3022662,7.512790684086445
3022663,418.521157051734
3022664,109.84822566596178
3022665,2203.6679683000903
3022666,0.0
3022667,29.818106835423556
3022668,4.558216451193149
3022669,0.073189042616295
3022670,3.04528575895334
3022671,2952.779649183258
3022672,0.0
3022673,387.40212969612753
3022674,4.984834365268926
3022675,1322.0969376317285
3022676,633.2796071223647
3022677,487.16014316042816
3022678,147.18093039131384
3022679,50.78262179851269
3022680,4518.9002231282275
3022681,8.407665094395526
3022682,0.2777008077652429
3022683,15.890634731063056
3022684,12.844151599600824
3022685,0.0
3022686,295.43136462241006
3022687,1.8770588790526324
3022688,3.9961610952551156
3022689,3.668007963199914
3022690,22.863662290083887
3022691,0.7526644236837241
3022692,215.78700765092952
3022693,314.4918477254197
3022694,2.768472785845426
3022695,3.935193358887857
3022696,248.62782031621092
3022697,50.883688374372795
3022698,793.0930328088834
3022699,53.38370964671731
3022700,9.989348142466767
3022701,7.019075222404423
3022702,0.24505832065231903
3022703,2.845601391112498
3022704,2987.2887906526807
3022705,0.0
3022706,383.97757207976946
3022707,3.589723512234249
3022708,1309.6861267463687
3022709,493.91973933091333
3022710,276.2129809391796
3022711,336.43790584102965
3022712,53.30155850497905
3022713,3720.4898776937093
3022714,10.801643844071869
3022715,0.4138456326561175
3022716,25.08332935146953
3022717,25.45682789876111
3022718,0.14967991474670703
3022719,305.0887284555204
3022720,2.7957195852990067
3022721,1.346279235711199
3022722,6.872848371331602
3022723,41.565893217980864
3022724,1.1922412410925118
3022725,86.25300516215262
3022726,260.84493409606677
3022727,1.3115216130980167
3022728,3.3134178293749637
3022729,124.12649720836293
3022730,124.12569795391323
3022731,1030.8802890542622
3022732,0.4417737956454597
3022733,5.456309727653651
3022734,3.6684845822815975
3022735,0.143983532730173
3022736,2.120059702874506
3022737,1498.361656806577
3022738,0.0
3022739,144.01515974814671
3022740,6.649402200851989
3022741,628.5079784530939
3022742,295.0241632739303
3022743,138.63356294122883
3022744,64.78977166515621
3022745,40.5348963161117
3022746,2449.017931973234
3022747,3.2860625966080406
3022748,0.30578530675170074
3022749,14.902344583739845
3022750,13.423002931705954
3022751,0.053389223065849145
3022752,157.11688748782512
3022753,0.5995184246157614
3022754,0.0
3022755,3.208124497984591
3022756,23.281030612299073
3022757,1.6395371390150673
3022758,59.11469478420047
3022759,151.30607018575165
3022760,0.7446020005045768
3022761,4.085536675826185
3022762,102.83655334410716
3022763,27.810026188525296
3022764,482.68027990078957
3022765,8.143982326968768
3022766,1.3404994584618026
3022767,1.3645641015748535
3022768,0.0
3022769,0.685260335588074
3022770,1319.202545313215
3022771,0.014772266468323789
3022772,256.69281937905333
3022773,7.131442465958207
3022774,469.01325650161834
3022775,439.06323140035965
3022776,123.45195850631109
3022777,41.25997469840356
3022778,48.912182094817545
3022779,1858.864317676428
3022780,16.96925498703326
3022781,0.2887570573853
3022782,9.47020544615771
3022783,14.545257601876562
3022784,0.13131498515798842
3022785,117.44807266944318
3022786,9.374396434472072
3022787,1.0510240483326458
3022788,3.1126715744777416
3022789,27.547042371528736
3022790,3.4328449220042945
3022791,314.5541484990585
3022792,132.55593904731495
3022793,2.4805708969082048
3022794,4.179843754351194
3022795,267.2047105590831
3022796,28.097769944969613
3022797,1077.8393658725984
3022798,0.0
3022799,6.0072542601081125
3022800,2.1806752782623144
3022801,0.13433372955712194
3022802,4.993370124279196
3022803,3244.0776470878986
3022804,0.07736391447046674
3022805,674.5799330257981
3022806,12.921977309881253
3022807,936.7633660554718
3022808,1158.71925710674
3022809,251.3817080867879
3022810,199.8975329321455
3022811,127.95034482648484
3022812,3664.5933239721357
3022813,24.30017728708496
3022814,0.5542231149761927
3022815,15.712462431475686
3022816,29.751477955942516
3022817,0.06413244675557711
3022818,223.72849569258702
3022819,8.609365019950964
3022820,24.07388044998662
3022821,8.015617945762113
3022822,50.72799615491539
3022823,10.185003915076058
3022824,316.6418408797592
3022825,249.6167673217308
3022826,14.080808490929806
3022827,7.378809536753279
3022828,433.73896903983353
3022829,97.1235420545327
3022830,3253.571807081096
3022831,0.0
3022832,20.77854224286745
3022833,1.4595679926353968
3022834,0.0
3022835,1.5789341721922154
3022836,1157.2837282586268
3022837,0.0
3022838,228.1988284309502
3022839,2.869456316728359
3022840,250.97249949716272
3022841,340.18252657731057
3022842,84.42682617312379
3022843,28.36861797177709
3022844,21.032444035550157
3022845,1054.2447244836808
3022846,9.207139943696212
3022847,0.37420781649123264
3022848,6.1369577746598125
3022849,11.99076370273668
3022850,0.0
3022851,58.353572263260055
3022852,0.0
3022853,6.789898779869566
3022854,1.5090309770763097
3022855,53.9992707667962
3022856,3.5358236149273843
3022857,50.389822113427265
3022858,64.00598873228718
3022859,2.2764898440641623
3022860,3.5593696912516632
3022861,45.39162459611789
3022862,18.632833235608295
3022863,239.5531997825843
3022864,0.2842012555514523
3022865,1.9820527508595966
3022866,3.4267111328215707
3022867,0.0
3022868,0.23035047556943472
3022869,839.9856100515909
3022870,0.0
3022871,192.60844685810184
3022872,3.6897501636902934
3022873,331.81710906370205
3022874,226.96064545145975
3022875,77.95151935838497
3022876,28.17811911021805
3022877,20.06505437972139
3022878,1301.1562569582964
3022879,7.810611864199906
3022880,0.37706183546314154
3022881,8.56245829309594
3022882,5.06611099408059
3022883,0.2170177671083922
3022884,79.21440083735092
3022885,0.1528460790339841
3022886,4.454634397867776
3022887,0.6293903493567936
3022888,11.00188143340778
3022889,0.19497424139050004
3022890,198.56685424038716
3022891,117.29910541203704
3022892,1.6181635031994923
3022893,0.8984466116655105
3022894,105.07761198952757
3022895,17.688044817948423
3022896,387.0023122467896
3022897,0.38823450492680056
3022898,1.331448903404528
3022899,4.538912225209883
3022900,0.07891801722103647
3022901,3.636913642692565
3022902,3028.3459590147895
3022903,0.0635420760082577
3022904,635.963485325686
3022905,10.428013326915472
3022906,836.3867032325835
3022907,961.1358791794432
3022908,257.425341000257
3022909,215.69790484314353
3022910,88.07598501699471
3022911,3672.5130224986406
3022912,20.877434735324208
3022913,1.2296323593541119
3022914,15.48976514044777
3022915,22.938055550446478
3022916,0.2834662838262701
3022917,235.6785029429415
3022918,4.597223704073762
3022919,22.5335743259312
3022920,4.795918197843254
3022921,57.538976923212424
3022922,2.7233109487278897
3022923,255.62221159898263
3022924,243.23127592857975
3022925,7.962865243389576
3022926,7.750909895085018
3022927,359.5402979845785
3022928,71.32421919473266
3022929,2594.996432745925
3022930,0.8326794044974053
3022931,14.734460756542143
3022932,6.0134760287845275
3022933,0.005811510645873525
3022934,2.0014545524907468
3022935,2962.669483861952
3022936,0.0
3022937,586.0278672296841
3022938,9.452250188376807
3022939,1103.702472081782
3022940,747.6686092857191
3022941,301.57828735794834
3022942,322.8681123705012
3022943,45.2247375967063
3022944,3916.5570162337463
3022945,10.193417225187682
3022946,0.5904386284535308
3022947,20.610165628668028
3022948,14.90175829646735
3022949,0.5262357368100026
3022950,240.5341487899167
3022951,0.0
3022952,2.4220317043644015
3022953,3.791886878287099
3022954,21.706803602386728
3022955,0.7950125451698113
3022956,156.84596538636805
3022957,259.98704833624726
3022958,3.4935989318658036
3022959,3.1717501702148123
3022960,177.04096707097713
3022961,72.96274937400396
3022962,1265.7240789966481
3022963,1.6386401936795463
3022964,2.676867637896802
3022965,4.648137627428817
3022966,0.24225291758423337
3022967,1.9138616634557244
3022968,2621.88618444409
3022969,0.0
3022970,576.3057977277037
3022971,7.079439573376684
3022972,781.9061808360439
3022973,653.4914416669537
3022974,231.73378945387685
3022975,384.6641754746436
3022976,49.70314487824347
3022977,3492.201845234673
3022978,10.469686090897504
3022979,0.7543310312614018
3022980,21.007905520524528
3022981,15.356604332637922
3022982,0.04503498799138691
3022983,213.3894640266671
3022984,0.0
3022985,2.7398059777520873
3022986,3.8553519799501483
3022987,39.74926505548387
3022988,0.8836720993164715
3022989,106.03736061083674
3022990,231.5451064029257
3022991,3.943764805454329
3022992,3.5324953945540427
3022993,177.31259034720418
3022994,57.45662281599288
3022995,960.618944176187
3022996,1.0509612743398602
3022997,3.9399629230663704
3022998,7.944713028521894
3022999,0.8922965601233193
3023000,13.102741897418435
3023001,7729.406595068539
3023002,0.09214073958070008
3023003,1118.8953863968695
3023004,24.876197246006594
3023005,1820.9278933615403
3023006,1849.8247162850064
3023007,337.52415658927515
3023008,409.56897292720834
3023009,292.92758034576224
3023010,7150.739768056296
3023011,78.37451559238596
3023012,2.474142330850106
3023013,36.973357989942635
3023014,54.120134636233225
3023015,0.6898112351097916
3023016,466.4789023571077
3023017,33.1381478677779
3023018,34.211173243015935
3023019,19.296042006423626
3023020,121.78526092523721
3023021,21.246469555447224
3023022,609.8386808034137
3023023,465.6515168756496
3023024,15.858946253865462
3023025,20.61587506080773
3023026,1028.2865851328565
3023027,220.335342469587
3023028,7368.605080077251
3023029,0.8356885841674477
3023030,81.3990858960056
3023031,2.263257097929231
3023032,0.2703947686414846
3023033,0.5508423962730122
3023034,1333.4201986049618
3023035,0.0
3023036,141.59277030278238
3023037,1.9261079258493532
3023038,689.8225948919361
3023039,249.46069011879138
3023040,108.8967283022749
3023041,187.66668547069776
3023042,28.950051739473757
3023043,1760.3038810009
3023044,3.7114022841738343
3023045,0.09678745358692532
3023046,7.949907177169113
3023047,4.721684751030086
3023048,0.1674382214943225
3023049,119.46223872232399
3023050,0.18180608551913885
3023051,0.0
3023052,1.9675512414751912
3023053,27.2388455237343
3023054,0.4305328729423727
3023055,44.81608027291614
3023056,113.3062275364206
3023057,1.253793670834081
3023058,3.676382344703497
3023059,86.9927992070579
3023060,16.214794060177756
3023061,451.89512263390407
3023062,0.08639644167193801
3023063,4.08440937071228
3023064,5.7754653468537835
3023065,0.19319464230347144
3023066,1.5287237658825719
3023067,3062.072188231174
3023068,0.0
3023069,484.96861483278064
3023070,6.375917048186453
3023071,992.9670724322646
3023072,596.608715193996
3023073,205.41255064696148
3023074,395.4039398121346
3023075,52.984829964159815
3023076,3767.8192766940374
3023077,10.914366660017327
3023078,0.16656299036718325
3023079,15.682750689610224
3023080,15.293607085191162
3023081,0.032467665972951934
3023082,252.87427132714663
3023083,0.8024995275130882
3023084,2.451440766732203
3023085,6.546138562945329
3023086,9.016924961277738
3023087,1.1719851765163845
3023088,282.95482614730224
3023089,276.84224479997573
3023090,2.620219575995979
3023091,4.654171938342777
3023092,105.80125259544876
3023093,56.230979618670446
3023094,936.3466251978109
3023095,1.3630233940734455
3023096,4.6582996181723555
3023097,0.7619183385511539
3023098,0.0
3023099,1.3881446780954003
3023100,865.6207700255553
3023101,0.0
3023102,113.13219147776476
3023103,1.7447461660830723
3023104,441.8358262432432
3023105,164.97973569146376
3023106,76.43714023035756
3023107,477.3339337511846
3023108,12.737265063866232
3023109,1376.0113618438581
3023110,1.2123629677747432
3023111,0.1060090608494893
3023112,7.72839452828236
3023113,2.4796751206769265
3023114,0.01454209156678448
3023115,90.25199449715336
3023116,0.0
3023117,0.0
3023118,0.15666403808685508
3023119,5.833606652170582
3023120,0.21171812198068332
3023121,61.231654578953055
3023122,75.12846211103785
3023123,0.2480167826502803
3023124,0.9915250562491795
3023125,50.71989145828709
3023126,9.617088512157677
3023127,162.7226989211493
3023128,0.023052940797654537
3023129,1.3787067432471436
3023130,6.577025428990382
3023131,0.0
3023132,1.455091515828138
3023133,1935.632261623043
3023134,0.0
3023135,222.72345861730017
3023136,3.83655673562264
3023137,927.5368219200309
3023138,359.78295638006523
3023139,157.40201167756123
3023140,400.0119178484921
3023141,34.77400644448636
3023142,2727.2554039914526
3023143,2.0913922728811087
3023144,0.3382780266959363
3023145,20.407738011960394
3023146,14.723589379505587
3023147,0.14605590139087274
3023148,196.0347715850953
3023149,0.0
3023150,0.0
3023151,9.16914480149511
3023152,15.95807840944326
3023153,1.091383736685092
3023154,187.07776142766744
3023155,210.1454217241223
3023156,0.9787669281370341
3023157,3.332675939209264
3023158,160.1508583121534
3023159,27.401284321649594
3023160,1078.4745006667872
3023161,0.0
3023162,0.5640913301905548
3023163,2.9472065068476634
3023164,0.27398713130523006
3023165,0.9651887564359798
3023166,2309.298637870753
3023167,0.0
3023168,631.5831338774503
3023169,5.731651792515091
3023170,891.7387389160818
3023171,608.8751139129743
3023172,218.2686607623728
3023173,169.9254354681674
3023174,56.236283521257725
3023175,3657.0195455318485
3023176,4.308732728728942
3023177,2.6710674778562367
3023178,21.211259462217434
3023179,32.93606089109106
3023180,0.17672288382485893
3023181,191.07709141710623
3023182,1.960218569424311
3023183,3.5523272007302804
3023184,2.656769012073027
3023185,20.20097477417889
3023186,1.6454855582653747
3023187,157.0306165983479
3023188,259.20788697225004
3023189,2.9145557076066697
3023190,5.2942699139795355
3023191,134.0802668856698
3023192,30.11283273149983
3023193,573.7334854348584
3023194,2.4415053253015166
3023195,2.3718272606989106
3023196,3.055837953116635
3023197,0.006160545170114798
3023198,1.4670256834037838
3023199,1346.1355509802436
3023200,0.0
3023201,89.99125330790098
3023202,1.4394432114529425
3023203,479.0861350691054
3023204,177.26223221352265
3023205,90.12221154818954
3023206,246.4437908012601
3023207,23.912217305327296
3023208,1860.1402692236798
3023209,3.7905293097457387
3023210,0.20195817518200795
3023211,9.52513948467957
3023212,5.49332118317202
3023213,0.09331976085033186
3023214,98.57867883686642
3023215,0.0
3023216,0.0
3023217,0.26709374648100154
3023218,11.815910864645897
3023219,0.3850458979938465
3023220,172.39718380392307
3023221,90.94181516310023
3023222,0.5344151243969693
3023223,0.6273880118866595
3023224,45.04711286790447
3023225,15.584380411293736
3023226,311.30830511386455
3023227,0.11792028228921189
3023228,0.25859640450712584
3023229,3.1563543811671506
3023230,0.01806548942859263
3023231,0.6527970386561597
3023232,2915.6866259872586
3023233,0.0
3023234,439.15547033143355
3023235,6.60506357702721
3023236,775.3310424931857
3023237,511.05639951698583
3023238,180.00684402922798
3023239,156.24665778238088
3023240,45.95110789686117
3023241,3406.8022452249006
3023242,3.595921569839919
3023243,0.31098857713200306
3023244,17.51574277941368
3023245,7.939820299138217
3023246,0.16308633512223716
3023247,196.31705457842662
3023248,0.0
3023249,8.345632740204183
3023250,1.6270921915286265
3023251,25.85310970465855
3023252,0.5657065797774559
3023253,183.18038463241425
3023254,199.82544564623248
3023255,1.527411129963332
3023256,3.105582956016761
3023257,103.04220889540791
3023258,36.96362747788768
3023259,953.1680665509521
3023260,0.41235589793672733
3023261,0.5656015393835461
3023262,2.8270990223534054
3023263,0.0
3023264,4.685070742753245
3023265,2755.345531790821
3023266,0.0
3023267,501.13384761818037
3023268,5.075505668813174
3023269,854.4377837578849
3023270,853.6278292986223
3023271,151.77772362004058
3023272,117.03194007239033
3023273,97.3008994522147
3023274,3413.4626945516743
3023275,41.68431671690704
3023276,1.0387715543631257
3023277,19.04064280749462
3023278,22.136023572520287
3023279,0.18140344538724573
3023280,227.785650783145
3023281,19.386002714982858
3023282,18.074070579799184
3023283,2.5471559732247275
3023284,74.48335598563673
3023285,7.5372860038422935
3023286,178.4621344345388
3023287,251.25766294983245
3023288,8.612794492854848
3023289,12.271786634699314
3023290,225.36729755953533
3023291,61.65924272609074
3023292,2065.141260209169
3023293,0.06921956496447758
3023294,8.930035456457482
3023295,4.351360275608223
3023296,0.0
3023297,5.806303128465517
3023298,2041.9058142463605
3023299,0.01768319599183435
3023300,413.5308896608099
3023301,9.032604559145222
3023302,823.2426121037576
3023303,615.6242558256313
3023304,134.11383521818266
3023305,74.57402498395291
3023306,75.40459866901203
3023307,3230.431278689648
3023308,16.942495015009285
3023309,0.8301159628248571
3023310,31.73584675574393
3023311,55.077401994954236
3023312,0.03214236944735225
3023313,273.6497229092469
3023314,15.542516755547254
3023315,8.836953329220423
3023316,5.363434555317021
3023317,46.41931046483271
3023318,7.917793441924442
3023319,164.63243094819498
3023320,333.4484857369244
3023321,5.203828024200087
3023322,6.384672563933386
3023323,98.81574668415304
3023324,72.10045411601416
3023325,1701.4660282704222
3023326,0.24393293669657684
3023327,12.731870757195537
3023328,6.895302168896956
3023329,0.1883279983715935
3023330,3.6048901184277495
3023331,3333.6303217022637
3023332,0.0
3023333,641.7481281213007
3023334,4.615157313038288
3023335,1615.1250019455263
3023336,587.5324436009213
3023337,192.56986894030183
3023338,1357.5312882594415
3023339,55.855803075968566
3023340,4937.538844137566
3023341,33.69747116683637
3023342,1.0210677155980439
3023343,16.221032341435627
3023344,17.151998016726388
3023345,0.08941121642692078
3023346,328.910065850976
3023347,3.387669919253921
3023348,9.416889514868188
3023349,6.252426131422943
3023350,28.29985458252342
3023351,2.0211446071086407
3023352,145.6674629382873
3023353,287.77782530732213
3023354,5.21372693357993
3023355,6.600965124167363
3023356,203.27570741582707
3023357,47.133246924962215
3023358,1361.7541762531641
3023359,17.816268828114502
3023360,13.508117087370742
3023361,2.1956283642229923
3023362,0.23524408005686254
3023363,4.123235538080232
3023364,2230.305562990612
3023365,0.07505942321880119
3023366,374.6797374383993
3023367,5.845453983244214
3023368,698.4793029946383
3023369,702.6248490195553
3023370,169.98824931922738
3023371,124.94272534179987
3023372,71.56462910581257
3023373,2854.7577164985464
3023374,19.54724268081201
3023375,0.9828810606485268
3023376,10.820147316788383
3023377,12.171642540053863
3023378,0.14575356055311844
3023379,201.9090146177045
3023380,13.034623015705337
3023381,11.591666264955819
3023382,1.3154224038960924
3023383,39.7321594694323
3023384,5.389253722357466
3023385,310.87173467916875
3023386,207.27109402849368
3023387,5.503659620021809
3023388,7.548045538731307
3023389,337.78616754205206
3023390,47.87503711147446
3023391,2019.6375296904744
3023392,0.09774367425403967
3023393,23.301119229042303
3023394,2.7600529560560796
3023395,0.1862797377490881
3023396,3.235214259668246
3023397,4000.6041555163397
3023398,0.0
3023399,387.35515430077504
3023400,4.4944434260285755
3023401,1426.9046092316637
3023402,624.3614332378187
3023403,259.82023166713765
3023404,223.23679673757056
3023405,48.62380417292616
3023406,5105.896840899179
3023407,7.012470981435001
3023408,1.3381897848548765
3023409,26.236938811838876
3023410,18.854225148345567
3023411,0.17664144639179588
3023412,387.4095031775354
3023413,0.0
3023414,0.05565949912597719
3023415,5.873369308016505
3023416,20.34390858057069
3023417,1.3788892330327278
3023418,115.68984867949379
3023419,308.8743216962766
3023420,2.38504389552521
3023421,7.3488817790914975
3023422,157.87441009012983
3023423,57.649340998803964
3023424,1155.604592569711
3023425,0.0
3023426,5.098534978769189
3023427,4.971747165639389
3023428,0.023898836168877276
3023429,6.411669494260062
3023430,2560.5698029039845
3023431,0.0
3023432,454.06911918418007
3023433,6.73871260501283
3023434,871.9182126707484
3023435,662.8043037007524
3023436,199.56367854573057
3023437,120.94366269428997
3023438,87.65042608152336
3023439,3227.1563219712334
3023440,29.431565624855843
3023441,0.9266365128383023
3023442,17.611694044439314
3023443,24.54640671870383
3023444,0.0808097122299685
3023445,220.4392119218933
3023446,9.34073271424352
3023447,9.27960082120533
3023448,5.012898797115441
3023449,47.83632024651415
3023450,8.963220642102137
3023451,163.70113275792238
3023452,311.7837485517768
3023453,9.154154026957073
3023454,8.151646652686322
3023455,178.66415704230332
3023456,48.846150419816865
3023457,1965.1911902975246
3023458,0.36880039806575104
3023459,5.477930054297304
3023460,2.431236346541232
3023461,0.0
3023462,3.3349728553651454
3023463,2419.102050824856
3023464,0.0
3023465,486.1839998613592
3023466,6.867724767559196
3023467,672.0913212006068
3023468,740.2407542792884
3023469,155.92252906116542
3023470,118.94342684407232
3023471,90.1321693046721
3023472,2858.9654868888856
3023473,24.074033745142618
3023474,0.7400476931663666
3023475,14.960921982018887
3023476,14.61979491178204
3023477,0.04895704136260439
3023478,203.22495390620333
3023479,10.654847027389238
3023480,24.38502998446309
3023481,5.346746438464965
3023482,42.20150791268943
3023483,8.434822727891085
3023484,191.3496878009064
3023485,203.35135325080304
3023486,6.022913925238718
3023487,7.660561064850464
3023488,188.60714806642451
3023489,50.12561186207717
3023490,2130.7733603393663
3023491,0.09491770480221672
3023492,13.624320526640481
3023493,3.1162484829648625
3023494,0.09835981735626449
3023495,1.7508437973475934
3023496,4389.2524584448665
3023497,0.0
3023498,518.1397236383068
3023499,8.4972554196938
3023500,1080.1631693062545
3023501,644.1066305791932
3023502,258.6846725053303
3023503,368.1954244013529
3023504,47.458161591082664
3023505,4426.417844439285
3023506,6.752798471247929
3023507,0.11272617952288247
3023508,10.308277061780391
3023509,11.901383491680576
3023510,0.03880672848121043
3023511,232.3947719387982
3023512,0.0
3023513,2.189832957554659
3023514,0.8453760628394646
3023515,35.87898247249643
3023516,1.9153589677715952
3023517,182.17028861940932
3023518,256.2571449483637
3023519,2.343388814668438
3023520,2.6686632456650976
3023521,159.36627947488145
3023522,115.70058246008433
3023523,1024.2779277994407
3023524,1.4075843176999019
3023525,0.5040334869139282
3023526,13.105092772774036
3023527,0.0
3023528,13.328837096760937
3023529,8711.068896653107
3023530,0.05496250258627166
3023531,1413.8344226654724
3023532,19.683020041105408
3023533,2012.7318640005503
3023534,2035.8570961716441
3023535,479.17780450882157
3023536,495.2887357066602
3023537,329.29646000473645
3023538,8372.57774422982
3023539,69.82185835589246
3023540,3.189075596065801
3023541,72.80074110372041
3023542,88.81814592466338
3023543,0.4894191686640786
3023544,571.2227827487148
3023545,28.488530152792464
3023546,17.544798786129135
3023547,25.719622458363062
3023548,181.15409605079503
3023549,20.444120178159437
3023550,665.1857820371912
3023551,507.20063321246226
3023552,28.310965931641448
3023553,30.777960443075763
3023554,929.1893007916705
3023555,306.92459638582517
3023556,7794.434567858016
3023557,121.36764290959435
3023558,80.70757238689612
3023559,11.321187271180326
3023560,0.0
3023561,9.987630834019575
3023562,8077.33928314239
3023563,0.05622934268969079
3023564,1109.1910134958202
3023565,18.715581774106766
3023566,2310.4477420379512
3023567,1942.3534240482054
3023568,624.8984407404853
3023569,342.5493643212441
3023570,243.41993222287425
3023571,9531.343648491516
3023572,100.09109291963608
3023573,1.0581660857382884
3023574,43.4118597867977
3023575,66.83235894466921
3023576,0.7160698672517629
3023577,612.1279695672056
3023578,21.5894997980561
3023579,21.67003913358672
3023580,11.123450046822875
3023581,119.78252471342542
3023582,14.118170273008472
3023583,847.9553112312378
3023584,665.858130615394
3023585,16.462712320601323
3023586,26.75247514883638
3023587,1116.660618829245
3023588,216.2553002258564
3023589,5164.198288045154
3023590,157.79960171439686
3023591,84.67982537360828
3023592,8.034509812353088
3023593,0.0
3023594,11.901346391156823
3023595,5205.59646231815
3023596,0.15852342648527865
3023597,828.6347231526496
3023598,10.427620385226264
3023599,2007.8471605681436
3023600,1392.1323474199628
3023601,671.5396704815906
3023602,127.72426725067632
3023603,205.6086564784215
3023604,8365.37093801682
3023605,37.53775760113245
3023606,1.5031317933493153
3023607,24.11370585245161
3023608,22.50659455754058
3023609,0.33023877325616013
3023610,538.3072545881093
3023611,24.12562671320265
3023612,15.30182241567789
3023613,8.746554963616822
3023614,72.1436170902579
3023615,7.332563972227305
3023616,810.9714433463431
3023617,652.0991602133831
3023618,16.00666292845493
3023619,34.11297333086384
3023620,691.4282244718119
3023621,135.93292800904493
3023622,2280.9561215118656
3023623,76.41267254266675
3023624,33.85198220841462
3023625,10.521392831296925
3023626,0.0
3023627,12.365284744978773
3023628,7307.605408054121
3023629,0.053480812431091665
3023630,1102.3951482781947
3023631,15.186272937342967
3023632,1994.960945437731
3023633,1754.4804223049023
3023634,588.846643500744
3023635,301.30172055651565
3023636,202.714131326184
3023637,9118.581263030299
3023638,44.18586201094842
3023639,1.266947810429611
3023640,45.75970370725657
3023641,66.14197001677849
3023642,0.4658578857948553
3023643,565.5615467524689
3023644,23.590447814619598
3023645,18.266914094684186
3023646,9.785544833029574
3023647,98.95047508088169
3023648,10.339737304002062
3023649,685.8943882755277
3023650,628.6420339100363
3023651,16.501837845135825
3023652,21.558375079293555
3023653,1101.476670351007
3023654,207.3541434227267
3023655,4639.989920379599
3023656,96.34588620648482
3023657,64.15644726991354
3023658,9.417278053451847
3023659,0.0
3023660,12.400704049923798
3023661,4141.428222141874
3023662,0.04016355670983009
3023663,759.6473449440697
3023664,13.201523896022522
3023665,1916.706831655702
3023666,1146.5975303051464
3023667,587.1736600350852
3023668,97.4697307025675
3023669,133.88401564419553
3023670,7432.160666359882
3023671,27.605995625495364
3023672,0.3592410921005243
3023673,22.694376171519853
3023674,44.42301414880779
3023675,0.24144186889887362
3023676,519.1518677874826
3023677,20.819136365209978
3023678,8.053679801815465
3023679,14.019653929860356
3023680,68.43369034094493
3023681,4.42786123680848
3023682,717.7165221636601
3023683,640.5265688919903
3023684,13.500500158846032
3023685,23.428460641927874
3023686,724.6526048398388
3023687,78.44572760767011
3023688,1626.9174635256607
3023689,111.08479784027189
3023690,18.784001247724284
3023691,9.084965828529855
3023692,0.0
3023693,9.210768308825953
3023694,6366.687081706191
3023695,0.04955250424704788
3023696,1167.0286477137495
3023697,19.47124023399742
3023698,1731.7289619202793
3023699,1909.2003863818638
3023700,401.90052035468534
3023701,413.9905158328923
3023702,278.1871585508858
3023703,7390.864331426102
3023704,58.473814788044045
3023705,1.2302220892376972
3023706,40.34112529815792
3023707,51.5603620419574
3023708,0.41465245088092056
3023709,457.5237339757556
3023710,16.458245392558965
3023711,17.590631365573163
3023712,11.78438854819328
3023713,139.6681904191119
3023714,16.364222675152238
3023715,681.4665668065827
3023716,533.8262283233331
3023717,15.013386603639116
3023718,28.888215212395437
3023719,930.546505031906
3023720,207.13083716634344
3023721,7110.01736568048
3023722,82.71214394198581
3023723,73.76071557145367
3023724,4.112676713046202
3023725,0.2144710380658996
3023726,5.525699389425179
3023727,1856.750168382483
3023728,0.0
3023729,348.1478733915088
3023730,16.589387294565174
3023731,866.7058317953757
3023732,538.4332803732399
3023733,208.6936025786026
3023734,77.89894081497563
3023735,69.60566991098551
3023736,2836.1417331570037
3023737,37.4551886977861
3023738,0.8552350245315727
3023739,23.335312942057232
3023740,19.086927729190172
3023741,0.22673816131262134
3023742,232.1155832300207
3023743,9.653498162643933
3023744,5.904147261563901
3023745,8.859290926279119
3023746,33.731107723510014
3023747,5.238529130001941
3023748,237.19152194716705
3023749,230.51021639625517
3023750,2.6385284158616926
3023751,5.7858329751737445
3023752,192.97544136136057
3023753,58.19504938425277
3023754,1452.5373109093387
3023755,0.5027038339353243
3023756,8.519943767224072
3023757,7.388767931361672
3023758,0.0
3023759,10.363732687388646
3023760,3919.1829398160226
3023761,0.07268009508345918
3023762,556.9939785007173
3023763,22.836666513094574
3023764,1500.6753402190188
3023765,989.2009915595808
3023766,426.55173380172266
3023767,96.87083994019868
3023768,109.58456222342126
3023769,5808.916968228705
3023770,67.8596631429622
3023771,0.7170524221082313
3023772,39.63861754575279
3023773,25.797843501059152
3023774,0.1960391332934465
3023775,371.65824879507755
3023776,21.26807483595044
3023777,5.753013884446055
3023778,1.705686408187777
3023779,79.74621924192058
3023780,6.816713090797833
3023781,451.1771048349487
3023782,488.66623687045836
3023783,8.514147848123987
3023784,19.58801501367223
3023785,368.44106749018766
3023786,71.16249076478556
3023787,1976.7180743835293
3023788,121.24246889099386
3023789,13.624415907893548
3023790,5.080421059220896
3023791,0.0
3023792,3.6818032744107496
3023793,4020.141912664021
3023794,0.06726359540707144
3023795,805.1367218361933
3023796,6.242023971660717
3023797,1274.7619497588619
3023798,1342.999627267633
3023799,220.52994574911847
3023800,301.7705758271834
3023801,192.24495090772356
3023802,4609.635977726062
3023803,36.780120484857726
3023804,0.9946336826642628
3023805,27.630867269774217
3023806,31.166535141729298
3023807,0.40275723495806753
3023808,271.42552087970404
3023809,1.6635369791455417
3023810,26.6832788356535
3023811,4.095884272688829
3023812,71.56869481295563
3023813,8.652506344217139
3023814,484.67923538178553
3023815,270.6912272470122
3023816,17.09840943690053
3023817,9.02731742962646
3023818,642.2999094909067
3023819,112.29649016730161
3023820,4726.387543741724
3023821,2.6795217961139794
3023822,43.31186225754081
3023823,8.320678657879993
3023824,0.0
3023825,6.437622919597181
3023826,3937.781820190287
3023827,0.0
3023828,766.1402661680688
3023829,9.05005697517792
3023830,1350.8921491075446
3023831,1046.4733596182175
3023832,301.08153044730363
3023833,178.60870136931914
3023834,197.47883627815594
3023835,5030.75062452063
3023836,42.310480502715876
3023837,1.9980674904620508
3023838,34.467502854063135
3023839,44.41485024331366
3023840,0.1951523276341156
3023841,280.44860260484785
3023842,7.853687222989452
3023843,23.44917624374226
3023844,5.056450900325773
3023845,148.66167977341885
3023846,6.475247492254847
3023847,344.8713189523412
3023848,316.23792275129085
3023849,10.952483047920929
3023850,6.486602357644391
3023851,386.3319825358602
3023852,109.11874773935027
3023853,4174.342234592414
3023854,2.554818513943607
3023855,8.37963344420949
3023856,7.5781959555125535
3023857,0.025538511317031064
3023858,3.684516773525938
3023859,2154.677794705358
3023860,0.0
3023861,456.10590003767504
3023862,5.925280524268426
3023863,885.7509424120765
3023864,484.1988083232955
3023865,212.60189449778886
3023866,79.59259445895277
3023867,84.67717731980659
3023868,2850.3660445821642
3023869,13.514718431153643
3023870,0.7522355374808156
3023871,18.88249789222122
3023872,22.381181421431258
3023873,0.08056372408425178
3023874,188.92076511944998
3023875,2.7277105885317314
3023876,7.3672003198495
3023877,4.079870108843125
3023878,45.05005811798809
3023879,2.6674865740334996
3023880,213.59769186779357
3023881,216.94906567716004
3023882,3.9605008392199776
3023883,5.288929956205554
3023884,158.6186768984354
3023885,52.390197586807886
3023886,1771.3683027210677
3023887,0.2508667388294844
3023888,2.4873132158666262
3023889,4.734975333740661
3023890,0.0
3023891,0.6579110192176227
3023892,3063.2742344773337
3023893,0.0
3023894,244.367010547674
3023895,2.3319705752169306
3023896,1103.8650817290988
3023897,246.50815531582558
3023898,209.41376665519567
3023899,67.58703380270993
3023900,24.697738741822985
3023901,3115.6559213131723
3023902,4.507935723220833
3023903,0.46191719729714886
3023904,16.214014491306237
3023905,9.228817451418088
3023906,0.028741867080501284
3023907,214.3615106739252
3023908,0.0
3023909,0.0
3023910,1.946206995059001
3023911,11.544796876605927
3023912,0.6575406008987494
3023913,47.344398654372476
3023914,180.39005025643664
3023915,0.07377839905678296
3023916,1.5574511123515347
3023917,58.05833796830777
3023918,80.01942342716339
3023919,546.8027208611803
3023920,0.0
3023921,1.5984049002785992
3023922,4.198631634537774
3023923,0.07720100579085018
3023924,5.849814530601127
3023925,3345.97209582765
3023926,0.0
3023927,537.6562809775942
3023928,9.132633295383402
3023929,1121.6471686304865
3023930,915.4126562770781
3023931,290.88227462337244
3023932,156.41797245442444
3023933,118.2311778304709
3023934,4564.612422294661
3023935,27.762003547204998
3023936,0.7752380405224932
3023937,24.870928920842545
3023938,43.24655903147866
3023939,0.060744002704882984
3023940,307.86844469386295
3023941,18.366678400491217
3023942,8.969530980027468
3023943,10.472515219405496
3023944,48.545668215435335
3023945,5.329208455481002
3023946,388.49704772178137
3023947,329.4864290650469
3023948,6.788633093064945
3023949,10.49681214526919
3023950,495.2741515175215
3023951,75.3903170813627
3023952,2465.8335274745914
3023953,0.0
3023954,37.28645253167456
3023955,3.6573872953790882
3023956,0.05283426009383126
3023957,3.535927539991392
3023958,3915.3395837754097
3023959,0.13435539866437005
3023960,681.6873394774345
3023961,12.935163493470718
3023962,1087.5697866027908
3023963,1256.9171067859393
3023964,190.52322501124053
3023965,271.74499163072807
3023966,189.60310293270953
3023967,3920.757077733808
3023968,30.6994276957436
3023969,2.209890797332427
3023970,25.377912655277367
3023971,25.85990095697282
3023972,0.46560553965274387
3023973,256.5723433621388
3023974,10.856659202315601
3023975,28.078041024808417
3023976,6.473312252078548
3023977,85.95149798324508
3023978,9.14080830227921
3023979,434.9389104160276
3023980,284.3306077310497
3023981,6.500346309561291
3023982,13.42767790160953
3023983,622.6737337453575
3023984,136.80091212136875
3023985,5147.427158513591
3023986,0.27957416351922043
3023987,44.30566539486076
3023988,3.8336354282501413
3023989,0.21623616818465072
3023990,8.220989219055518
3023991,4213.052418408077
3023992,0.05274033810936213
3023993,756.3362122356903
3023994,13.907898057351224
3023995,1088.918375453947
3023996,1260.337723214765
3023997,253.29104388032397
3023998,279.28845217476913
3023999,143.01851459651144
3024000,4281.107626358539
3024001,30.106664584405387
3024002,2.704181294039199
3024003,26.012559732558184
3024004,40.12365099762118
3024005,0.1542661570163561
3024006,313.9698142997769
3024007,19.65460496175939
3024008,21.194118191254457
3024009,20.021617469693034
3024010,89.8576980624023
3024011,13.914879222802616
3024012,373.99450849697666
3024013,286.5521323918038
3024014,14.798854254367726
3024015,16.47617055739584
3024016,552.2895035627249
3024017,142.2590481560815
3024018,4055.8072175232783
3024019,0.51512526263972
3024020,38.160765760207035
3024021,8.417258919459979
3024022,0.18804020404743238
3024023,5.617190579193285
3024024,3411.5804155280402
3024025,0.0
3024026,505.88013304435174
3024027,8.88144532642709
3024028,1676.5193182199969
3024029,748.0369711769599
3024030,490.04387428170827
3024031,288.51955542713694
3024032,67.02773566499634
3024033,6074.295793588583
3024034,8.085157404724967
3024035,0.7792187034692954
3024036,40.4028100839045
3024037,28.438107102050246
3024038,0.033622229854107066
3024039,378.7340199489114
3024040,9.773940336440855
3024041,3.3165773905208322
3024042,5.91099739122211
3024043,29.445437795305747
3024044,2.1556944020096744
3024045,294.5024920051687
3024046,408.1910725901324
3024047,6.190074004276434
3024048,6.537816368208054
3024049,371.217364559975
3024050,84.31616311878325
3024051,1327.9258111913193
3024052,45.15813173445068
3024053,12.311153144351678
3024054,3.6105690968188577
3024055,0.0
3024056,3.4869802292722207
3024057,2210.435410186961
3024058,0.13954426558207234
3024059,332.1959076243889
3024060,12.64195709987734
3024061,690.2238814423818
3024062,613.3909349918113
3024063,129.86855019920475
3024064,125.67226450177237
3024065,105.88754167470113
3024066,2642.4784208955953
3024067,18.912905233388674
3024068,1.5083002459252204
3024069,16.486453869408027
3024070,24.68017060620931
3024071,0.22709871874063894
3024072,182.45916564408708
3024073,10.85170249637356
3024074,14.111303856453887
3024075,6.566940828465841
3024076,75.8437040708207
3024077,5.199209545528214
3024078,262.1112236666513
3024079,152.63922039796842
3024080,3.51287265256396
3024081,8.98219922379624
3024082,294.09118408717893
3024083,62.67774550711117
3024084,2216.926929306503
3024085,0.0
3024086,25.17405454611387
3024087,0.9341496047639017
3024088,0.0
3024089,1.2419105462815634
3024090,1200.2793795256391
3024091,0.0
3024092,99.83214634460585
3024093,2.016923043896133
3024094,651.0630400688501
3024095,265.62904043786443
3024096,207.05299057656234
3024097,39.53241099717021
3024098,24.796132862463512
3024099,2386.616884917385
3024100,3.3716687323372376
3024101,0.20383599125636045
3024102,5.87896937732896
3024103,4.7712735585667385
3024104,0.005422063256828478
3024105,149.21607577996534
3024106,1.9908878894062196
3024107,0.0
3024108,0.7433116425902451
3024109,7.0441404045730724
3024110,0.3155755100851923
3024111,148.15838371835656
3024112,149.2038853114966
3024113,0.5479262705853531
3024114,2.671282114803278
3024115,120.70949736440144
3024116,21.679262450447354
3024117,304.1109090536101
3024118,12.114227689812068
3024119,1.17512043937939
3024120,5.520806613259636
3024121,0.17759892736524713
3024122,4.223617659324136
3024123,3911.475643824892
3024124,0.0
3024125,617.620428577988
3024126,7.924987820164999
3024127,1679.6099288487262
3024128,586.4284561836454
3024129,446.4235652281772
3024130,264.7895778552902
3024131,66.79797577754259
3024132,6682.752756159689
3024133,20.795372689809874
3024134,0.38331186355094227
3024135,19.790729592315362
3024136,13.827435130823146
3024137,0.1124842782242781
3024138,423.5138903388073
3024139,6.758977961157852
3024140,1.0742145410267967
3024141,6.921975557000535
3024142,22.8612948659393
3024143,1.966657971758909
3024144,545.7070397706788
3024145,368.4893617765649
3024146,1.7915336401563167
3024147,10.538040243652675
3024148,412.6327761065799
3024149,89.43311189825977
3024150,1992.9484113052138
3024151,25.863886439237227
3024152,7.538452911948154
3024153,3.608830426352445
3024154,0.0
3024155,0.341010894166744
3024156,1338.189817729885
3024157,0.0
3024158,150.3711595162492
3024159,6.357979020502986
3024160,795.0192167774445
3024161,347.92238900471926
3024162,194.3181691424504
3024163,46.04109243194574
3024164,33.08861236773673
3024165,2496.877504078
3024166,5.534174722675007
3024167,0.4066136528314246
3024168,11.09825399876924
3024169,14.302120853208
3024170,0.14457121081388835
3024171,153.81482750187743
3024172,4.944017675285081
3024173,0.0
3024174,6.457650367769343
3024175,20.231410309100976
3024176,0.932528065358367
3024177,147.57587230100052
3024178,156.45963809812912
3024179,0.7850104740935515
3024180,4.225777744712598
3024181,136.3778994029167
3024182,29.575945626087233
3024183,386.8137671958111
3024184,16.811302359429206
3024185,3.278601930037306
3024186,3.326733956552384
3024187,0.0
3024188,2.283609391738295
3024189,1258.8164507063877
3024190,0.0
3024191,114.67951583406318
3024192,3.7166605352213073
3024193,738.3829039056836
3024194,234.45122939032265
3024195,144.67560766143046
3024196,41.91921509356322
3024197,25.809342421696115
3024198,2399.022314849439
3024199,7.592043138552986
3024200,0.03892783484350367
3024201,10.486262074068863
3024202,6.080754312534823
3024203,0.015435397781620893
3024204,127.23262273154987
3024205,0.9672127636261687
3024206,0.0
3024207,1.5870337557427
3024208,19.284787742802777
3024209,0.6305703203630426
3024210,158.35663692978156
3024211,163.373327644082
3024212,0.25993785846929485
3024213,4.322173581183426
3024214,87.12044572486037
3024215,20.484505206546366
3024216,204.5100162991842
3024217,11.399945926036466
3024218,1.373931796611473
3024219,2.423332833829031
3024220,0.0
3024221,2.432949106447261
3024222,1237.7302701256458
3024223,0.0
3024224,148.34102749239645
3024225,4.78184756583115
3024226,1081.3570880787315
3024227,311.16024344413563
3024228,225.92541263704902
3024229,30.125757312171878
3024230,36.07386351878113
3024231,2749.609188480834
3024232,4.5712012650546505
3024233,0.216086047012631
3024234,7.054745360741535
3024235,14.618219922408167
3024236,0.08546151520894178
3024237,182.08704633302045
3024238,0.6511130307318496
3024239,0.0
3024240,2.0415602799937487
3024241,11.208991944124113
3024242,1.038235452396234
3024243,203.15534877116076
3024244,231.81046894085918
3024245,0.6254225365871144
3024246,3.7629575485589406
3024247,63.458084715807246
3024248,80.3170279789813
3024249,427.6905350226928
3024250,0.03821550385872965
3024251,2.584649204088309
3024252,2.7094732646532838
3024253,0.6065843390878101
3024254,2.0095531874682337
3024255,1600.2600756985132
3024256,0.0
3024257,138.5466479814567
3024258,1.5701084166104997
3024259,853.1662131879282
3024260,325.26243522580614
3024261,226.26145503984256
3024262,73.40218401573469
3024263,50.361043460170954
3024264,2566.1651862870317
3024265,4.7246060675446415
3024266,0.568467595124694
3024267,13.012216023648193
3024268,16.252714502965276
3024269,0.11582549797361166
3024270,209.64602416225392
3024271,6.335647998123563
3024272,0.0
3024273,2.1477789954755107
3024274,13.165825193806674
3024275,1.2438405466736162
3024276,119.68126997020305
3024277,175.90472030056694
3024278,0.5465410871175289
3024279,4.027924908048286
3024280,99.78401628348858
3024281,42.40210813727579
3024282,868.7149216154692
3024283,7.1228321686085145
3024284,4.183793986201597
3024285,2.866278159336949
3024286,0.09062552622836628
3024287,0.5723687242668694
3024288,1119.7453849212757
3024289,0.0
3024290,137.94538994407785
3024291,3.3008905242102227
3024292,693.7076902463821
3024293,216.99167555029112
3024294,152.93912895524838
3024295,106.79671905535227
3024296,21.616241575330076
3024297,1749.9555797203668
3024298,2.4923304597529583
3024299,0.2520910488725672
3024300,6.53010618856835
3024301,7.608896338448934
3024302,0.11582889315320227
3024303,144.74749997304025
3024304,0.0
3024305,0.0
3024306,1.4000877610102158
3024307,30.685849509801514
3024308,0.7911481085829095
3024309,44.27142270357546
3024310,116.70855800397977
3024311,0.49005448283761555
3024312,1.9232242301612499
3024313,57.604731063603985
3024314,31.535731991861212
3024315,791.9273437625375
3024316,0.0
3024317,0.6805129284482776
3024318,4.9900034455659235
3024319,0.33682436175004055
3024320,2.4567642209752623
3024321,2746.4534169320054
3024322,0.0
3024323,291.13940140193364
3024324,3.7184738218892184
3024325,999.2538182291627
3024326,615.6312328710335
3024327,445.2879026823632
3024328,167.1440330735642
3024329,89.80047396650083
3024330,3902.3284793715893
3024331,11.681449434165687
3024332,0.9303783155899119
3024333,17.68283681643937
3024334,19.043175396517054
3024335,0.1064947120439196
3024336,260.89074824121155
3024337,0.39312533819521406
3024338,0.0
3024339,6.450672941716339
3024340,16.738240801408683
3024341,1.885812763437094
3024342,244.56277780677598
3024343,247.60572169933562
3024344,1.2257446947497534
3024345,6.091866897890734
3024346,328.0335671466756
3024347,47.70792694717221
3024348,1965.3665835858565
3024349,17.54551993072064
3024350,12.038141680024113
3024351,1.7027208270326826
3024352,0.0
3024353,2.9967871595333433
3024354,1843.82424282964
3024355,0.0
3024356,424.25917689549294
3024357,3.499396844786868
3024358,496.05740883372255
3024359,489.7009277862137
3024360,174.352988004895
3024361,118.9502845030342
3024362,15.286733057969311
3024363,2429.297142088907
3024364,4.172465075005187
3024365,0.32623661571421636
3024366,5.857174150544926
3024367,11.543673559224784
3024368,0.0
3024369,145.9911398935253
3024370,4.10595506937433
3024371,4.410481417022126
3024372,3.6687380846271855
3024373,31.4809591944899
3024374,0.8105382691667311
3024375,19.950942856591542
3024376,134.20697267378193
3024377,1.74310400343886
3024378,3.921199235333649
3024379,145.3378901795964
3024380,17.154049825589386
3024381,2484.994846694314
3024382,29.53431190253886
3024383,4.0185560056750536
3024384,3.7905399149601484
3024385,0.28546694466271433
3024386,3.009950303671152
3024387,2092.7569328906757
3024388,0.0
3024389,146.3095186970767
3024390,4.8421168673063955
3024391,742.7520543528296
3024392,281.55788539462674
3024393,272.0036979559794
3024394,48.739221259629694
3024395,35.08426701227828
3024396,2795.2203256772373
3024397,10.605630569912591
3024398,0.6541119865151008
3024399,10.899682125776593
3024400,9.774266650440893
3024401,0.05965708118699404
3024402,155.42090278677924
3024403,4.520102827873348
3024404,0.0
3024405,2.9024541321836046
3024406,31.97839809618543
3024407,1.3724247271909924
3024408,112.90306761541558
3024409,140.0401917638022
3024410,0.6383280756099923
3024411,3.0893758562413964
3024412,91.5090202483942
3024413,26.018713408805784
3024414,481.69960132828373
3024415,18.509718745491085
3024416,3.221653837766704
3024417,3.701872798223624
3024418,0.023768936652352492
3024419,4.656151539263106
3024420,2643.175907051986
3024421,0.0
3024422,574.3464494237599
3024423,9.221991556379002
3024424,789.5590127867613
3024425,727.1273449728054
3024426,188.25430248708756
3024427,143.75042968486633
3024428,83.70539966631392
3024429,3419.377284120199
3024430,20.370484188296075
3024431,0.8356108874242685
3024432,10.540108444784169
3024433,22.162007758332262
3024434,0.17631562077375293
3024435,218.14219531492833
3024436,16.500106044135034
3024437,7.628883468617117
3024438,3.451621708095022
3024439,51.91362462216566
3024440,5.928478488389736
3024441,386.16200998341407
3024442,231.0804426110952
3024443,6.549711697337996
3024444,7.298147308914659
3024445,390.3224557980155
3024446,93.90296618176467
3024447,1985.6472462550207
3024448,0.0
3024449,28.552497662986625
3024450,4.509302481303122
3024451,0.06380808910477585
3024452,3.2712594207026466
3024453,2900.9673114057164
3024454,0.0
3024455,359.23002402892405
3024456,4.67756921710048
3024457,1224.190829893427
3024458,579.1840882202235
3024459,539.8081821977612
3024460,79.21795441499061
3024461,57.07958782979986
3024462,4209.848841551407
3024463,7.983719941496522
3024464,0.2816242005735334
3024465,15.80154652440843
3024466,11.396881822255754
3024467,0.0
3024468,264.28121869952724
3024469,1.830564509585797
3024470,5.610398205381326
3024471,3.5326063170129895
3024472,24.6900425512188
3024473,0.7512108121430123
3024474,230.52252406356968
3024475,282.93864019411643
3024476,2.5364548068103594
3024477,3.2874329533141324
3024478,236.9521954315932
3024479,50.056968939222784
3024480,1129.125204323438
3024481,65.43001456072446
3024482,8.498729718519746
3024483,7.686063479122257
3024484,0.2729176219615529
3024485,3.1838010368602383
3024486,2756.8764442573392
3024487,0.0
3024488,382.93746627366903
3024489,4.161836229777096
3024490,1180.120698410869
3024491,532.2159581379008
3024492,295.8647900871277
3024493,204.4227016838557
3024494,62.186493943157814
3024495,3556.5757760149263
3024496,12.769911547407691
3024497,0.3148703788999431
3024498,29.3624338198729
3024499,24.912148331613523
3024500,0.14149317045590223
3024501,268.8191815983267
3024502,2.128498485598023
3024503,3.1153175459247535
3024504,7.62199896106725
3024505,47.77586452994297
3024506,1.0552353704448274
3024507,94.202422359045
3024508,242.11792345064885
3024509,1.469323349798966
3024510,3.717591906022241
3024511,145.52009581379792
3024512,122.21674225938138
3024513,1956.4259660183725
3024514,0.3081344212758154
3024515,5.550154715374039
3024516,3.372811854101033
3024517,0.10346443701835473
3024518,2.0271630709103774
3024519,1378.958013504075
3024520,0.0
3024521,113.69699366578247
3024522,5.012758199684604
3024523,543.7884126989825
3024524,255.52313917371043
3024525,131.27654274819287
3024526,44.943759751673326
3024527,38.09771500289446
3024528,2047.7965169524255
3024529,6.762316368992782
3024530,0.49311706403373146
3024531,19.422377348465183
3024532,13.498365516502247
3024533,0.008353254509745675
3024534,146.1099651981551
3024535,0.41463640798329304
3024536,0.0
3024537,2.8369365342858552
3024538,26.391658524223324
3024539,1.7520523958278948
3024540,68.88941478633133
3024541,130.00803897218074
3024542,0.6762158408414176
3024543,4.565199620073002
3024544,125.303546505298
3024545,26.680671109608607
3024546,517.1618988945177
3024547,23.754607319877273
3024548,1.5682951151530005
3024549,1.3116572011106906
3024550,0.0
3024551,1.9380121948455504
3024552,1316.020369620752
3024553,0.009426396780631667
3024554,240.80132021763336
3024555,8.612199982118327
3024556,455.62749812263036
3024557,420.230082214858
3024558,103.7796115168413
3024559,41.675822491377176
3024560,49.16068698034803
3024561,1823.8475340512286
3024562,17.637822163220214
3024563,0.32024711663676686
3024564,8.827008114349033
3024565,10.570237675921216
3024566,0.18992661530800156
3024567,107.82111373927434
3024568,9.319075275632123
3024569,0.7523511014331155
3024570,5.511727627753139
3024571,33.84801281799351
3024572,3.6129195309014843
3024573,459.6791882467568
3024574,130.87532319230024
3024575,2.446241229744962
3024576,3.717585486993224
3024577,297.97865661166253
3024578,29.709262778818836
3024579,1008.9923306026194
3024580,0.0
3024581,8.407819271388224
3024582,1.993963407980217
3024583,0.08526918133528054
3024584,3.357535670933042
3024585,3025.9854471430017
3024586,0.0716882677637181
3024587,614.4419412688723
3024588,11.775459114202864
3024589,953.5180114966254
3024590,1059.7634864439808
3024591,232.39841252205278
3024592,185.3947757679192
3024593,134.77320531255737
3024594,3483.6567231028985
3024595,26.22025384808351
3024596,0.5725066240134102
3024597,15.975287199325376
3024598,29.01824173467751
3024599,0.05898375690254169
3024600,216.53740602509913
3024601,10.77667475951755
3024602,26.260147190879117
3024603,6.863671449822213
3024604,67.49593938950855
3024605,8.030668521577379
3024606,303.51946559687235
3024607,231.59410835579078
3024608,13.905857730898536
3024609,7.124571069143961
3024610,399.3147412932888
3024611,93.04705187789138
3024612,2879.0041381486362
3024613,0.0
3024614,19.553863211753818
3024615,1.5852114775017552
3024616,0.0
3024617,1.4948994360270031
3024618,1168.9568695714142
3024619,0.0
3024620,222.2310939755465
3024621,2.6291262314394177
3024622,270.11084603995266
3024623,360.9410120007371
3024624,93.61670025598887
3024625,22.36510328466019
3024626,46.03164334465282
3024627,1155.086728565814
3024628,10.03195690517949
3024629,0.3235982412966833
3024630,8.140381706112958
3024631,10.118987100199735
3024632,0.0
3024633,56.50101313436826
3024634,0.0
3024635,7.508352532809075
3024636,1.4908698483387215
3024637,95.22321976527031
3024638,3.4944087339228798
3024639,38.930967337746026
3024640,70.55085296751321
3024641,2.018294151123195
3024642,3.741660239454048
3024643,37.786068710711326
3024644,18.955197960189366
3024645,236.43617329599672
3024646,0.24342400909581055
3024647,2.9117101157028182
3024648,2.985350304162801
3024649,0.0
3024650,0.23613286795590333
3024651,819.4426832090104
3024652,0.0
3024653,189.5744510962971
3024654,3.4924502300384566
3024655,290.11943006408444
3024656,179.99855678609458
3024657,68.14553566597341
3024658,25.336088477555055
3024659,23.56401117766402
3024660,1140.0561026125085
3024661,9.07672558194238
3024662,0.3599871777441293
3024663,7.300625498721384
3024664,6.704451236979102
3024665,0.2029970550357948
3024666,66.17380929483247
3024667,0.1419560084984796
3024668,2.55670573629386
3024669,0.6497827916172065
3024670,9.050646213771943
3024671,0.21742987492518298
3024672,167.00693424324078
3024673,109.08956260330412
3024674,1.4737373064517638
3024675,0.8363031661871103
3024676,108.6698878226444
3024677,20.550653291738577
3024678,354.6105122634079
3024679,0.27941111241577177
3024680,1.4107700838809936
3024681,4.3277624063237665
3024682,0.05326546524201513
3024683,3.0764298296477985
3024684,2512.8546938155714
3024685,0.05788737833417574
3024686,520.2124897152654
3024687,10.892894316550763
3024688,703.309628480698
3024689,760.8604820837932
3024690,227.16284041842434
3024691,176.54736592023912
3024692,75.16895140569396
3024693,3063.0592054390554
3024694,18.101736803908018
3024695,1.40826532890787
3024696,16.6521379778899
3024697,21.110163036346876
3024698,0.19155490847330095
3024699,191.69742625691967
3024700,4.1245520194851695
3024701,22.761394896043306
3024702,5.329209408724803
3024703,65.24091812535903
3024704,2.211153876640541
3024705,218.8781837864313
3024706,198.91239936607016
3024707,6.813232881965492
3024708,6.256076033500116
3024709,309.89468974621053
3024710,55.58188506250469
3024711,1799.9023136285882
3024712,0.6775148280701604
3024713,9.990067760247868
3024714,5.842212419572143
3024715,0.006562631114851116
3024716,3.460775366092875
3024717,2930.593826567768
3024718,0.0
3024719,575.7026440044777
3024720,10.547040707945627
3024721,1183.6514301598347
3024722,822.126079597633
3024723,329.73549550335355
3024724,253.12637574023145
3024725,57.64088652683301
3024726,4076.8462996240573
3024727,10.576958312068902
3024728,0.6434937833673751
3024729,22.827189140670438
3024730,13.283668943176924
3024731,0.6640511680358654
3024732,262.08167843557914
3024733,0.0
3024734,4.253012699260673
3024735,3.3616333749107143
3024736,23.509984196336838
3024737,1.027643307586502
3024738,187.56105830203816
3024739,309.97808683049647
3024740,3.2048949129733177
3024741,3.280365380161676
3024742,212.81431964476386
3024743,75.72297295780396
3024744,2685.485002871775
3024745,1.3633056165057558
3024746,2.937598143353839
3024747,5.074133391053993
3024748,0.26057939866424523
3024749,1.6597156261217165
3024750,2911.0449616518536
3024751,0.0
3024752,607.9713192706869
3024753,8.293583973956682
3024754,928.9297172357915
3024755,655.8310905222625
3024756,254.9162105889058
3024757,201.91790048974616
3024758,53.65138786152294
3024759,3589.2994952144104
3024760,12.236791674766517
3024761,0.8981639136124657
3024762,20.321384386050028
3024763,17.053200206826755
3024764,0.046107093641812466
3024765,226.2960016953031
3024766,0.0
3024767,5.763221175175273
3024768,3.4963528975889098
3024769,48.5993676023967
3024770,1.098153886534433
3024771,108.45691551048849
3024772,257.0787865620146
3024773,4.223301428080491
3024774,3.4637022590419475
3024775,189.74317690138153
3024776,57.10267111548967
3024777,2131.748940930449
3024778,1.1450208347321302
3024779,4.887040081599568
3024780,9.48606776759797
3024781,0.7712089313320756
3024782,11.133682550362701
3024783,6932.1836090435145
3024784,0.08720976892607313
3024785,1050.0791089098557
3024786,24.47867461635527
3024787,1719.1263798138095
3024788,1693.1194047775582
3024789,310.74701881266617
3024790,368.9816396945015
3024791,279.0133919960952
3024792,6670.913457593613
3024793,63.37224205237291
3024794,2.212638575573671
3024795,35.23328702459437
3024796,52.44473644686446
3024797,0.5870594907370261
3024798,418.1400632117526
3024799,28.97271232384249
3024800,40.41831249022141
3024801,20.317194217853416
3024802,140.11148167207446
3024803,20.5350691618271
3024804,573.8726904197639
3024805,432.4335075455789
3024806,14.946250961385546
3024807,19.3134826740406
3024808,904.8951866546441
3024809,233.62201513846293
3024810,6227.559551694011
3024811,0.7181846760450343
3024812,77.06478723496073
3024813,2.3678862323084244
3024814,0.19754276306170981
3024815,0.5183173863197714
3024816,1422.9009061393717
3024817,0.0
3024818,148.7549288008026
3024819,2.486547029001881
3024820,848.8547737829092
3024821,249.2034732176884
3024822,101.40256615350319
3024823,110.10812057885211
3024824,40.839229437979725
3024825,1898.2760585874312
3024826,2.3008588015113443
3024827,0.09184415372251539
3024828,10.253314784788047
3024829,6.212010530948275
3024830,0.15586584409666776
3024831,159.36088787000241
3024832,0.27387327604557005
3024833,0.0
3024834,2.022638330771358
3024835,20.00284006146751
3024836,0.3970263339205139
3024837,61.87498762978387
3024838,88.13411359723796
3024839,1.1596518363533859
3024840,3.9308501343991376
3024841,88.47323127117056
3024842,19.960187694333058
3024843,1100.8230430345893
3024844,0.10772968867789351
3024845,3.11626512622939
3024846,5.037867572602363
3024847,0.18288149108437338
3024848,1.817999101881124
3024849,3032.777161048703
3024850,0.0
3024851,524.9669993055381
3024852,8.105711962508007
3024853,1089.8497263847828
3024854,607.9811628501549
3024855,212.71045332929137
3024856,282.1052768107142
3024857,72.57749646100575
3024858,4032.5676388066863
3024859,9.365684368657757
3024860,0.19116152728473593
3024861,16.14588544750098
3024862,16.666848808463957
3024863,0.028189775849389226
3024864,252.77717290889734
3024865,0.7435652736297971
3024866,2.99352358970653
3024867,9.035450377705967
3024868,13.844354480794498
3024869,0.9670698261929014
3024870,289.41207270639194
3024871,249.96518162284508
3024872,2.4255200668145322
3024873,5.599566565476803
3024874,121.4521639705016
3024875,56.26228491314141
3024876,2520.8546921469333
3024877,1.0621830050189622
3024878,3.8357980524274975
3024879,0.932847168900881
3024880,0.0
3024881,0.36153751254682354
3024882,1052.3020561885673
3024883,0.0
3024884,91.1091142767817
3024885,2.207082794167352
3024886,716.9862445161729
3024887,132.87099509083848
3024888,66.9845372296369
3024889,136.4259981744769
3024890,14.740203815401513
3024891,1571.9559454951504
3024892,0.9750203053741375
3024893,0.20795041765751066
3024894,6.661208722238557
3024895,2.0147114008389067
3024896,0.06932361331974458
3024897,77.76629110104716
3024898,0.0
3024899,0.0
3024900,0.16416730091218618
3024901,8.255452265302898
3024902,0.18551651381169562
3024903,62.22606348607767
3024904,71.55726830669353
3024905,0.33333164416136146
3024906,1.090637744565762
3024907,48.96376490528734
3024908,8.740260421620675
3024909,313.9366948804105
3024910,0.009444350979037796
3024911,1.2041100066262609
3024912,6.65292379512128
3024913,0.0
3024914,1.218162062363354
3024915,2188.6506935712882
3024916,0.0
3024917,227.7037391606778
3024918,7.2177166792030665
3024919,944.573706130591
3024920,341.93427654293316
3024921,176.644841220004
3024922,123.61216316430291
3024923,46.08697162185655
3024924,2910.037911964794
3024925,2.2491676430781022
3024926,0.36595171225807194
3024927,22.079393330715813
3024928,12.540061903304752
3024929,0.234558293530965
3024930,188.03312409033924
3024931,0.0
3024932,0.0
3024933,9.291233122206892
3024934,17.012591230217083
3024935,1.05630422480775
3024936,184.40606514368054
3024937,200.3352471030107
3024938,1.0674063535308096
3024939,3.9840793230600715
3024940,204.55109490154157
3024941,30.666196799057513
3024942,2065.4558386734407
3024943,0.0
3024944,0.6071597278795118
3024945,2.679292917620209
3024946,0.21055265457145572
3024947,1.331357757509092
3024948,1994.9513331518253
3024949,0.0
3024950,578.8644351786266
3024951,4.910769559887473
3024952,768.9763279098834
3024953,512.8328880483778
3024954,205.51977361050305
3024955,113.06628583498494
3024956,53.0334690424526
3024957,3477.986036351186
3024958,4.240013725722462
3024959,3.1218834039532632
3024960,26.026168624181334
3024961,35.356019271299665
3024962,0.13910768568627496
3024963,185.21461728696272
3024964,1.4749990410019107
3024965,3.793651009116707
3024966,2.657243836976663
3024967,15.10281564162446
3024968,1.6605699659862667
3024969,143.46054166346138
3024970,232.17076231699542
3024971,2.7403898077454025
3024972,4.014236862863835
3024973,121.72553282894677
3024974,27.80062192958682
3024975,1036.0779842141585
3024976,2.2383865544149533
3024977,2.2367450930968453
3024978,3.1677407088231435
3024979,0.0001509446805688844
3024980,0.16212054063439651
3024981,1046.300297270371
3024982,0.0
3024983,104.73905691567589
3024984,1.9207437844291992
3024985,357.06921638968794
3024986,146.21779952679483
3024987,81.10472682871679
3024988,95.48931310496529
3024989,28.613104299874028
3024990,1709.0717605737143
3024991,3.2580497851603267
3024992,0.19025554512176196
3024993,6.524482819368958
3024994,5.3003478424207255
3024995,0.08746085248172923
3024996,86.87245361263207
3024997,0.0
3024998,0.0
3024999,0.26169186715770887
3025000,16.63185695340969
3025001,0.31290860667637316
3025002,187.1717404634975
3025003,79.24540306598645
3025004,0.4614006664519576
3025005,1.7065941071152402
3025006,43.08591682454651
3025007,13.354264290096157
3025008,591.7848725142167
3025009,0.09788774264194917
3025010,0.30292081927356995
3025011,2.851933255410462
3025012,0.018024621967020874
3025013,0.629168825960108
3025014,3046.1770819296503
3025015,0.0
3025016,492.5411120007154
3025017,5.778924927845685
3025018,871.6185550802925
3025019,603.4642612626762
3025020,213.05764196931872
3025021,139.86976169171797
3025022,63.20838146974201
3025023,3646.2690202211597
3025024,5.094862128368228
3025025,0.2813219196328956
3025026,26.705847921246384
3025027,8.045691183618553
3025028,0.0941432649924114
3025029,206.82996931320525
3025030,0.0
3025031,21.977257119209693
3025032,2.0845124958173646
3025033,29.46527190256426
3025034,0.6543208162237937
3025035,211.5381889214232
3025036,206.8206349021691
3025037,1.9098729810614539
3025038,3.380701906240951
3025039,123.97893033685894
3025040,42.31886736961465
3025041,2534.767794743702
3025042,0.38907229861443215
3025043,0.8041696195524399
3025044,3.2995105437551393
3025045,0.0
3025046,4.576231873756527
3025047,2524.7199747414193
3025048,0.0
3025049,482.7316712341522
3025050,6.925518846327343
3025051,875.2439692792957
3025052,767.0573353971938
3025053,137.84204246918904
3025054,101.86959637384966
3025055,105.70360458701424
3025056,3339.0330588040197
3025057,39.03807203542839
3025058,0.8764883772457834
3025059,17.929659802659742
3025060,24.20971678028153
3025061,0.18550470653996315
3025062,218.63424112665876
3025063,18.244212869807775
3025064,17.656189796215227
3025065,1.5515351745509278
3025066,76.38357113457265
3025067,7.641729342227016
3025068,197.58018383304483
3025069,243.85049105812493
3025070,8.043560440974925
3025071,10.390639812634305
3025072,219.9353985260577
3025073,60.59419970337817
3025074,2093.9539253126113
3025075,0.043430012040384214
3025076,8.601864308662162
3025077,4.068411671652456
3025078,0.0
3025079,4.106034953305355
3025080,2206.810675315038
3025081,0.012126001410524794
3025082,370.39666197431484
3025083,8.63826305920276
3025084,806.4687464721557
3025085,654.7211594806282
3025086,131.9435210623677
3025087,68.06675970471548
3025088,81.74448907678912
3025089,3056.970597947011
3025090,20.604803063422214
3025091,0.7659408297574974
3025092,24.9985655932021
3025093,46.84157965707693
3025094,0.03011965684180765
3025095,243.83775670646818
3025096,14.841112297739459
3025097,11.512630034918022
3025098,6.6488452324805545
3025099,69.915667483177
3025100,7.902567002134722
3025101,111.61070812341163
3025102,282.0561549997177
3025103,5.3096209415838365
3025104,8.164946439658255
3025105,94.03354445746942
3025106,57.59815980382123
3025107,1475.7786054069807
3025108,0.3167609138360848
3025109,9.791850166977145
3025110,7.052301381890853
3025111,0.19348324645930864
3025112,3.1385633528724908
3025113,3484.9235492441953
3025114,0.0
3025115,608.7320088430166
3025116,4.56623418480467
3025117,1445.3791081522852
3025118,620.5858127509968
3025119,193.27635503157524
3025120,295.1927727577859
3025121,64.77333750482454
3025122,4944.792388419307
3025123,26.832653212263786
3025124,0.8828264038726774
3025125,20.678838739973056
3025126,14.22972644990299
3025127,0.08360957945729637
3025128,357.53286113989435
3025129,4.046749249836287
3025130,12.800482966151138
3025131,5.088164077032785
3025132,40.62301104036891
3025133,1.6845531082909888
3025134,146.71985636566285
3025135,284.0159052718837
3025136,5.363718493409451
3025137,8.128228321073626
3025138,195.0659366089561
3025139,53.63145377875821
3025140,2492.833183087341
3025141,4.410016651204373
3025142,13.851539444679288
3025143,2.6724343148927696
3025144,0.21774118831060987
3025145,4.150314250848152
3025146,2205.952376821307
3025147,0.07741557405514117
3025148,326.3119077129369
3025149,4.556520227561528
3025150,742.8498650390138
3025151,612.6607931515344
3025152,166.44636711285256
3025153,114.05722961196062
3025154,68.7327893361105
3025155,2909.3174125931523
3025156,18.26258621399881
3025157,0.9564910802382887
3025158,12.055307700059423
3025159,9.399601982146946
3025160,0.1256052857887983
3025161,203.1386437923229
3025162,14.368874025940272
3025163,13.215674975987477
3025164,1.240805322391631
3025165,41.405744085638815
3025166,5.230535006448369
3025167,318.50507599126945
3025168,202.90191851139406
3025169,3.9193925109278878
3025170,7.180619881394668
3025171,327.74834334948275
3025172,50.73345040978151
3025173,1878.0029820731604
3025174,0.08109288342372108
3025175,23.559509912582246
3025176,2.697111885987113
3025177,0.14015224563357812
3025178,3.1078717534132876
3025179,3713.311802200349
3025180,0.0
3025181,404.20409615832887
3025182,4.951241235961132
3025183,1838.8357218282079
3025184,563.9189581294112
3025185,268.1630514263079
3025186,180.98342906648534
3025187,56.32628741183036
3025188,4696.5849098334
3025189,8.21502207825073
3025190,1.351167024731983
3025191,26.2975450252869
3025192,22.94816141123241
3025193,0.1622882107127578
3025194,417.539307883693
3025195,0.0
3025196,0.0440197247927772
3025197,6.191084850930222
3025198,31.588433796738016
3025199,1.3114263005597975
3025200,120.76915797331147
3025201,276.6094844258967
3025202,2.0227167506216106
3025203,9.11983411662147
3025204,156.28935692482807
3025205,54.12556354772954
3025206,1977.8069382331612
3025207,0.0
3025208,2.910603482586076
3025209,4.980449780768368
3025210,0.009008022414743681
3025211,4.5179860664612645
3025212,2034.969221613409
3025213,0.0
3025214,383.59394072362545
3025215,7.385303306480958
3025216,884.2283089314268
3025217,553.7085115624548
3025218,187.05954250176597
3025219,93.26135261505685
3025220,92.34486248705434
3025221,3034.718010574442
3025222,22.594102683877022
3025223,0.9315697560375227
3025224,18.612504196152518
3025225,34.088930524789916
3025226,0.06916854658530992
3025227,202.83432605354398
3025228,12.892511245750901
3025229,10.973391519765068
3025230,4.943730952295293
3025231,56.00979483274122
3025232,6.851504308808608
3025233,142.28664822358047
3025234,328.2261197380368
3025235,8.574793736920338
3025236,6.696034811833768
3025237,155.92929467729542
3025238,46.40470264166423
3025239,1633.152007924019
3025240,0.31698241440971403
3025241,5.634660970631509
3025242,2.4543917967054267
3025243,0.0
3025244,4.136246388119653
3025245,2414.2918918487417
3025246,0.0
3025247,402.8066171118677
3025248,6.459922927054254
3025249,674.1459868143904
3025250,693.0756487131232
3025251,142.0206932434847
3025252,99.81632716196877
3025253,98.33569387028913
3025254,2683.4429118109806
3025255,21.974856010275648
3025256,0.6405348196344662
3025257,17.315954551701726
3025258,16.340362672742554
3025259,0.04286394166258456
3025260,179.98092171074725
3025261,12.267052025276284
3025262,24.49505877791345
3025263,2.44490038824005
3025264,39.82488336627941
3025265,6.922970991576695
3025266,189.04323878147883
3025267,192.10546027747762
3025268,6.398167750365179
3025269,7.066681954038067
3025270,182.08679155249703
3025271,47.243967566369484
3025272,1955.3564867263888
3025273,0.08759372352867995
3025274,11.168986225587977
3025275,3.0145612224698253
3025276,0.08591816688854463
3025277,2.932556382214682
3025278,3935.6843159484333
3025279,0.0
3025280,479.87926689883983
3025281,10.930859568208437
3025282,1011.1892726958698
3025283,587.1461995622269
3025284,230.3206965664908
3025285,172.72834944011365
3025286,48.60430722445883
3025287,3939.543938588213
3025288,5.655363078302501
3025289,0.10807759004059539
3025290,13.729812059839855
3025291,14.067559215667668
3025292,0.0383359460806693
3025293,207.8372243766681
3025294,0.0
3025295,8.066708689140189
3025296,0.7327346230660243
3025297,38.80107077914813
3025298,1.424103961348656
3025299,171.75458258031523
3025300,232.73834526266438
3025301,2.0808875753790064
3025302,2.056702813725163
3025303,212.65651750010258
3025304,119.42160935980868
3025305,1849.0618505424156
3025306,1.2056682120760764
3025307,0.44387346483876283
3025308,9.915543024834903
3025309,0.0
3025310,10.337029768328483
3025311,7679.309382600093
3025312,0.04970068123565506
3025313,1310.0651349389636
3025314,20.69331197292546
3025315,1996.3559170336287
3025316,1906.0120943352526
3025317,423.7570850992342
3025318,423.0596211462705
3025319,337.98164353452586
3025320,7996.7059353024715
3025321,69.31321504102368
3025322,2.4400114529224837
3025323,93.66239368985173
3025324,92.3209226212503
3025325,0.4425767601330589
3025326,531.3192077174913
3025327,30.66084320782287
3025328,14.148799804022339
3025329,23.402707402673972
3025330,207.2912023387709
3025331,16.6083397419287
3025332,649.3374345593903
3025333,470.86435309541196
3025334,27.599684960684268
3025335,28.003959878552227
3025336,827.4023362029668
3025337,274.83184457884624
3025338,7004.241273076456
3025339,75.2339616120152
3025340,79.34263218463332
3025341,10.87577186231457
3025342,0.0
3025343,10.269625919633711
3025344,6848.628325969603
3025345,0.04361934470926861
3025346,1002.5262125844117
3025347,19.473715171164496
3025348,2042.7892405291307
3025349,1645.257052753833
3025350,543.873871674189
3025351,280.6408367013812
3025352,222.39069809935978
3025353,9131.775170902834
3025354,89.66244308603918
3025355,1.084339265134083
3025356,49.55351019752468
3025357,73.66792599882208
3025358,0.5877873106039659
3025359,523.1262658569975
3025360,25.873891586939127
3025361,21.521578687271692
3025362,7.576570303115682
3025363,116.38444657000383
3025364,14.588100740418453
3025365,772.4568871413918
3025366,565.6333513246517
3025367,16.70363979563609
3025368,20.120111835650246
3025369,1003.7037029296877
3025370,198.48053140882146
3025371,4327.115333039494
3025372,144.9084664672356
3025373,70.78067859889273
3025374,8.492245325257807
3025375,0.0
3025376,10.890864393594772
3025377,4365.139767216832
3025378,0.1454553444121217
3025379,762.4651430537816
3025380,11.675791742848952
3025381,1849.6458646495694
3025382,1151.5262060479683
3025383,628.8025190280442
3025384,110.7918528759797
3025385,185.0601427682419
3025386,7086.902624599316
3025387,37.97417100084244
3025388,1.5478297151447595
3025389,30.750964143327554
3025390,21.496329505631298
3025391,0.26017387304219236
3025392,482.8133923872254
3025393,29.644897694943644
3025394,14.744887450481244
3025395,8.514090682504143
3025396,72.2251502281416
3025397,7.263492110186647
3025398,736.8058736346119
3025399,601.870029983537
3025400,16.813783370216676
3025401,35.60130797529779
3025402,564.1949659355396
3025403,108.22054246722685
3025404,2078.118881730651
3025405,99.05780529401554
3025406,33.406186362609574
3025407,11.9450820986345
3025408,0.0
3025409,12.920165629980984
3025410,6945.0816658772355
3025411,0.051903125204398146
3025412,980.9317015930754
3025413,18.229755187815602
3025414,1958.12591894971
3025415,1663.4314606982637
3025416,515.4033327999765
3025417,284.63264299628884
3025418,201.08137845821375
3025419,8312.511752611788
3025420,40.38806485896183
3025421,1.2017491323804959
3025422,45.62630241481536
3025423,65.66569235672738
3025424,0.686728978970498
3025425,501.6456807470028
3025426,25.487546988586892
3025427,16.89295354826914
3025428,8.04688232074122
3025429,123.90882854539709
3025430,9.424071269065237
3025431,690.1388708961432
3025432,589.4425979059475
3025433,17.085096149100387
3025434,22.80956269627539
3025435,913.610261930942
3025436,189.0245862742
3025437,4212.288006123972
3025438,133.59640289740886
3025439,54.921251638689675
3025440,9.546045100321118
3025441,0.0
3025442,11.704983167041492
3025443,3669.1557132580874
3025444,0.03354752483662766
3025445,622.2963261232467
3025446,13.369417915917765
3025447,1735.491823836922
3025448,989.4237748312545
3025449,458.8781133246462
3025450,80.8944496824172
3025451,141.63666733833352
3025452,6253.786772491919
3025453,31.243195315832878
3025454,0.2903234350164687
3025455,22.157524872029892
3025456,34.16324631634542
3025457,0.16479300535189148
3025458,445.21342023699077
3025459,21.258106816688482
3025460,5.734763763053334
3025461,5.492273239324442
3025462,71.23026167932301
3025463,4.192167685760255
3025464,704.7821973519768
3025465,622.2669795473794
3025466,11.900437235551543
3025467,19.582927455528235
3025468,639.6692421209993
3025469,70.88256362309671
3025470,1355.7019182141091
3025471,106.6303797165442
3025472,17.301967014148758
3025473,9.204570189639659
3025474,0.0
3025475,9.465103694917486
3025476,5414.61228803489
3025477,0.04192710465576876
3025478,1012.9695993408
3025479,24.005442770304672
3025480,1558.9220650054413
3025481,1697.7303566256949
3025482,355.6201788723248
3025483,365.29314634910105
3025484,258.72395644369425
3025485,6502.275118120461
3025486,58.95278077380409
3025487,0.8678455184370009
3025488,45.32931337279439
3025489,48.47732046868021
3025490,0.4057427622604387
3025491,414.9786487165041
3025492,16.95926114351832
3025493,16.62912860607576
3025494,11.678699785093984
3025495,138.34950437946137
3025496,13.432413409440478
3025497,568.9410413792045
3025498,421.2457134012736
3025499,13.123385049886584
3025500,21.694751278505894
3025501,828.9700764810223
3025502,183.44797688530033
3025503,5967.939825377907
3025504,77.38850817286954
3025505,63.83468719110505
3025506,4.432385530002466
3025507,0.2106059216702583
3025508,5.2681971784120005
3025509,1582.1829221263733
3025510,0.0
3025511,332.6309566738013
3025512,16.26025413723881
3025513,724.7290693930879
3025514,469.31871030874635
3025515,193.7349291505653
3025516,70.23550410483206
3025517,66.45541601229937
3025518,2602.9038467538235
3025519,30.417877355099513
3025520,0.6839082686935107
3025521,22.500169350539462
3025522,17.981457682326866
3025523,0.18731322357187813
3025524,194.22709548822615
3025525,10.368254510755737
3025526,4.894968264907837
3025527,8.018275672773102
3025528,34.94681339387306
3025529,4.686660577433527
3025530,206.42627360027012
3025531,230.61858844813221
3025532,2.5089344780486376
3025533,5.228488676842938
3025534,199.86151562575844
3025535,51.26322291561147
3025536,1352.7313379624188
3025537,0.48823624375201785
3025538,9.02715483047702
3025539,7.642050592694684
3025540,0.0
3025541,9.82862681670428
3025542,3720.560543961572
3025543,0.05381483786511722
3025544,481.37213006267126
3025545,26.70276054301148
3025546,1291.2441729171721
3025547,942.0523182577764
3025548,372.11400983748047
3025549,80.07218287577189
3025550,109.92772618238035
3025551,5357.955807484478
3025552,70.09573624562127
3025553,0.9033158565673804
3025554,45.695936849470705
3025555,28.33236775628762
3025556,0.18770089217772176
3025557,333.8571625004354
3025558,18.852175174497912
3025559,3.316412181527099
3025560,2.1264185012351833
3025561,90.43854736682184
3025562,6.367127456629056
3025563,462.1347024790698
3025564,407.666143227064
3025565,8.263585367605767
3025566,18.195325467414275
3025567,313.9411763826639
3025568,63.019042113267616
3025569,1803.9256345071758
3025570,86.31351342520242
3025571,15.651469235662624
3025572,5.164073772235427
3025573,0.0
3025574,4.510328218402551
3025575,3506.9973994826273
3025576,0.059273856536043244
3025577,692.716266066433
3025578,7.389632522741477
3025579,1133.818934726884
3025580,1203.0877458030807
3025581,205.20700865736026
3025582,272.76048494313517
3025583,189.33468311996361
3025584,4045.9351440109754
3025585,29.747937808083055
3025586,1.1167895721882126
3025587,24.80160627267638
3025588,38.73368240065155
3025589,0.4387432163265083
3025590,268.6847443729449
3025591,1.6291924298223077
3025592,27.8253869621614
3025593,4.050934097721892
3025594,75.01600560800601
3025595,7.5199999550078545
3025596,451.36668350867535
3025597,243.7243271786004
3025598,15.632172718830823
3025599,9.096959982521193
3025600,580.3115506350196
3025601,96.7076760431849
3025602,4148.209873395192
3025603,2.308850015070384
3025604,38.59270156145689
3025605,5.90481025828184
3025606,0.0
3025607,6.458102169407338
3025608,3498.246956628737
3025609,0.0
3025610,627.9201138013855
3025611,8.726571633671945
3025612,1187.3894267933927
3025613,893.4264479617659
3025614,287.60798565101953
3025615,144.95201019524504
3025616,235.11988245040385
3025617,4374.893138163264
3025618,24.29679425332299
3025619,1.7252360150685018
3025620,36.998311173646215
3025621,41.52356092653864
3025622,0.15251318555975196
3025623,273.2892815201206
3025624,4.625312499662645
3025625,31.38833867048193
3025626,4.5854369224660605
3025627,140.05813292257506
3025628,6.5383753985027475
3025629,301.9029256586564
3025630,271.4922053864833
3025631,11.295790245708403
3025632,11.335912452264727
3025633,323.5592701507395
3025634,99.47876200658301
3025635,3398.62000972877
3025636,2.6262623365664344
3025637,8.202467057576424
3025638,6.343896920186226
3025639,0.024266579889818393
3025640,2.507641492045141
3025641,1945.7954791876168
3025642,0.0
3025643,408.37481683959385
3025644,5.500751720559425
3025645,800.3577534346482
3025646,439.3732113720152
3025647,188.10185805897393
3025648,75.29009107620344
3025649,91.45462068247514
3025650,2653.57624459665
3025651,13.050198088457938
3025652,0.8486299123115157
3025653,14.474103146659523
3025654,22.301864395001513
3025655,0.04762258508656541
3025656,177.18105059204896
3025657,2.590264229631346
3025658,9.063376877258582
3025659,3.7929458604511286
3025660,46.28455260062104
3025661,2.380743989252774
3025662,212.92239448755953
3025663,192.18290211502216
3025664,3.1140842846079178
3025665,5.076468049480359
3025666,150.27515622804356
3025667,46.865022030911
3025668,1465.6787074656181
3025669,0.23533248931994788
3025670,3.7724398657181153
3025671,4.491752765286398
3025672,0.0
3025673,1.3193316607304078
3025674,2618.128112121596
3025675,0.0
3025676,216.8061134961842
3025677,2.2710126489196756
3025678,960.1177576092282
3025679,220.70942300840923
3025680,204.86649220320436
3025681,55.097993039522606
3025682,27.791383964249384
3025683,2935.077437981315
3025684,5.667201284838888
3025685,0.37006548449317617
3025686,15.492830853063115
3025687,9.868499379043561
3025688,0.001491599668867634
3025689,206.01013570788476
3025690,0.0
3025691,0.0
3025692,2.663911472710733
3025693,20.80112616431022
3025694,0.5460881265818314
3025695,44.62664655284087
3025696,149.39656185810028
3025697,0.05867561119771298
3025698,2.0002842769697096
3025699,57.640250109634835
3025700,79.44289554785674
3025701,810.3609685774078
3025702,0.0
3025703,1.9940471231817805
3025704,4.547598001030688
3025705,0.05335868088776852
3025706,5.462455901221724
3025707,3107.2825417941162
3025708,0.0
3025709,484.5945449867715
3025710,9.646649641409416
3025711,1051.7315290483868
3025712,805.1845706259465
3025713,304.9031681701419
3025714,137.18730640494852
3025715,123.92422534399334
3025716,4129.0725495858
3025717,26.97371831212972
3025718,0.8176856797164711
3025719,17.821296580842585
3025720,55.65606327469341
3025721,0.05543552726820115
3025722,272.2943654726687
3025723,19.07056330356278
3025724,8.483725117104383
3025725,8.951635950713847
3025726,52.02446194517753
3025727,5.045910194189816
3025728,375.54137304893857
3025729,314.0652272909655
3025730,7.22558974554849
3025731,9.770972909322301
3025732,456.8588158601164
3025733,78.90555953905604
3025734,2062.369805882709
3025735,0.0
3025736,33.24164334184625
3025737,4.13138207674092
3025738,0.02177983662206284
3025739,3.4817242350143403
3025740,3525.8487802304153
3025741,0.16340050248259014
3025742,619.2280057338907
3025743,14.575048428505989
3025744,1028.189863985953
3025745,1159.2827858789262
3025746,173.1319386425255
3025747,243.96827144684113
3025748,182.89026343012782
3025749,3669.9101081167955
3025750,30.12700987466661
3025751,2.1221433348244068
3025752,30.731975308502616
3025753,23.71760746600731
3025754,0.4535731854453935
3025755,231.30308148433937
3025756,10.043496364889231
3025757,34.18459615923335
3025758,7.727938716803999
3025759,88.98663284233984
3025760,9.258304445615806
3025761,418.7539118533444
3025762,256.38350463695633
3025763,5.903560018885631
3025764,11.052761939879119
3025765,611.311079251851
3025766,108.33152720326889
3025767,4610.555486852174
3025768,0.25257392923153205
3025769,40.93425908118976
3025770,3.257398602951268
3025771,0.24281625762961448
3025772,6.53400877744163
3025773,1894.3869539367126
3025774,0.047677127602973
3025775,634.218610415784
3025776,15.334675021628534
3025777,801.4828477794999
3025778,878.4774127328935
3025779,213.52536071288563
3025780,245.83164863125847
3025781,131.26003429519787
3025782,1798.9763688754506
3025783,28.79934397032029
3025784,2.5841774332528837
3025785,28.374738380691124
3025786,31.783485474014242
3025787,0.1284626252522463
3025788,276.25065136248685
3025789,24.058451540264343
3025790,24.675758695636613
3025791,16.454737170710768
3025792,87.44543776607252
3025793,12.562148449910293
3025794,352.8797226341845
3025795,258.33554760554705
3025796,13.820062022453333
3025797,16.265445416067298
3025798,462.60974576685317
3025799,115.93757913656543
3025800,3375.4751075119057
3025801,0.5798463911913119
3025802,28.531387725281295
3025803,8.997008401961159
3025804,0.18212841173832656
3025805,5.4056980843252305
3025806,3025.0367394643167
3025807,0.0
3025808,462.30470476513227
3025809,12.068454995018351
3025810,1485.359554315687
3025811,703.7397293286457
3025812,472.6846858773348
3025813,180.78318514857057
3025814,73.27793878484479
3025815,5635.639757762592
3025816,8.354609542020645
3025817,0.665807953036075
3025818,43.439969040362556
3025819,32.09286809196363
3025820,0.026124373106736837
3025821,368.8562410430921
3025822,9.61670246482877
3025823,4.340704347132559
3025824,6.030834688550635
3025825,30.70196113029131
3025826,2.301557917526929
3025827,293.581879731227
3025828,414.4320191970982
3025829,4.800357837442181
3025830,5.225192045605057
3025831,343.77064984119056
3025832,81.19613758867618
3025833,2036.4315545644542
3025834,25.435066802228455
3025835,12.202368317128919
3025836,3.4971159180391416
3025837,0.0
3025838,2.406751018637302
3025839,2204.2541454263464
3025840,0.13577002580318445
3025841,373.1070539513191
3025842,11.28412232001673
3025843,723.0935314093737
3025844,763.8065574072536
3025845,133.78648754389587
3025846,132.82551393590586
3025847,151.843672889878
3025848,2779.9625209654355
3025849,17.792345731258568
3025850,1.2739494743368946
3025851,24.819911063437853
3025852,20.796644487136735
3025853,0.22261675276457685
3025854,190.35542631573242
3025855,14.363320983649045
3025856,22.9728398383511
3025857,4.669426482692124
3025858,86.46064102772208
3025859,5.1218316437734295
3025860,280.45730805061027
3025861,161.68628006249494
3025862,3.7487500384104226
3025863,9.257293308895314
3025864,316.5012509322671
3025865,60.58089913755642
3025866,3829.895583033189
3025867,0.0
3025868,25.280728592118734
3025869,3.39737826506982
3025870,0.0
3025871,2.013060922322964
3025872,1137.4346641195864
3025873,0.0
3025874,87.7642497187221
3025875,3.5984264895573483
3025876,653.8139488644774
3025877,355.472333254383
3025878,210.2772898998342
3025879,38.30869872989013
3025880,33.377562608334806
3025881,2415.6726187551008
3025882,4.259773874719076
3025883,0.17688867329797692
3025884,13.706621731940787
3025885,9.062062925718937
3025886,0.000676526708943274
3025887,146.4405609644599
3025888,5.177830688482288
3025889,0.0
3025890,2.0096780417412674
3025891,11.924221000532773
3025892,1.705707010090883
3025893,153.18806189323607
3025894,144.61028970107162
3025895,1.7501289802174984
3025896,4.058939039607099
3025897,127.12556768570337
3025898,24.773788866200352
3025899,210.9248011517796
3025900,0.08670693727259558
3025901,2.1379186695544017
3025902,4.796998310523364
3025903,0.13679118243236532
3025904,4.141129267624811
3025905,3699.403445100392
3025906,0.0
3025907,505.2158881348382
3025908,8.574642197406353
3025909,1666.3230719171702
3025910,612.2626668378888
3025911,403.84255122756633
3025912,146.19472030612127
3025913,69.45161161476554
3025914,6204.6236778797465
3025915,20.302517337105016
3025916,0.3652822873937836
3025917,20.12247619595154
3025918,15.195195351191352
3025919,0.10415713669168168
3025920,424.9852588426781
3025921,11.459982235515287
3025922,0.8182979756061466
3025923,7.457034011230453
3025924,31.512978104554804
3025925,1.6842938291433973
3025926,533.874704040155
3025927,352.62257061600496
3025928,1.7983488669077534
3025929,10.274401470139054
3025930,355.743058454785
3025931,87.11293787043705
3025932,1046.3248190548863
3025933,39.29336967997174
3025934,8.220084687267962
3025935,3.7210602953658665
3025936,0.0
3025937,0.42375152656550186
3025938,1273.5203544621888
3025939,0.0
3025940,156.88421000432757
3025941,7.153371397929009
3025942,760.7802237902732
3025943,424.16104445534535
3025944,175.2382027238503
3025945,51.353567511567945
3025946,30.293162473894125
3025947,2585.0900757631603
3025948,6.246929967949606
3025949,0.34687081837834033
3025950,9.281474789886895
3025951,13.145814042600552
3025952,0.1590990240312804
3025953,153.24499412799614
3025954,5.252280059473998
3025955,0.0
3025956,4.279266433227704
3025957,24.1552703877279
3025958,0.8850071432925499
3025959,116.92541900362843
3025960,158.28465847518495
3025961,0.885196632146872
3025962,3.5733237256359853
3025963,124.47551831368345
3025964,28.96099577350256
3025965,270.89309519857596
3025966,7.633035247187371
3025967,2.912881708285197
3025968,3.6175822158231714
3025969,0.0
3025970,2.257548087027395
3025971,1239.8350620370798
3025972,0.0
3025973,98.62631129288093
3025974,4.218385297313325
3025975,599.676524686195
3025976,277.5120575790225
3025977,130.6480354561566
3025978,45.96951030692689
3025979,25.362668251073803
3025980,2502.448377059027
3025981,8.25862148108932
3025982,0.07211274644138152
3025983,6.29006229382335
3025984,6.092826085261665
3025985,0.0005070459042798499
3025986,121.57252128704765
3025987,1.0014565908823703
3025988,0.0
3025989,1.7465312772233825
3025990,26.54811591515723
3025991,0.6801059742914102
3025992,89.59686644210558
3025993,164.53567366288812
3025994,0.23743777226445695
3025995,3.2706841032220826
3025996,55.40279469520601
3025997,17.915485499969524
3025998,138.53072640670518
3025999,0.02223079417800232
3026000,1.2831707309585059
3026001,2.014569961021827
3026002,0.0
3026003,2.4299167840433915
3026004,1254.3697791277343
3026005,0.0
3026006,139.11248209135698
3026007,4.591914175052099
3026008,953.66628777969
3026009,406.63547384329496
3026010,215.77758498437524
3026011,25.102032316750492
3026012,29.035607637170394
3026013,2630.462563792673
3026014,4.60150844918211
3026015,0.20683922042797645
3026016,9.770577912007381
3026017,17.386714923572764
3026018,0.0794227942562313
3026019,173.82638958391624
3026020,0.7826867966577045
3026021,0.0
3026022,2.0462071926916794
3026023,11.810628406823644
3026024,1.0820425608523951
3026025,137.93808223247842
3026026,238.17517480014737
3026027,0.7589301812697882
3026028,3.0524539565469784
3026029,57.51141135574954
3026030,78.17275844240713
3026031,302.1417073817499
3026032,11.117046996428517
3026033,2.941485385341793
3026034,1.892194525545924
3026035,0.8204032593445327
3026036,1.7656282138349662
3026037,1391.6895360436677
3026038,0.0
3026039,132.5555666955038
3026040,1.7130457851292347
3026041,747.0170389691125
3026042,367.1150241875849
3026043,210.5143927896133
3026044,77.54486716305345
3026045,53.34971195871074
3026046,2472.3990035356724
3026047,5.455959766052307
3026048,0.5101911400999302
3026049,12.975532258608759
3026050,15.145005893396927
3026051,0.10391734389224999
3026052,197.15891526591588
3026053,6.169669224778504
3026054,0.0
3026055,2.479584638342628
3026056,18.37800770821974
3026057,1.1807717789144472
3026058,109.94364283691937
3026059,173.755862473215
3026060,0.5198142648542221
3026061,4.0202912542887885
3026062,84.22639631360605
3026063,41.956883744472584
3026064,499.01034763742365
3026065,7.553255389690618
3026066,4.207546392077423
3026067,5.400959386549735
3026068,0.08599731770541097
3026069,0.6975732482791881
3026070,1221.271421499743
3026071,0.0
3026072,130.3233950458065
3026073,4.108551829973749
3026074,802.6621043349182
3026075,246.1733294765643
3026076,134.9991419365669
3026077,106.8123265337329
3026078,31.576688597486424
3026079,2033.9779542226288
3026080,5.173655709109569
3026081,0.24526517480261703
3026082,13.322621218282693
3026083,15.966077898730568
3026084,0.12243746394308544
3026085,140.0350943704666
3026086,0.0
3026087,0.0
3026088,1.072192882321529
3026089,38.729794757910234
3026090,1.6999125665220949
3026091,55.099115667209865
3026092,121.95398547029944
3026093,0.5224753732575831
3026094,5.025255874851346
3026095,68.72862934707777
3026096,32.907220346374984
3026097,407.53731677687006
3026098,0.0
3026099,2.0650490381997715
3026100,5.229029361661909
3026101,0.3053646726040203
3026102,1.4059490859859824
3026103,2307.7972589339474
3026104,0.0
3026105,261.57998683259825
3026106,4.3118083039368695
3026107,900.2928170128195
3026108,945.6128191927497
3026109,386.60766934411345
3026110,123.44116361273421
3026111,64.69522047477476
3026112,3482.246315975071
3026113,8.580553770627434
3026114,0.6429626019034913
3026115,17.085662611906724
3026116,19.16863110329717
3026117,0.09456581991178864
3026118,222.998806057964
3026119,0.2999644217844182
3026120,0.0
3026121,4.464121177105347
3026122,19.588476854124778
3026123,1.9269951566954493
3026124,211.67750496482435
3026125,217.69232845229274
3026126,1.2842728773883705
3026127,5.66707330606593
3026128,262.4238443416619
3026129,49.930910919175226
3026130,983.739857310011
3026131,15.832134638691365
3026132,8.500873165176834
3026133,2.4441646743710135
3026134,0.0
3026135,2.6409853861328716
3026136,1601.6757581686127
3026137,0.0
3026138,389.9379968240187
3026139,3.900605255653086
3026140,422.792929828507
3026141,590.0689498622745
3026142,163.35232169623657
3026143,120.5962659329637
3026144,27.176371173556337
3026145,2129.4276240132144
3026146,6.511322933984597
3026147,0.4037785343609679
3026148,15.217281406213786
3026149,11.838119818220584
3026150,0.0
3026151,140.63902220570304
3026152,6.536350654566704
3026153,2.283855275265428
3026154,3.6813374869480446
3026155,27.625408869542984
3026156,1.1208461512496029
3026157,47.85732676513467
3026158,129.7780406807114
3026159,2.156186230594406
3026160,3.8513560414621137
3026161,122.09241252565914
3026162,34.34167541221085
3026163,928.1717948189163
3026164,16.472880720099838
3026165,6.67853164350047
3026166,4.060842470685912
3026167,0.3116784211526783
3026168,2.820911219639648
3026169,2008.7756147193693
3026170,0.0
3026171,128.68611403192057
3026172,3.7771476664767203
3026173,675.1422669802074
3026174,302.9600470411625
3026175,214.8106261257788
3026176,42.61856685739395
3026177,38.17452454657154
3026178,2550.4805288669268
3026179,15.648190483274085
3026180,0.7620074914415282
3026181,8.881827755275465
3026182,9.278373229298037
3026183,0.05569602407295957
3026184,138.63195864659718
3026185,4.278890518212569
3026186,0.0
3026187,2.6594469799878735
3026188,16.478231227165725
3026189,1.4151875068354922
3026190,99.58547816675026
3026191,138.51781603391427
3026192,0.6237247427655435
3026193,3.477407268826642
3026194,74.73847882867629
3026195,18.834554407648916
3026196,305.350437722549
3026197,16.285253150537258
3026198,2.293453366450655
3026199,4.114547793367668
3026200,0.015964977754689552
3026201,4.911053987512592
3026202,2700.2429696967724
3026203,0.0
3026204,591.8739911528477
3026205,8.980896912649817
3026206,794.2797173120205
3026207,745.87794234884
3026208,198.0346214061202
3026209,141.8638606808243
3026210,103.33995830753476
3026211,3488.5739482120575
3026212,25.444354661296813
3026213,0.8320644655502869
3026214,15.853136388033775
3026215,42.17888932410736
3026216,0.16513203025633946
3026217,220.34887608844247
3026218,15.784251205488854
3026219,16.98874849130241
3026220,4.12592703535876
3026221,59.614603587455015
3026222,6.788646425719692
3026223,374.5462108858359
3026224,232.0553623097135
3026225,7.22947223559164
3026226,7.519974693040778
3026227,398.5551772824129
3026228,99.97806599075379
3026229,3151.9706166875994
3026230,0.0
3026231,33.71308656406318
3026232,5.2720942387460905
3026233,0.061863220654163456
3026234,3.9921538210311933
3026235,2656.781433717399
3026236,0.0
3026237,340.0677438314768
3026238,5.223462504919931
3026239,974.7181228241626
3026240,755.9145206232583
3026241,431.8229926316647
3026242,63.8286512655518
3026243,52.54877346449792
3026244,3894.934450517597
3026245,8.531625298876312
3026246,0.2975790739649348
3026247,15.334466688072752
3026248,11.007251061838554
3026249,0.0
3026250,250.32795291889562
3026251,1.9314385028588439
3026252,3.3667247516100547
3026253,3.365824091472086
3026254,34.67571574393168
3026255,0.709952915620153
3026256,224.81598191353754
3026257,264.7942224284997
3026258,2.8369338989344586
3026259,3.697095512929822
3026260,195.08189185823244
3026261,49.6118360438499
3026262,651.6879535125652
3026263,73.88045605101667
3026264,9.136022956285144
3026265,6.752983478889904
3026266,0.22682757413311502
3026267,2.672432545167659
3026268,2229.132177667307
3026269,0.0
3026270,324.9963116660427
3026271,3.2675500260956287
3026272,1069.0956614597317
3026273,595.1419897407885
3026274,218.99970250762615
3026275,194.50054594160875
3026276,64.6815770983771
3026277,3080.4495546726484
3026278,11.108425307467488
3026279,0.370960379681785
3026280,24.538329830017407
3026281,31.991736591027014
3026282,0.13040604600403022
3026283,227.77074205704247
3026284,2.120582156470675
3026285,1.9255673326011666
3026286,6.3849944864130315
3026287,66.87559024179545
3026288,0.9248922043747239
3026289,88.31346894747274
3026290,214.29203634508153
3026291,1.7898507631107896
3026292,2.8290310683730397
3026293,129.62448964913852
3026294,110.11724061332878
3026295,949.4785595903911
3026296,0.2775743148116696
3026297,3.9766187755469975
3026298,2.949094088729993
3026299,0.11067963974068984
3026300,1.3378874789431525
3026301,1225.815953089615
3026302,0.0
3026303,109.24587559721988
3026304,5.060043498595378
3026305,596.5479207288544
3026306,292.68021852721665
3026307,127.04168966890043
3026308,38.97445059799453
3026309,35.977113908851386
3026310,2184.2097878463032
3026311,6.975938417174694
3026312,0.41359033811181517
3026313,17.299315402433947
3026314,13.876718248069858
3026315,0.0
3026316,141.27577966545067
3026317,0.4083111636167433
3026318,0.0
3026319,2.4865912676229516
3026320,41.048917256754144
3026321,1.3005986838464145
3026322,87.35107269940384
3026323,139.60024067126952
3026324,0.6770842142690192
3026325,4.615682606167053
3026326,115.4381621024577
3026327,26.08730006238781
3026328,331.09299009965093
3026329,21.242734479035146
3026330,1.2290948250911735
3026331,1.4229744213146387
3026332,0.0
3026333,0.8699333910797784
3026334,1332.8675277893951
3026335,0.11240577431789238
3026336,257.81119468853586
3026337,8.392535408474737
3026338,490.4659833836767
3026339,431.7566424827629
3026340,118.41586561561434
3026341,38.812352751555515
3026342,51.59529094749505
3026343,2028.3086531140277
3026344,19.782550334874635
3026345,0.2883337124166767
3026346,11.390634252049313
3026347,13.09515753434594
3026348,0.15806424616635328
3026349,112.33396935330924
3026350,9.971260631385165
3026351,2.13435446615324
3026352,2.9896417659751746
3026353,32.96598731002577
3026354,2.908071137470557
3026355,570.2317384071738
3026356,141.55600772825338
3026357,2.6455187444375747
3026358,4.7136040039908735
3026359,290.04496293517207
3026360,30.414093300745098
3026361,1442.291236506442
3026362,0.0
3026363,7.803607073867861
3026364,2.1925182596665156
3026365,0.07421708886255861
3026366,4.017204525992933
3026367,3195.328070853985
3026368,0.06851724514287441
3026369,707.4726257241688
3026370,10.627492584986193
3026371,1049.6616476831234
3026372,1183.4502200723132
3026373,255.5239118742699
3026374,204.76999411894298
3026375,162.33584175188287
3026376,3912.9428634646983
3026377,19.833162226938835
3026378,0.5277007095790793
3026379,18.86480360998251
3026380,32.7154307519297
3026381,0.06676489352771905
3026382,252.60915176894562
3026383,8.925331754148111
3026384,45.462021767276696
3026385,6.900623016863512
3026386,66.23824520306562
3026387,9.492247947334176
3026388,350.0401442617026
3026389,259.523754528765
3026390,12.932680958729684
3026391,7.279026495352829
3026392,462.086806410166
3026393,104.11190791569311
3026394,5332.548389438535
3026395,0.0
3026396,19.816911219786714
3026397,1.3061070983193082
3026398,0.0
3026399,2.612656097735866
3026400,1122.509562161222
3026401,0.0
3026402,228.73439505111358
3026403,3.0582029190483055
3026404,251.75650670844573
3026405,338.46080475837056
3026406,88.91396760523128
3026407,26.998877936134324
3026408,21.025898798338943
3026409,1064.365093667792
3026410,7.110400365837826
3026411,0.20394057592034376
3026412,7.00303193346673
3026413,10.673083770808926
3026414,0.0
3026415,53.485767275643
3026416,0.0
3026417,22.530145489461916
3026418,1.329734118270236
3026419,72.38802068508873
3026420,2.84411566760445
3026421,60.62739416053036
3026422,62.865368081892946
3026423,2.2339229099096287
3026424,3.196318676702278
3026425,50.737338126789574
3026426,19.84428999368567
3026427,1735.0002112313596
3026428,0.18100222822951528
3026429,2.656313228888409
3026430,3.2089856658758764
3026431,0.0
3026432,0.23586207434463144
3026433,819.555227549433
3026434,0.0
3026435,186.64632863939025
3026436,4.366643208211787
3026437,335.29528467122395
3026438,202.09534369604506
3026439,67.46808550327434
3026440,23.422940766879318
3026441,26.42487164552312
3026442,1149.348966535683
3026443,4.690186674753736
3026444,0.34758916520180466
3026445,8.07741933828566
3026446,7.77453169746761
3026447,0.1981344698720925
3026448,53.45518859494008
3026449,0.1382934339523256
3026450,5.80947366739872
3026451,0.6023819568001727
3026452,17.27662629511706
3026453,0.21734858586566536
3026454,197.48525144344697
3026455,91.59004985152586
3026456,1.371727508277547
3026457,0.8523236142658701
3026458,101.84626150104536
3026459,16.558606863727373
3026460,880.4927230986468
3026461,0.3016845096406277
3026462,1.5189143480478777
3026463,4.376765325980692
3026464,0.2220454080782174
3026465,3.1371596677038056
3026466,2566.5634947540016
3026467,0.04887295084199057
3026468,565.5732032320822
3026469,8.709704329288778
3026470,792.4293511926983
3026471,805.6879469130457
3026472,244.3274116006134
3026473,206.15077035908521
3026474,96.50550153191053
3026475,3315.592668334486
3026476,17.474378740769968
3026477,1.316765154710537
3026478,19.23308331487256
3026479,20.982294604992727
3026480,0.2076550363964908
3026481,199.1817757089789
3026482,3.8842690570827134
3026483,31.89733116927362
3026484,5.068831542959539
3026485,82.83700684866892
3026486,2.3585664548439134
3026487,231.83934308280405
3026488,207.4652872522928
3026489,7.487051506507118
3026490,7.36345116830072
3026491,321.5785333651945
3026492,67.66186206591325
3026493,3749.706122704653
3026494,0.695972179224555
3026495,16.26061243397802
3026496,4.921996209034067
3026497,0.0
3026498,2.728646370148472
3026499,2285.491326429425
3026500,0.0
3026501,474.33697357138055
3026502,13.976939686096154
3026503,806.2155734346064
3026504,744.240074953561
3026505,268.9601997627103
3026506,173.16397385595207
3026507,50.727809690428835
3026508,3312.280742204388
3026509,7.814654167590096
3026510,0.6050299420485752
3026511,24.57418833477923
3026512,12.104445657249999
3026513,0.48972637736683
3026514,201.67881793922012
3026515,0.0
3026516,3.594300267132449
3026517,4.017131410724956
3026518,27.749713309974297
3026519,0.7921103173711554
3026520,146.85185503399725
3026521,246.70237643400864
3026522,3.6935826065764985
3026523,2.984549618221478
3026524,148.80131867875664
3026525,64.96771259617248
3026526,994.6938528122043
3026527,1.5153582684155227
3026528,2.0944979782437607
3026529,4.40592659426685
3026530,0.2994169546211546
3026531,1.6205135728367708
3026532,2365.188989965715
3026533,0.0
3026534,446.0986925356078
3026535,8.086483438876646
3026536,718.3376895085402
3026537,685.4768742097874
3026538,209.09193113114907
3026539,130.73099444588522
3026540,50.242358968229595
3026541,2946.312058564698
3026542,8.081337166235533
3026543,0.6652612401099545
3026544,16.979839271926654
3026545,16.732565813681884
3026546,0.04932099604674667
3026547,174.83614829460203
3026548,0.0
3026549,3.943840333221945
3026550,4.189785571780104
3026551,61.63081513965224
3026552,0.7439938263065897
3026553,89.27965646487881
3026554,181.48551492733176
3026555,3.746085226923368
3026556,2.8926165273127733
3026557,132.33310884691315
3026558,53.375952822266775
3026559,796.7030259097852
3026560,0.8475985453078758
3026561,4.172659362292898
3026562,8.274545145513965
3026563,0.8154675829974931
3026564,11.357839496984454
3026565,7332.9593609637395
3026566,0.08543928470255006
3026567,1148.906689301694
3026568,28.997783931202513
3026569,1875.4409180525768
3026570,1890.597082761556
3026571,306.9223514634288
3026572,416.1279840813396
3026573,304.6209044432513
3026574,7315.939424730979
3026575,68.05585302294355
3026576,2.4756690479063157
3026577,51.05819215734438
3026578,53.37836448391964
3026579,0.5430181930447835
3026580,437.7632167329379
3026581,33.50735786090844
3026582,71.86635391402028
3026583,24.622686562922844
3026584,162.05204101318319
3026585,19.097666366605488
3026586,604.4896228453298
3026587,461.8747682739973
3026588,14.674748348152526
3026589,19.53918880050776
3026590,940.034182878986
3026591,238.6013058001659
3026592,9989.584489317662
3026593,0.9957545825334926
3026594,78.29541388017907
3026595,1.9598476180213131
3026596,0.17972912596997706
3026597,0.5025608629244991
3026598,1255.117762611618
3026599,0.0
3026600,128.67385717457125
3026601,2.9277449581535477
3026602,514.8862234518556
3026603,288.90347498650607
3026604,101.72853632890956
3026605,90.48167951581354
3026606,36.37752017941814
3026607,1744.5870111264587
3026608,2.9200894308816725
3026609,0.08860502937907007
3026610,9.131455327631757
3026611,6.03422187586186
3026612,0.11053518489270622
3026613,131.92062410843155
3026614,0.23706297406258575
3026615,0.0
3026616,2.1992424344957238
3026617,28.318557678067037
3026618,0.40602986100693433
3026619,48.75102479202259
3026620,74.05497313383303
3026621,1.2333844517639472
3026622,3.055610665924248
3026623,86.19923489137079
3026624,14.999075581369611
3026625,405.3160343660396
3026626,0.08497062242667919
3026627,3.206894893406446
3026628,6.355402080716023
3026629,0.15301106605138395
3026630,1.4420223628113202
3026631,2384.6112855944825
3026632,0.0
3026633,388.8613416088411
3026634,6.492884602834048
3026635,970.8736065732256
3026636,681.0609504625671
3026637,182.93769587616447
3026638,192.79988068456686
3026639,67.22196507073329
3026640,3726.2616309023965
3026641,8.605024787760234
3026642,0.1549094049604363
3026643,16.91175953507093
3026644,17.238030215345184
3026645,0.025120071004230804
3026646,216.14313891305954
3026647,0.9360232593444662
3026648,2.4360511177117448
3026649,6.870059230007566
3026650,11.009975542745536
3026651,0.958264123825074
3026652,268.5942426540182
3026653,208.58440088622814
3026654,2.8357853444697083
3026655,5.0586093012104465
3026656,91.73066148314099
3026657,54.146126493888005
3026658,872.9030316398862
3026659,1.0290935313542877
3026660,5.133420786537014
3026661,0.9362539918322454
3026662,0.0
3026663,0.3623754275679857
3026664,696.3565173611338
3026665,0.0
3026666,99.62860346165137
3026667,1.7497165242712263
3026668,613.8278466544116
3026669,168.93015961484755
3026670,73.61868722037666
3026671,133.93215212055728
3026672,14.97832728998626
3026673,1224.6667807894878
3026674,0.9606826235747719
3026675,0.1717836123779818
3026676,9.399843953699
3026677,2.723549411647882
3026678,0.0897254609591889
3026679,75.94194297533149
3026680,0.0
3026681,0.0
3026682,0.1400153668282672
3026683,10.887878242849434
3026684,0.1584846696634023
3026685,50.04456101508846
3026686,74.94157835986633
3026687,0.30237730733613355
3026688,0.8620019903381801
3026689,41.74911970690954
3026690,8.749969625240729
3026691,130.6438030210712
3026692,0.0010941345755307486
3026693,0.9950034626236344
3026694,5.296983359772553
3026695,0.0
3026696,1.179961669798077
3026697,1721.3981671764739
3026698,0.0
3026699,170.68316632332898
3026700,6.080597893982263
3026701,748.8924515257553
3026702,498.85403427974825
3026703,148.86136628188268
3026704,99.65755187518843
3026705,43.186305996974575
3026706,2332.009068511152
3026707,2.220401904846998
3026708,0.31176407560501324
3026709,20.02971785785271
3026710,9.928725420516601
3026711,0.1542576186588047
3026712,168.430600656342
3026713,0.0
3026714,0.0
3026715,9.390708268383445
3026716,36.729892711325284
3026717,0.7761157992821948
3026718,229.9226934856632
3026719,154.08620748978151
3026720,1.1650252418979101
3026721,3.5587287481004717
3026722,196.3153376549632
3026723,26.2049338071745
3026724,945.2146460821232
3026725,0.0
3026726,0.45294470638762035
3026727,2.482995816777039
3026728,0.24435240928317256
3026729,1.1504391049887204
3026730,1965.2688734198969
3026731,0.0
3026732,568.983298756662
3026733,5.590779345775343
3026734,690.3715266512411
3026735,733.2971464890521
3026736,197.0776173503802
3026737,89.91181591570705
3026738,58.016939980002746
3026739,3164.406165096342
3026740,3.7019489032813535
3026741,2.467856478415073
3026742,27.977388553900173
3026743,29.816379825789205
3026744,0.10020812900446043
3026745,169.9754384083593
3026746,1.8953280248711981
3026747,2.2936990542152778
3026748,2.74595724738506
3026749,22.757549192160656
3026750,1.3440769514179838
3026751,148.83142801475614
3026752,228.40425290975733
3026753,2.403698342584846
3026754,4.765081449425754
3026755,125.48250352126273
3026756,22.627110667042473
3026757,527.129973148896
3026758,1.854454773208901
3026759,2.9799270313963193
3026760,2.9935405426078945
3026761,0.0
3026762,0.18687325257796633
3026763,1044.4564781905055
3026764,0.0
3026765,73.01320807543736
3026766,1.9999752195378915
3026767,364.57402040222826
3026768,191.4184811424702
3026769,68.90514591936204
3026770,104.17698876548992
3026771,28.179074684634962
3026772,1390.7778045071418
3026773,2.73883198752299
3026774,0.2916831618950972
3026775,6.0181780532923
3026776,5.277674894306671
3026777,0.0766312215391733
3026778,75.07599401134419
3026779,0.0
3026780,0.0
3026781,0.18269109922722948
3026782,14.569548076018268
3026783,0.2890216943090762
3026784,131.10149494208596
3026785,74.72814741348965
3026786,0.4869879591911136
3026787,0.8482941819875591
3026788,29.205317794716755
3026789,13.203471085275314
3026790,280.23326150185017
3026791,0.08902462129879866
3026792,0.3118950939700506
3026793,4.406696881352508
3026794,0.0062401111983354535
3026795,1.7554429555988107
3026796,3451.3920622277683
3026797,0.0
3026798,387.32471206995217
3026799,12.643475010981705
3026800,884.5026956513116
3026801,581.9691193158977
3026802,191.9857403165302
3026803,85.99867172954386
3026804,68.89254899177983
3026805,3897.251446117699
3026806,6.500763760960398
3026807,0.3267224522203425
3026808,27.16153945156562
3026809,15.312956255043282
3026810,0.0823532659944874
3026811,182.6549905323876
3026812,0.0
3026813,23.784960869810213
3026814,5.778070142775246
3026815,50.49497883827884
3026816,3.940607567714795
3026817,208.30773574113692
3026818,218.70079882628986
3026819,3.806198709833911
3026820,9.492741756399878
3026821,101.27786186978904
3026822,49.08693958098997
3026823,1071.6110012275724
3026824,0.41720061609959214
3026825,0.55895195397144
3026826,3.36104724347412
3026827,0.0
3026828,5.63597510005231
3026829,2750.8230033244336
3026830,0.0
3026831,521.7379037698922
3026832,6.474711464715207
3026833,923.1216866451337
3026834,836.7466222761807
3026835,144.13978719655225
3026836,114.68565390102765
3026837,116.87217053817676
3026838,3607.0544140983484
3026839,38.13372870289132
3026840,1.1095193542308563
3026841,19.012252229328727
3026842,29.004119530287625
3026843,0.1297285697415574
3026844,232.6877964529834
3026845,18.81214336710436
3026846,31.830480559649025
3026847,1.5499790509063853
3026848,89.32313462200702
3026849,5.9961507189633085
3026850,206.21633030885954
3026851,239.37337398839847
3026852,10.40320724890987
3026853,14.51454067691449
3026854,240.1468925443165
3026855,67.27644850185722
3026856,3570.72210961503
3026857,0.032555202988882745
3026858,9.924057491520921
3026859,4.325894719382874
3026860,0.0
3026861,5.105995188165873
3026862,2504.5830032414115
3026863,0.006452592456555195
3026864,442.7010213413219
3026865,8.626492166103489
3026866,973.3309625147524
3026867,723.2188985557254
3026868,128.9251415187317
3026869,76.13743355794882
3026870,122.86809212237618
3026871,3415.9335187988177
3026872,23.796686857958612
3026873,0.8009467910398502
3026874,32.139073905481744
3026875,54.296331948218764
3026876,0.026993137657779394
3026877,262.9453197372479
3026878,14.711522750833648
3026879,21.48049796131653
3026880,6.644252627563422
3026881,99.58934913687263
3026882,7.967681282059075
3026883,155.887992168127
3026884,410.9901945211006
3026885,5.8527561060660185
3026886,7.620666251549412
3026887,112.05468543212488
3026888,65.06720310768486
3026889,2702.4299248076477
3026890,0.2135709999413762
3026891,12.877618895089883
3026892,6.033969260288671
3026893,0.17061244746200097
3026894,3.281832931483149
3026895,2981.041260270584
3026896,0.0
3026897,591.1608760941665
3026898,5.353835157659061
3026899,1298.9950955332226
3026900,653.4915850290555
3026901,178.71763355485325
3026902,209.28628962941383
3026903,56.7582607518424
3026904,4672.137650228925
3026905,22.4924363026862
3026906,0.956775012801635
3026907,15.278393060060164
3026908,14.53114722060375
3026909,0.10620372619201011
3026910,264.55587244247846
3026911,2.852475294443
3026912,10.142608831602633
3026913,4.827530115588862
3026914,42.144445713318575
3026915,1.7668867829202362
3026916,130.85556360334152
3026917,258.6082067315127
3026918,4.783017574392192
3026919,7.424951863106276
3026920,185.2608443505622
3026921,50.099048844831145
3026922,1303.7193024849153
3026923,9.432049695074788
3026924,11.643784507644474
3026925,2.8783156328311197
3026926,0.2338083993938497
3026927,3.582928569737514
3026928,2224.5258499348965
3026929,0.06829805753318385
3026930,341.52799940689704
3026931,5.968858834614965
3026932,729.2610059373724
3026933,658.8059768986842
3026934,167.35369137221042
3026935,114.82553969463595
3026936,77.33816046183892
3026937,2969.1324926541715
3026938,16.851444436305513
3026939,1.079943267170596
3026940,10.461194075079407
3026941,10.608835253787007
3026942,0.11184733986982484
3026943,190.53522491953603
3026944,14.788349229374631
3026945,25.943054745560342
3026946,1.128208464407594
3026947,54.86363600350915
3026948,5.270086348657458
3026949,322.08189419657475
3026950,207.36839561734791
3026951,4.574503997858181
3026952,7.652656603297775
3026953,327.34699445953174
3026954,47.835339836064854
3026955,2935.1864025307477
3026956,0.07182203229462289
3026957,22.619305146770415
3026958,2.6197308644958444
3026959,0.11545998299080644
3026960,2.734392829082445
3026961,3822.3253276380337
3026962,0.0
3026963,351.161605340348
3026964,10.06683741489269
3026965,1289.8405808520422
3026966,802.0972365676665
3026967,233.00879822867208
3026968,154.23382505595794
3026969,45.20409430479653
3026970,4663.126701346688
3026971,7.506122924725995
3026972,1.3578856356124716
3026973,23.90661622101665
3026974,18.01635000134704
3026975,0.1511202398966503
3026976,329.9227686030462
3026977,0.0
3026978,0.03740618841580024
3026979,6.873395845555162
3026980,30.535480986172207
3026981,1.0331050072065127
3026982,113.96408842050202
3026983,271.70824016862724
3026984,2.533505586419137
3026985,7.199092139854351
3026986,148.32582124472256
3026987,52.495586980279285
3026988,894.6304338376237
3026989,0.0
3026990,3.893756731098013
3026991,5.353236216027132
3026992,0.001548156588225147
3026993,4.997962021111088
3026994,2255.1332681901545
3026995,0.0
3026996,433.8642789534765
3026997,8.075749838510848
3026998,930.8591973178831
3026999,631.1445470429868
3027000,195.15212323022146
3027001,104.07361951653412
3027002,112.98768864069056
3027003,3455.8890361548433
3027004,25.606240170559754
3027005,0.8789295479900243
3027006,17.732721652123086
3027007,30.775521435350175
3027008,0.04420218071990186
3027009,215.38097085458529
3027010,11.374830405127938
3027011,21.07375110324031
3027012,4.913762450209997
3027013,72.7034641122187
3027014,7.884338886012415
3027015,159.41664505202053
3027016,437.31649106508337
3027017,9.781659954549086
3027018,6.211032006777564
3027019,158.01682028119555
3027020,61.70738064519795
3027021,2567.6737319003237
3027022,0.3099920174652047
3027023,5.267381214922423
3027024,2.218452434316864
3027025,0.0
3027026,4.135418085714755
3027027,2401.8835643607686
3027028,0.0
3027029,442.58558483588996
3027030,7.703977839997666
3027031,651.8939070739565
3027032,704.2221600234192
3027033,141.92528099034948
3027034,102.74617549578369
3027035,100.54759410963321
3027036,2894.785690778926
3027037,23.809499621326733
3027038,0.6334904551319318
3027039,13.795600022602773
3027040,14.763235747732402
3027041,0.042088388395619424
3027042,189.3095756855471
3027043,10.961406127151557
3027044,41.01960765259769
3027045,4.330685458485278
3027046,52.82844524241694
3027047,6.906829468895321
3027048,206.17539778543207
3027049,213.76800648613988
3027050,6.914162275540352
3027051,7.377335966931755
3027052,198.8247381199411
3027053,48.6636638301727
3027054,3035.3291278836923
3027055,0.13681375595670175
3027056,14.346714213699844
3027057,3.178927505588092
3027058,0.08141790925579859
3027059,2.925372001874029
3027060,3701.1150426659274
3027061,0.0
3027062,440.365424539273
3027063,9.152593829668213
3027064,939.3097795881106
3027065,627.4153949591868
3027066,223.1171193102727
3027067,145.12036958046824
3027068,40.40147942879038
3027069,3630.9212664943457
3027070,5.556891537445471
3027071,0.1160011872283791
3027072,8.965277584570048
3027073,14.27282603041227
3027074,0.023390401791557727
3027075,200.25375726403527
3027076,0.0
3027077,4.452155329280894
3027078,0.6832527475041477
3027079,43.99876374367746
3027080,2.4593099356257975
3027081,167.79361130508923
3027082,225.85392498798933
3027083,2.198406698205501
3027084,1.9112564659004834
3027085,207.88653274459017
3027086,100.22993666284609
3027087,659.4842410134522
3027088,0.9806953484213599
3027089,0.40855251566929335
3027090,11.4213289603095
3027091,0.0
3027092,12.119133693874543
3027093,7876.136847616532
3027094,0.04042691778127998
3027095,1383.2983037516817
3027096,26.9317201177401
3027097,2283.652883849395
3027098,2142.0256777425557
3027099,441.7111480037473
3027100,476.42934671884166
3027101,367.1118493841829
3027102,8787.136592765182
3027103,79.68194814484526
3027104,3.171101349260516
3027105,98.54432661160128
3027106,113.14191728179553
3027107,0.341353541225087
3027108,556.9356554516436
3027109,30.198080667341035
3027110,21.701139855383335
3027111,29.36164489976132
3027112,235.6077263429127
3027113,19.149470683494307
3027114,696.149512434561
3027115,483.0182424877769
3027116,28.403801020058122
3027117,34.67465036328265
3027118,1036.7427602132025
3027119,311.1093965444022
3027120,11391.622543003126
3027121,57.27930212051805
3027122,76.07127912588803
3027123,11.11257448662296
3027124,0.0
3027125,9.741148143758235
3027126,7678.676831774011
3027127,0.03439931751498269
3027128,1044.5249888985722
3027129,23.8126720748442
3027130,2173.7657112349107
3027131,1824.2479134181046
3027132,556.4619462247912
3027133,300.7160366609542
3027134,267.5472039059124
3027135,9495.669076548758
3027136,97.22517574794492
3027137,0.9484530795147781
3027138,55.509475907487
3027139,73.074944594456
3027140,0.5753486861626884
3027141,548.3735803282224
3027142,19.64293411458893
3027143,42.12594214314738
3027144,11.828446507520596
3027145,168.73721478240947
3027146,12.212470837113713
3027147,773.7593483152231
3027148,619.191087283159
3027149,17.527845258796013
3027150,25.671054790054825
3027151,946.8347236380012
3027152,239.36319842263904
3027153,7676.9896397653065
3027154,129.67185811858548
3027155,77.16781776016681
3027156,8.550774037023404
3027157,0.0
3027158,10.69015009726376
3027159,4750.6075100382495
3027160,0.1325282379379355
3027161,770.6079191192766
3027162,11.594523494475931
3027163,1824.1033681631168
3027164,1212.949961813815
3027165,603.8444261488429
3027166,105.90175616114408
3027167,200.76947932150927
3027168,7858.846957249673
3027169,27.55746396794289
3027170,1.0858618300733003
3027171,28.68297168548832
3027172,21.71413096708762
3027173,0.2502601799493444
3027174,479.6469927325789
3027175,26.48820288327554
3027176,25.996229852197406
3027177,8.633683633147923
3027178,81.2016481695751
3027179,6.722008871090149
3027180,794.7847768963229
3027181,582.7812854766918
3027182,16.396204346725277
3027183,37.83288564435364
3027184,584.9576859598334
3027185,124.90787409267253
3027186,3203.0833794106798
3027187,55.610868190458284
3027188,37.79394741635235
3027189,8.879292705800145
3027190,0.0
3027191,13.287136273597735
3027192,6788.42898390225
3027193,0.040621056110907244
3027194,1010.778846267437
3027195,18.818686065692557
3027196,1973.8151636059267
3027197,1798.1716009686188
3027198,504.7076306392154
3027199,282.8398255063114
3027200,220.62392498546416
3027201,8600.345136932778
3027202,40.27379701798984
3027203,1.3087695745344416
3027204,55.34022529976858
3027205,66.68176753557084
3027206,0.6154522036788164
3027207,499.413731149087
3027208,24.145260181087018
3027209,29.88382714135124
3027210,10.352506219588616
3027211,151.27918166249984
3027212,9.112253001762364
3027213,667.4113980803198
3027214,562.1190462283079
3027215,17.885252012717885
3027216,25.507931286772134
3027217,840.3518993230587
3027218,191.56033459383465
3027219,6900.067105733729
3027220,90.95832422248448
3027221,54.21787288105596
3027222,8.285544252214732
3027223,0.0
3027224,13.158985213742111
3027225,3425.2481352513355
3027226,0.024416472117420356
3027227,629.8399524363992
3027228,14.329470145342315
3027229,1522.5428742471747
3027230,953.8337861855877
3027231,489.4177141850061
3027232,81.37807244136415
3027233,146.98945951478666
3027234,6267.289772541656
3027235,26.457759957134336
3027236,0.2599274858429845
3027237,21.44434206441691
3027238,36.75551988722131
3027239,0.19541504813703803
3027240,436.9977646876944
3027241,22.30378647492031
3027242,11.826203340692063
3027243,8.312204756545723
3027244,79.55266721535008
3027245,2.990645534036733
3027246,606.7777893648927
3027247,669.7300439054064
3027248,11.078671418868348
3027249,18.478530355072703
3027250,598.8123189901056
3027251,71.64204664370445
3027252,2146.9178367197487
3027253,69.45594406130976
3027254,18.921365181874116
3027255,8.19004133514507
3027256,0.0
3027257,9.929373505366183
3027258,6087.571254203411
3027259,0.0327220355296656
3027260,1142.0187876889538
3027261,23.359971389658522
3027262,1746.0371407006987
3027263,1889.7862272773152
3027264,363.69634510631244
3027265,378.3841724174309
3027266,308.3647088238148
3027267,7171.282507194644
3027268,54.82019615249683
3027269,1.0052154828125701
3027270,42.2649144711453
3027271,52.700137175809445
3027272,0.5202960267242773
3027273,403.84392794380875
3027274,16.06910499858113
3027275,34.51117041743274
3027276,9.631350435995287
3027277,176.36954840314203
3027278,13.075277755801777
3027279,587.177006480963
3027280,427.8720190210082
3027281,12.360421114904705
3027282,24.16698930050116
3027283,812.7856250927578
3027284,219.4510331780989
3027285,9854.366741701275
3027286,71.46935721460561
3027287,70.36739657166247
3027288,3.6251140123840395
3027289,0.18703587527406493
3027290,5.36580693363656
3027291,1802.4821275144386
3027292,0.0
3027293,325.1382730679147
3027294,18.52778292853756
3027295,808.098758586317
3027296,508.002541760915
3027297,207.31915255237655
3027298,74.83924073727593
3027299,70.76960898039911
3027300,2812.3918331002683
3027301,25.9808171488766
3027302,0.8533240605392556
3027303,28.828473219291883
3027304,18.576976563915583
3027305,0.17332898969288604
3027306,187.44735136383505
3027307,9.60727230719434
3027308,8.668976613157534
3027309,8.61529739663101
3027310,45.85995422691066
3027311,4.6764243235475575
3027312,209.39362125610376
3027313,230.23846689516745
3027314,2.4928712897633205
3027315,6.0031791897184
3027316,205.43171033076783
3027317,53.332271222529656
3027318,1990.149516469502
3027319,0.48484206445029654
3027320,9.640543302076303
3027321,7.075376650876619
3027322,0.0
3027323,10.633766815156648
3027324,3623.067475940723
3027325,0.037859265500538274
3027326,552.5975387766998
3027327,26.252372412614143
3027328,1312.848952862031
3027329,929.2022467605282
3027330,397.7045557065829
3027331,84.17997504125886
3027332,129.75418086849197
3027333,5511.85995747616
3027334,63.92248013242977
3027335,0.9604365372360215
3027336,46.12603203858496
3027337,34.547018475675685
3027338,0.13996729149615694
3027339,343.13437190421723
3027340,14.333805094800752
3027341,8.297222571574736
3027342,1.9923650330177205
3027343,106.00750551656667
3027344,6.036126765127898
3027345,479.02236158092194
3027346,418.45875468906615
3027347,8.003066123596035
3027348,17.8942642712099
3027349,342.04578452535054
3027350,76.28211622491395
3027351,2564.21592813509
3027352,87.58429019096668
3027353,16.0849669317681
3027354,5.840206953075715
3027355,0.0
3027356,4.949968046801431
3027357,4139.689810593853
3027358,0.046523946287866796
3027359,839.6156694955216
3027360,8.102075181587647
3027361,1300.3380988751396
3027362,1485.8887666877772
3027363,229.304162849263
3027364,316.1917730602829
3027365,220.21808672719578
3027366,4696.807172677438
3027367,33.854652153350905
3027368,0.9309776312195654
3027369,29.97129355435645
3027370,40.74984826556346
3027371,0.4020484681782205
3027372,290.7591126198826
3027373,1.7655491212597663
3027374,49.83354256322985
3027375,4.452433046279761
3027376,103.0937975728019
3027377,8.470679714659468
3027378,515.7139884172788
3027379,263.8932992375841
3027380,17.392373559791533
3027381,8.445984401864123
3027382,679.8000704874779
3027383,115.10961033302843
3027384,7963.548748189734
3027385,2.6669839948257916
3027386,42.957918405243525
3027387,10.02097346326588
3027388,0.0
3027389,5.186862144349723
3027390,4018.893290183757
3027391,0.0
3027392,782.7287623750498
3027393,9.902696835399725
3027394,1468.301605556108
3027395,1105.2534305751485
3027396,299.88052318742245
3027397,184.89688502977157
3027398,271.37041040736773
3027399,5352.359831229924
3027400,15.706763953298896
3027401,2.211955054541419
3027402,22.845022311268384
3027403,39.89057178032087
3027404,0.18307001790883554
3027405,295.5519494295726
3027406,5.126167433501203
3027407,68.64555403486092
3027408,7.40163649436548
3027409,186.18566609975196
3027410,6.441977197992019
3027411,354.1512272265517
3027412,324.5999418190261
3027413,10.841659116262754
3027414,11.702600713409005
3027415,388.29242964945314
3027416,128.15543999216
3027417,7534.783781265599
3027418,2.2110437214257628
3027419,8.74886100496944
3027420,7.281670039536998
3027421,0.023513851302375665
3027422,4.332606696108439
3027423,2168.7118683845138
3027424,0.0
3027425,448.1883575036882
3027426,5.963795060174538
3027427,1012.6574964448145
3027428,503.4956490093513
3027429,212.88462621303506
3027430,83.33990045214442
3027431,92.2365838764418
3027432,3111.9683974296127
3027433,11.085988131461843
3027434,1.0465698960085406
3027435,19.438839598650024
3027436,26.481160054495625
3027437,0.03577907378297628
3027438,186.46040580359363
3027439,2.9076786282904923
3027440,11.745455205262807
3027441,4.274939280618314
3027442,57.716548840917675
3027443,2.442871149672278
3027444,249.15775973017287
3027445,221.24487993080052
3027446,3.6593407205627866
3027447,5.172991229484627
3027448,169.25321773743306
3027449,85.69465774889512
3027450,3018.5731503488137
3027451,0.23034633885940728
3027452,3.864463215950919
3027453,4.399842784884637
3027454,0.0
3027455,0.5976965881835699
3027456,2014.7831285081445
3027457,0.0
3027458,189.03523692486894
3027459,2.5176546505822497
3027460,774.8138918943747
3027461,215.8264999653956
3027462,171.51981246442136
3027463,46.769652349492056
3027464,24.46568999273327
3027465,2453.185740932809
3027466,3.720794284351104
3027467,0.5667842397201248
3027468,12.42279291242864
3027469,7.046281796466481
3027470,0.0
3027471,158.5052706959918
3027472,0.0
3027473,0.0
3027474,2.4696259294323655
3027475,14.035330900605713
3027476,0.6882739268262144
3027477,41.00647467872279
3027478,142.63605891119107
3027479,0.04960996993285267
3027480,1.6762055028424037
3027481,45.09138205379504
3027482,72.27015641172446
3027483,479.1365835745114
3027484,0.0
3027485,1.5796840885592265
3027486,4.528436638541981
3027487,0.01747146174805801
3027488,5.320746680682825
3027489,3139.083673456035
3027490,0.0
3027491,526.9149722794286
3027492,11.108809401817922
3027493,1094.3249932527583
3027494,881.3840932332104
3027495,292.45579853940154
3027496,148.13318764084366
3027497,129.7034541411003
3027498,4241.348185998978
3027499,25.03597200475627
3027500,0.6929663572954055
3027501,20.868980659695673
3027502,46.40983794566067
3027503,0.04866979260853145
3027504,265.0921707471549
3027505,16.811902652273602
3027506,18.821873283833007
3027507,9.63329423756283
3027508,59.38107357625881
3027509,5.136049118846414
3027510,382.42326467099997
3027511,298.6926938089688
3027512,7.270103121972046
3027513,10.790157613714548
3027514,426.73707876702633
3027515,80.74750454643241
3027516,3302.1178617104924
3027517,0.0
3027518,33.647027178141016
3027519,4.427502552610008
3027520,0.013771142219264083
3027521,3.8205483973878405
3027522,4015.791240093985
3027523,0.15076613260324417
3027524,648.7593519813006
3027525,14.465442454082783
3027526,1106.2743037524174
3027527,1310.4889599979606
3027528,186.1691044731512
3027529,258.81371915142506
3027530,197.413176891867
3027531,4010.160780267733
3027532,32.29753072809448
3027533,2.3424800360438183
3027534,25.790528197018237
3027535,23.035405947731842
3027536,0.47819017676168807
3027537,254.7091751178875
3027538,11.19729957860646
3027539,47.67894861763591
3027540,6.564030131778382
3027541,120.08762686973051
3027542,8.743104371581328
3027543,416.70124342590776
3027544,256.13708756407885
3027545,5.95833942806347
3027546,11.748954733754845
3027547,620.7803552731143
3027548,134.59981304593006
3027549,6944.940664173066
3027550,0.19233188618321265
3027551,43.49534517715634
3027552,3.7903946997610305
3027553,0.19987396581996864
3027554,8.790616858562009
3027555,4251.772539586992
3027556,0.039090815978753614
3027557,770.8543090327495
3027558,18.50140896196165
3027559,1207.7733670735736
3027560,1301.552747742066
3027561,243.13404544733103
3027562,267.49031514258974
3027563,146.8217936882333
3027564,4341.845375102895
3027565,27.1099958964397
3027566,2.859442549029873
3027567,36.33597409025672
3027568,53.22102343832059
3027569,0.18220232021473245
3027570,314.58338956429225
3027571,23.813744576706313
3027572,42.977358111606804
3027573,16.369488925447943
3027574,116.08514463235576
3027575,13.476248846218091
3027576,375.52620563688873
3027577,278.51275736898344
3027578,14.791288616626725
3027579,16.91255471700245
3027580,494.2247397180179
3027581,144.32917972809412
3027582,6321.419784929177
3027583,0.5751927452806236
3027584,37.43872749929304
3027585,7.735837311033631
3027586,0.19147726271085969
3027587,5.378272067471185
3027588,2715.3437919396424
3027589,0.0
3027590,393.96851987239637
3027591,11.18339037763559
3027592,1271.6858225641051
3027593,759.9387784127834
3027594,414.6819875365079
3027595,143.8639754480212
3027596,75.01953153384896
3027597,5094.365682304342
3027598,6.591252612127411
3027599,0.670777214543703
3027600,38.429628539355996
3027601,31.819777512293726
3027602,0.025917526500331738
3027603,340.9449316011417
3027604,7.501922675230762
3027605,3.0615482416874418
3027606,6.56509153603197
3027607,36.48179099900725
3027608,2.2608650199460043
3027609,278.9041280131786
3027610,358.9339584577631
3027611,5.793718531707402
3027612,5.415072753443798
3027613,310.21800390391616
3027614,86.17287709522458
3027615,1111.8911338357207
3027616,24.720424942697967
3027617,12.845061752559005
3027618,3.7982226589514685
3027619,0.0
3027620,3.7562850878195766
3027621,2194.632238858307
3027622,0.14888034722969565
3027623,349.99024944910576
3027624,14.31497793907446
3027625,679.4078667044542
3027626,667.9721779147715
3027627,124.96913780452262
3027628,118.97057155843166
3027629,133.12359899869253
3027630,2559.750134509173
3027631,19.975834479245417
3027632,1.5225950964141441
3027633,20.9383498252306
3027634,27.022271354351705
3027635,0.3290432494847633
3027636,162.19937229937398
3027637,10.852039119701024
3027638,13.484173799075604
3027639,4.74309220947509
3027640,92.12380959820965
3027641,5.439233717459491
3027642,265.1747957715225
3027643,152.7360239650473
3027644,4.0763320954965225
3027645,6.971318469752283
3027646,271.1401793678074
3027647,70.62879583570965
3027648,2249.6701052231792
3027649,0.0
3027650,23.843632635565758
3027651,1.2235438203070008
3027652,0.0
3027653,0.9193549711086912
3027654,1223.2763036736596
3027655,0.0
3027656,79.17119828046452
3027657,2.365396491334031
3027658,692.307371734024
3027659,239.0470788632995
3027660,213.7624594548091
3027661,23.811703831466176
3027662,24.526923807648004
3027663,2346.3972285548743
3027664,2.9316940605416617
3027665,0.18596055799366668
3027666,9.390235491443562
3027667,5.2793008198433595
3027668,0.010060970673325113
3027669,137.40956412768904
3027670,1.8727247180150028
3027671,0.0
3027672,0.9416388936256215
3027673,7.895271671928775
3027674,0.2886111142857162
3027675,216.5437656137633
3027676,155.62139303896245
3027677,0.47985931584169117
3027678,2.9062850818525385
3027679,113.77389105082096
3027680,26.11094059854277
3027681,197.98697669733934
3027682,5.627112682924827
3027683,0.8008680241835668
3027684,5.7350727367884575
3027685,0.1533951771010499
3027686,4.652015860521041
3027687,4083.3216411741814
3027688,0.0
3027689,630.1558739422495
3027690,10.705497185978555
3027691,1576.4264822947857
3027692,589.6651142149668
3027693,430.6385215479815
3027694,147.9481308545918
3027695,73.17597875895355
3027696,6227.613736258359
3027697,28.74382925883104
3027698,0.49300444769774154
3027699,18.306070463094457
3027700,15.3745181272151
3027701,0.1277186608571289
3027702,409.6906954803794
3027703,7.05965137820729
3027704,1.1653092315578308
3027705,7.245588390816344
3027706,37.252600364844305
3027707,1.7331574995844017
3027708,820.9838554668819
3027709,358.8383052573496
3027710,1.6694698914135069
3027711,10.903597339446254
3027712,296.8967749484591
3027713,101.26130990272212
3027714,1182.089052076588
3027715,36.49866974721919
3027716,6.475032887237382
3027717,4.205807109959542
3027718,0.005193963610215876
3027719,0.4177126647354386
3027720,1414.9286131026474
3027721,0.0
3027722,157.85225250177584
3027723,6.505995279265318
3027724,802.9623129883846
3027725,358.7551549665084
3027726,194.77688507915735
3027727,66.45711200597722
3027728,31.476963182479004
3027729,2653.6182064118275
3027730,6.832159707853387
3027731,0.40522360805250024
3027732,12.186334284821717
3027733,13.9423213085551
3027734,0.13828996725813436
3027735,146.80582840572765
3027736,4.936752556342761
3027737,0.0
3027738,4.408796334795513
3027739,32.29552397831746
3027740,0.9635737675100995
3027741,197.96133467570513
3027742,158.77073955887732
3027743,1.005733055160905
3027744,4.852713988345826
3027745,148.38939066005153
3027746,37.202547883405956
3027747,312.1253310671071
3027748,0.8423184699634496
3027749,2.627529974405133
3027750,3.9115431366302618
3027751,0.0
3027752,2.2955110031992247
3027753,1317.6460657297264
3027754,0.0
3027755,93.61390728818995
3027756,5.415663051087435
3027757,798.2344523841169
3027758,221.37076267772332
3027759,116.04991383543205
3027760,32.297759994854886
3027761,26.890017477526023
3027762,2410.705502970224
3027763,8.264727691539031
3027764,0.08037747974442042
3027765,9.49518042541392
3027766,6.716015697760961
3027767,0.009466062868005446
3027768,115.89648184685254
3027769,1.1512287398449037
3027770,0.0
3027771,1.6853407393079487
3027772,26.527295688241452
3027773,0.7338633142953164
3027774,179.05985750139618
3027775,154.26114973884205
3027776,0.2983872264117697
3027777,4.54530551732079
3027778,92.94440311339017
3027779,20.740793010577885
3027780,152.22030137286566
3027781,15.984328681764271
3027782,1.1297461519964895
3027783,2.5129563702544138
3027784,0.0
3027785,2.1796353711961682
3027786,1233.09284452568
3027787,0.0
3027788,141.8872316232246
3027789,5.339252968116955
3027790,1174.1090284966585
3027791,346.88100008870754
3027792,217.93912179451152
3027793,27.36821681271038
3027794,34.41166802003202
3027795,2658.972957679114
3027796,5.560529270534627
3027797,0.2652369710219148
3027798,11.738017590072106
3027799,18.28765501667904
3027800,0.09995434550224377
3027801,186.73544892982494
3027802,0.9734265093866818
3027803,0.0
3027804,2.602901512400029
3027805,11.334597812257826
3027806,1.177153259031272
3027807,358.25586741699675
3027808,223.24292399834027
3027809,0.7107139663416873
3027810,3.584511345717166
3027811,79.26245594322083
3027812,94.11042948842942
3027813,331.51022322280164
3027814,11.4765572180091
3027815,4.019261063420314
3027816,2.46278309251449
3027817,0.6913071091962486
3027818,3.4212194353743604
3027819,1600.0281303027286
3027820,0.0
3027821,152.52270176656472
3027822,1.6885091275640125
3027823,862.0370287469245
3027824,321.71807283028215
3027825,244.65746479513456
3027826,80.5948494907965
3027827,60.93512213170349
3027828,2710.369625981811
3027829,5.139932039980891
3027830,0.6081488883673309
3027831,11.77089058708445
3027832,15.572918836219237
3027833,0.10998196723745893
3027834,191.96440263130154
3027835,6.568310500854353
3027836,0.0
3027837,3.769996079884703
3027838,21.14119724601107
3027839,0.971307920104441
3027840,150.6323887806458
3027841,178.17952678634273
3027842,0.6951077949869202
3027843,4.072924861492174
3027844,103.59802067807323
3027845,43.91869230883173
3027846,528.3871242906148
3027847,15.994878691103494
3027848,4.129661409519746
3027849,3.0924236142689905
3027850,0.12405730263353591
3027851,1.4781022920989209
3027852,1117.6381891690833
3027853,0.0
3027854,109.67617908930085
3027855,4.069926533415602
3027856,754.7953642583672
3027857,204.64529334642734
3027858,132.21364242294914
3027859,102.32774386047836
3027860,26.83140158535078
3027861,1759.2848405583813
3027862,3.7350491696294856
3027863,0.24407781264745926
3027864,6.961171512521437
3027865,9.083508831028642
3027866,0.13587917234465507
3027867,150.07024711924743
3027868,0.0
3027869,0.0
3027870,1.8473317924764174
3027871,27.515975029736
3027872,0.8340870039359012
3027873,56.445978116426716
3027874,119.23533976825286
3027875,0.552374632924058
3027876,2.3942108224518313
3027877,59.43650047707575
3027878,31.60534081043923
3027879,347.5653651988942
3027880,0.0
3027881,0.6581303830118255
3027882,5.5257535431183955
3027883,0.3326647599439043
3027884,2.832664193670991
3027885,2663.667852066032
3027886,0.0
3027887,258.71079658425003
3027888,4.43838330879161
3027889,869.6283061444058
3027890,538.4820264706343
3027891,396.0423267922587
3027892,143.34178572099142
3027893,70.24866315869015
3027894,3733.0213491942072
3027895,12.760467238533632
3027896,0.7497891588157806
3027897,16.398109810756175
3027898,20.72271629086805
3027899,0.11543587309929303
3027900,225.37848197704034
3027901,0.3263201803984797
3027902,0.0
3027903,10.104970964573992
3027904,28.96003285801424
3027905,2.2505974715977457
3027906,294.2368342006281
3027907,217.71492043894486
3027908,1.4468619449701534
3027909,5.980199046429498
3027910,276.89343684920163
3027911,54.49959389478473
3027912,956.5064630794045
3027913,16.608873898899727
3027914,9.518244262641229
3027915,2.198772929410052
3027916,0.014456032706773
3027917,3.7640772046936473
3027918,1832.952354628427
3027919,0.0
3027920,440.1629075289885
3027921,4.86562205382262
3027922,467.5423295385031
3027923,489.6877450485455
3027924,178.13611147518984
3027925,113.12995630938623
3027926,44.09623995302631
3027927,2343.775922643114
3027928,5.8089031335995145
3027929,0.4678818790189992
3027930,6.99494009128758
3027931,10.056072820650115
3027932,0.0
3027933,145.76453565558262
3027934,5.249947302972449
3027935,2.731951366173357
3027936,3.792971321783191
3027937,42.16746618192787
3027938,1.1655672181382073
3027939,197.45628327318644
3027940,130.63962562179123
3027941,2.4408842394271573
3027942,4.080638915348336
3027943,119.98799689899603
3027944,22.549192225784388
3027945,976.240660542502
3027946,31.53841414206059
3027947,5.562996233371883
3027948,3.9977129797691724
3027949,0.3312127078196483
3027950,1.641168650549508
3027951,1978.1607453696574
3027952,0.0
3027953,130.17423829403518
3027954,4.7185029790105695
3027955,694.3684921968759
3027956,270.8288117159475
3027957,214.71727092004707
3027958,40.377546425054156
3027959,35.958549966147224
3027960,2700.0908271322596
3027961,16.638649474629144
3027962,0.8719993960449921
3027963,15.505606072955914
3027964,7.484696100497763
3027965,0.08071511152750246
3027966,138.4694805432285
3027967,4.415225535389304
3027968,0.0
3027969,2.5517685065365674
3027970,29.720354177920754
3027971,1.5265922733440882
3027972,130.7991839332183
3027973,145.4692930474223
3027974,0.654995104892149
3027975,3.938984283986036
3027976,163.52928079824855
3027977,22.966193606245014
3027978,356.6791143944759
3027979,7.143710229900336
3027980,2.9952550350711786
3027981,5.189008688910595
3027982,0.029707982880848638
3027983,6.02983011464741
3027984,2754.285662693346
3027985,0.0
3027986,577.4978582029663
3027987,10.047029898512033
3027988,766.6530720856811
3027989,699.960314580481
3027990,175.78664823007833
3027991,133.22308768976228
3027992,80.18027620718757
3027993,3419.6012003354663
3027994,27.879601475614045
3027995,1.1826198071029879
3027996,13.766379737641417
3027997,29.75254760098161
3027998,0.14341708690795102
3027999,209.12992434945414
3028000,17.068238376325507
3028001,10.740262331336053
3028002,8.135615343139982
3028003,71.19653587817606
3028004,6.022458488102851
3028005,428.88102950169144
3028006,214.70754252206274
3028007,7.01833147099679
3028008,6.5183173727874895
3028009,384.6741266649275
3028010,91.909676031669
3028011,1891.085840901213
3028012,0.0
3028013,25.20866390927956
3028014,4.88836073309346
3028015,0.08088320933617547
3028016,4.494972815875356
3028017,3394.4131968628126
3028018,0.0
3028019,363.60916227888566
3028020,5.0821340767128085
3028021,1114.2268079449793
3028022,579.2877884065181
3028023,516.8133706737239
3028024,79.51157973827735
3028025,65.37691490879035
3028026,4528.65471484315
3028027,10.91366125589879
3028028,0.35365081608110266
3028029,14.53427747369067
3028030,9.434883402060908
3028031,0.008573805487339903
3028032,277.81955594065255
3028033,1.9983360851273306
3028034,3.6410431171779107
3028035,3.484664441268186
3028036,40.410753131725
3028037,0.6996409823659704
3028038,654.2770676951918
3028039,304.80429924638156
3028040,3.0040457773121707
3028041,3.7149873904495534
3028042,214.430807527206
3028043,52.161670414438255
3028044,718.0403466303594
3028045,76.19375434649777
3028046,9.435166667570245
3028047,7.43604066509617
3028048,0.2262098571098497
3028049,3.795067402484788
3028050,2139.3823658329684
3028051,0.0
3028052,309.41460322174424
3028053,5.61765185530975
3028054,1191.0941122147535
3028055,414.91785901363846
3028056,228.11948918662063
3028057,177.164194172631
3028058,62.13749745746649
3028059,3181.2639497820965
3028060,9.617583366451086
3028061,0.5639614697185689
3028062,23.223107966242793
3028063,19.753256092600687
3028064,0.15555549749131273
3028065,238.65035517528807
3028066,2.173662194907051
3028067,1.4049781925726776
3028068,6.795257315816211
3028069,60.35073289443084
3028070,0.933774954871956
3028071,107.74914164591749
3028072,210.755658866919
3028073,1.9037299716910634
3028074,3.3788655825966343
3028075,124.03998842185199
3028076,127.91646495417422
3028077,775.6830963314055
3028078,0.24676316011373328
3028079,3.7114687520264686
3028080,3.3100019550042488
3028081,0.11765923800249165
3028082,1.4409783525476758
3028083,1492.4585928631004
3028084,0.0
3028085,120.61645611013711
3028086,5.604156610852996
3028087,648.4016254233037
3028088,271.68170528928704
3028089,130.0888960057622
3028090,38.62242912459639
3028091,46.14854969215375
3028092,2545.7094946653783
3028093,7.67585387510902
3028094,0.41330679286714983
3028095,18.171486443299408
3028096,15.418002878298985
3028097,0.031790059767783756
3028098,142.2685725505978
3028099,0.4577497941019256
3028100,0.0
3028101,2.228495914341039
3028102,67.31237940096294
3028103,1.374172330278233
3028104,111.86226253793141
3028105,137.5182047665487
3028106,0.8524967041605538
3028107,4.6410642906934365
3028108,107.61832384231464
3028109,28.92139556000217
3028110,375.0906562036464
3028111,23.627044976968797
3028112,1.4327280517721626
3028113,1.9113996569228933
3028114,0.0
3028115,1.1801416072578923
3028116,1378.5733283933773
3028117,0.10617060353266915
3028118,260.85165923181944
3028119,10.610353345580753
3028120,494.7168594823799
3028121,451.5522007523803
3028122,121.70433033670139
3028123,40.08609890164532
3028124,59.20821148935958
3028125,1942.612480527982
3028126,25.992842020655537
3028127,0.32544231783190236
3028128,10.532925459559754
3028129,10.760204601078453
3028130,0.18761470918780038
3028131,109.05444704006297
3028132,7.848630852237969
3028133,1.43887082104354
3028134,6.1317475076755485
3028135,40.55683345532041
3028136,2.934803031967884
3028137,670.0367250803678
3028138,142.59182817601246
3028139,2.3641902222986144
3028140,4.860319136879407
3028141,248.3067696523086
3028142,30.15026312972906
3028143,874.7129949077924
3028144,0.0
3028145,6.393592145150231
3028146,2.458908786657211
3028147,0.10588637804180952
3028148,4.87765707754488
3028149,3006.0018533896973
3028150,0.092838489864421
3028151,674.0761906983399
3028152,16.09565913420414
3028153,1029.138450109015
3028154,1095.2787967634506
3028155,242.30871620514395
3028156,168.91008942607772
3028157,148.22107999133218
3028158,3561.59855655818
3028159,32.86333853894492
3028160,0.4966969469216679
3028161,20.152972235630962
3028162,32.38729973920584
3028163,0.08468820671475213
3028164,219.11015935678813
3028165,9.680352024501007
3028166,29.67157203824212
3028167,8.011930828949895
3028168,72.84205447557967
3028169,11.198492456273943
3028170,296.34066679394107
3028171,239.16436365950233
3028172,13.824085831316811
3028173,7.996757211572044
3028174,414.3438120828437
3028175,94.81212740166056
3028176,2959.1511930110837
3028177,0.0
3028178,20.39699547625953
3028179,2.4535672405931925
3028180,0.05665719887335355
3028181,1.6002912647842318
3028182,1755.216979378048
3028183,0.0
3028184,304.72575777757737
3028185,4.331364212114508
3028186,375.4977623246405
3028187,447.8380336631287
3028188,109.83562182139461
3028189,86.23582329529874
3028190,34.84634411228689
3028191,1497.0508627376405
3028192,11.780956741004918
3028193,0.4002860731878634
3028194,13.698391061335958
3028195,15.01768393892198
3028196,0.012313737132206869
3028197,35.913572569918244
3028198,0.0
3028199,15.891962234130283
3028200,2.1476802655957563
3028201,138.93022979117583
3028202,3.6383555568451085
3028203,145.99211234000975
3028204,90.84068888149602
3028205,2.9718777320037786
3028206,4.7299020855822205
3028207,133.09193229337893
3028208,25.611490969081714
3028209,371.59879132332065
3028210,0.32977275901031183
3028211,1.7544214119911454
3028212,3.104137389366925
3028213,0.0
3028214,1.823881220876026
3028215,733.4617841293405
3028216,0.0
3028217,161.79602943349465
3028218,3.5854155827117395
3028219,296.08411363809233
3028220,187.48828148001843
3028221,56.17846325738685
3028222,23.926125916055057
3028223,30.988674791628576
3028224,1205.2566734473648
3028225,6.450292508765373
3028226,0.41798859339210054
3028227,8.719777204507537
3028228,8.67377946661767
3028229,0.2473759603025103
3028230,65.41916401427379
3028231,0.17106777049056907
3028232,4.631326119218668
3028233,0.7639503440279474
3028234,19.19712565326192
3028235,0.16855456963420729
3028236,188.430890010146
3028237,95.35929033306043
3028238,1.5017360390697725
3028239,1.2835370166384292
3028240,103.49780151643546
3028241,13.624207541268637
3028242,342.59095653651264
3028243,0.3683426005145641
3028244,1.6361038022963763
3028245,4.513847020297451
3028246,0.1723978889579884
3028247,1.862864125397611
3028248,2299.894432093574
3028249,0.07286341493102401
3028250,485.91666923147545
3028251,13.166215302141836
3028252,639.1915181443009
3028253,771.338930188444
3028254,227.15804439835128
3028255,170.18941782888743
3028256,96.9433360536066
3028257,2970.598764015464
3028258,16.853209213321158
3028259,1.5902211724273951
3028260,20.55712633994495
3028261,22.189750244739248
3028262,0.21814026747687704
3028263,165.75694013475356
3028264,4.178233416102913
3028265,24.38631984543679
3028266,5.6850860032132635
3028267,97.66712158679267
3028268,2.785109052861467
3028269,214.19564166476954
3028270,183.81365331847437
3028271,7.768922342354994
3028272,6.169117214814473
3028273,277.53429333896275
3028274,62.01668594948341
3028275,2058.2339293148475
3028276,0.8396209130014582
3028277,11.871348661996569
3028278,5.605983701425
3028279,0.02033031648588379
3028280,1.8556552296798134
3028281,2868.487858854569
3028282,0.0
3028283,471.31167168602707
3028284,12.647362877947764
3028285,1070.443423929276
3028286,651.6997957444785
3028287,315.47693461224657
3028288,172.89816880708716
3028289,53.43747321019024
3028290,4019.3145622280176
3028291,8.617362566882443
3028292,0.7087555814288016
3028293,29.08995954902928
3028294,15.89834111817365
3028295,0.6385718497665696
3028296,233.5226749407779
3028297,0.0
3028298,3.5771840683979983
3028299,3.5352165376598483
3028300,42.78079534827516
3028301,0.9087689382720234
3028302,312.07357699841225
3028303,277.1556812147131
3028304,3.172740740300581
3028305,3.623314453331698
3028306,173.89625307476038
3028307,60.563169530218
3028308,1149.4525744315656
3028309,1.746756533216248
3028310,2.1552172693958136
3028311,4.999109921810415
3028312,0.281440188437061
3028313,1.6185571947985449
3028314,2676.5240022821695
3028315,0.0
3028316,475.2063241609272
3028317,10.883092836625288
3028318,807.966114875882
3028319,548.6133195982964
3028320,234.82122357977576
3028321,149.50183953650634
3028322,59.78634385580993
3028323,3406.2133571090344
3028324,9.962240907135836
3028325,0.7150643145213489
3028326,22.269203939438903
3028327,18.206793513736987
3028328,0.10808123198528442
3028329,208.99699989858203
3028330,0.0
3028331,4.164842520138114
3028332,4.025030870849791
3028333,84.7618011417709
3028334,0.9680106970864852
3028335,150.47517801823503
3028336,197.63205632376759
3028337,4.116264729816546
3028338,3.296192450894578
3028339,152.06729289208423
3028340,49.46182871291149
3028341,887.8030088710419
3028342,1.164198560746616
3028343,4.199296825773291
3028344,6.86007582115344
3028345,0.8678354166272166
3028346,10.790669740664363
3028347,7002.21015827862
3028348,0.09777195950903741
3028349,1057.9984331684545
3028350,60.13077026387121
3028351,1555.2062762370856
3028352,1685.1038276958386
3028353,310.94427982433996
3028354,369.2485974688209
3028355,283.4734841921515
3028356,6838.300762607917
3028357,65.82050302205073
3028358,1.9249955459293049
3028359,46.99887570174668
3028360,47.139707317653254
3028361,0.5539614427254818
3028362,369.63043662060693
3028363,28.104783031963347
3028364,33.19159985979207
3028365,21.075504399911413
3028366,186.87036068165054
3028367,19.722389710627425
3028368,580.7960115698894
3028369,417.1214354523432
3028370,15.878500158982146
3028371,19.52297218238284
3028372,879.7227969007573
3028373,230.11041832589038
3028374,5744.666923913708
3028375,0.8045242351861666
3028376,69.36406223874877
3028377,2.7951878030749304
3028378,0.22926436621347382
3028379,0.5259335497738027
3028380,1338.9927532076322
3028381,0.0
3028382,154.24914365420156
3028383,3.756197987325228
3028384,737.6233436698185
3028385,230.51069497967148
3028386,104.23136934699824
3028387,110.65438962917584
3028388,38.34800545612443
3028389,2380.1343203998313
3028390,3.5921420610698824
3028391,0.13001440603642533
3028392,10.878588296252245
3028393,7.790885414532614
3028394,0.12912817886369296
3028395,186.92472305186544
3028396,0.28915443357644177
3028397,0.0
3028398,2.0488695778875976
3028399,35.8022703721776
3028400,0.4981101356428813
3028401,153.15578850678241
3028402,91.13215484975801
3028403,1.383689255618012
3028404,3.897985983272595
3028405,104.20303581801808
3028406,19.724281128557653
3028407,470.1340716711035
3028408,0.10342434528138109
3028409,3.1298779305156
3028410,6.577317344006399
3028411,0.18013668033645153
3028412,1.606367446763731
3028413,2645.8065518680805
3028414,0.0
3028415,442.57741654194854
3028416,9.033757565909871
3028417,1223.3902936980223
3028418,525.4066321945583
3028419,211.9221444521956
3028420,223.3180837003237
3028421,79.78813840513007
3028422,3895.432725887797
3028423,9.435138424314845
3028424,0.1503688981556049
3028425,19.490604033638665
3028426,17.477342979698058
3028427,0.048506686814926786
3028428,256.19328475486446
3028429,0.9047945979690202
3028430,3.081593628009113
3028431,8.018355337284083
3028432,15.393653177119141
3028433,1.1883239000229504
3028434,661.1149946420719
3028435,242.65216709410652
3028436,2.5413917913327877
3028437,4.912204608189255
3028438,133.96246538173844
3028439,50.82575156263764
3028440,999.2920560618148
3028441,1.1190952971888275
3028442,3.8196038463159683
3028443,1.171529825420226
3028444,0.0
3028445,0.40129962321955853
3028446,882.5555665246872
3028447,0.0
3028448,126.27358529514515
3028449,2.6182228265777003
3028450,798.9076692696962
3028451,131.2691125214661
3028452,84.39209213937714
3028453,172.33755351400146
3028454,15.066757572819
3028455,1536.3880104977038
3028456,0.896958252245148
3028457,0.20513242842640894
3028458,8.038461981797164
3028459,2.7145245620575458
3028460,0.10847021289226506
3028461,81.61937753316157
3028462,0.0
3028463,0.0
3028464,0.2101522769432058
3028465,31.278804621932956
3028466,0.17229244438065539
3028467,114.29838913779496
3028468,73.08464834857554
3028469,0.28200274035566814
3028470,0.9202975133812721
3028471,42.83270007511407
3028472,9.055400315024928
3028473,151.98850329718303
3028474,0.02805656700566041
3028475,1.328667862874259
3028476,13.42067655519978
3028477,0.0
3028478,2.509559841319444
3028479,2288.8375623367147
3028480,0.0
3028481,202.335090948728
3028482,20.228129674997284
3028483,1050.7643406934985
3028484,341.3373131895474
3028485,171.13095401274362
3028486,129.8771108006504
3028487,67.52277318825757
3028488,3255.176797337886
3028489,3.3957493769270863
3028490,0.4134942200923537
3028491,38.26544432973294
3028492,21.92816785440717
3028493,0.1994822876495876
3028494,203.28108766041342
3028495,0.0
3028496,0.0
3028497,21.44956162577193
3028498,38.569811163208435
3028499,3.5295356649142606
3028500,354.4291828876959
3028501,217.866035347167
3028502,3.665046645422585
3028503,4.550621471704972
3028504,209.7789824494755
3028505,30.17768766455489
3028506,1179.1826889388717
3028507,0.0
3028508,2.2300110105844557
3028509,2.2876694270806843
3028510,0.241549361246913
3028511,1.4191052632192087
3028512,2444.3200821419287
3028513,0.0
3028514,607.9333249072602
3028515,6.514196581462747
3028516,843.0348178649166
3028517,560.7909794281944
3028518,216.86734121614597
3028519,88.8126264238541
3028520,69.6272434845119
3028521,3823.3426699495826
3028522,4.446035133534995
3028523,3.1053779031292166
3028524,20.766896210529158
3028525,34.43078370204164
3028526,0.12487783166862933
3028527,199.43850889353604
3028528,1.8394575394020505
3028529,3.8886680982690756
3028530,3.197067641439741
3028531,31.978727385919036
3028532,1.668512804934164
3028533,240.18850925478105
3028534,243.16061164482068
3028535,2.8545024147195996
3028536,6.020349339878306
3028537,126.91147769956156
3028538,28.89455970127664
3028539,541.8345644814343
3028540,2.1557747227091073
3028541,2.7943511531677414
3028542,3.326531736850918
3028543,0.027651778390689167
3028544,1.5037203969138435
3028545,1377.9128526162285
3028546,0.0
3028547,85.15133338548966
3028548,1.8778793606041848
3028549,431.20017198661105
3028550,156.5144722063223
3028551,78.15217837903889
3028552,93.66593273662792
3028553,32.305802929159995
3028554,1751.6283408762856
3028555,2.6573327717605384
3028556,0.3213494686760448
3028557,9.059002031024123
3028558,6.732827200385967
3028559,0.08094211290079881
3028560,99.53096180483489
3028561,0.0
3028562,0.0
3028563,0.30761047822923215
3028564,24.385721230931583
3028565,0.3568613570879651
3028566,330.7898390197957
3028567,78.25787351125565
3028568,0.6510778604885732
3028569,0.7488791099481327
3028570,68.91895205081263
3028571,13.3597571526883
3028572,347.44117383222977
3028573,0.11708428539644689
3028574,0.24757091147212776
3028575,3.5754412683078876
3028576,0.03210096124087613
3028577,0.6531080764685122
3028578,2959.4874737487116
3028579,0.0
3028580,406.81952832115115
3028581,8.353660109390114
3028582,794.5308278796778
3028583,486.9621056596763
3028584,183.4633945595294
3028585,158.99522985567188
3028586,69.4400543556142
3028587,3430.814205301374
3028588,4.82841846270244
3028589,0.2923918368755453
3028590,18.482273476341202
3028591,7.6047340457534816
3028592,0.11632582683878745
3028593,171.9005693360387
3028594,0.0
3028595,26.357655220556808
3028596,2.733764506279093
3028597,39.0412552504729
3028598,0.6354053551669474
3028599,423.4826333237652
3028600,189.00398109673733
3028601,1.6929491427231684
3028602,3.159307791259738
3028603,116.40354865508489
3028604,39.66090459902423
3028605,1083.542074836954
3028606,0.5120790011657446
3028607,0.6234539004383528
3028608,2.835056162475884
3028609,0.0
3028610,5.156097849672858
3028611,2635.690844951673
3028612,0.0
3028613,539.3207176471407
3028614,7.566858160972627
3028615,849.9380778208949
3028616,806.5264910089285
3028617,164.79349057781863
3028618,103.86719337654009
3028619,104.77432898896001
3028620,3462.403617925834
3028621,43.09618434224617
3028622,1.083459932881361
3028623,22.19641854000692
3028624,26.02573204755605
3028625,0.144696446277635
3028626,209.25810278845088
3028627,17.636151052542434
3028628,20.126980700343793
3028629,1.3382304424530793
3028630,100.2203998542212
3028631,7.652805543215594
3028632,201.1567562782539
3028633,242.0441072458124
3028634,10.669911318308625
3028635,11.902354879019182
3028636,228.31576407281608
3028637,68.80584629641585
3028638,2291.0599143773193
3028639,0.0597622375766817
3028640,9.685140478900625
3028641,4.747197353764505
3028642,0.0
3028643,6.0512518363357195
3028644,2132.4350867684598
3028645,0.03035943130514942
3028646,389.9936765969121
3028647,11.226911051390742
3028648,806.1068903766138
3028649,622.8590554398085
3028650,121.98252097559401
3028651,68.44524134263327
3028652,95.59672274380799
3028653,3154.6521634624924
3028654,22.57629282976483
3028655,0.9463116712530111
3028656,29.23366911398542
3028657,51.382604103939165
3028658,0.045884227859434044
3028659,236.65235105596682
3028660,13.398870510367686
3028661,13.64003920983386
3028662,7.235781096915169
3028663,71.02272755235225
3028664,8.660091373564532
3028665,136.87627533465695
3028666,293.880668700554
3028667,5.543642140370127
3028668,9.083335229640296
3028669,105.96719670080687
3028670,76.70599489779296
3028671,1597.462559693001
3028672,0.2487275300421619
3028673,13.977757333231926
3028674,6.481167834727909
3028675,0.1937677374865066
3028676,3.099725038968174
3028677,3120.4607550721676
3028678,0.0
3028679,629.9332830074923
3028680,6.441492239541996
3028681,1711.1647555648644
3028682,574.6437103778968
3028683,165.5703321969961
3028684,260.66366989438217
3028685,59.74878941122703
3028686,4873.765017061852
3028687,24.328174487852564
3028688,1.1620380492544276
3028689,20.693876455624203
3028690,15.16569671372055
3028691,0.0996084805251149
3028692,299.0718480007085
3028693,3.703171342343487
3028694,10.690321188173975
3028695,7.859248525748329
3028696,47.166435426062534
3028697,2.3094961674102867
3028698,230.60564598046915
3028699,286.6636165194198
3028700,6.193191982034154
3028701,8.241060818822511
3028702,220.79626649630217
3028703,45.72241782727966
3028704,1277.6339681861953
3028705,6.445921522299947
3028706,11.297721697424738
3028707,2.7971123321760074
3028708,0.224346084134514
3028709,4.059968304324891
3028710,2085.7398314811276
3028711,0.08138883613043056
3028712,325.77385290371706
3028713,6.544307730574908
3028714,644.0912146400564
3028715,634.1017215176914
3028716,169.23948557418032
3028717,105.24499908963912
3028718,71.5341016743037
3028719,2837.501139148969
3028720,16.851804942310384
3028721,1.0457298846088667
3028722,9.150987185816255
3028723,9.90591682465595
3028724,0.17292335509952228
3028725,176.95572776992628
3028726,13.65077347611068
3028727,13.623839145145608
3028728,1.1031159528852483
3028729,66.14153918733024
3028730,4.907488708875306
3028731,266.94328912068073
3028732,185.96394670445818
3028733,4.6792950723096745
3028734,6.7940978207518645
3028735,276.41814656599684
3028736,46.321348159259585
3028737,1650.3790220533838
3028738,0.08672952908047651
3028739,19.865123694086517
3028740,2.8354741036510864
3028741,0.11590960682097662
3028742,3.474128180268117
3028743,3873.2759221090705
3028744,0.0
3028745,344.8951965574823
3028746,6.547274013289112
3028747,1372.3921077221182
3028748,477.3195518115737
3028749,226.33587144152287
3028750,131.72522709226376
3028751,58.90774331256688
3028752,4752.980142055916
3028753,9.00829714174414
3028754,1.3189126533022377
3028755,26.33222178004353
3028756,19.359840254638513
3028757,0.17573740732441098
3028758,364.21182440741933
3028759,0.0
3028760,0.07096694584739234
3028761,5.904829547838786
3028762,34.80129815943566
3028763,1.074343684410354
3028764,151.01202696975906
3028765,277.4378157186262
3028766,2.2566969025141175
3028767,8.092539276143025
3028768,152.49739923832237
3028769,45.40008712224887
3028770,876.9784450694631
3028771,0.0
3028772,4.3875780026269355
3028773,4.553668431235671
3028774,0.027781345471939667
3028775,5.141489382657379
3028776,1996.1779876988667
3028777,0.0
3028778,395.85523163106376
3028779,11.614910416245033
3028780,892.341377144214
3028781,574.4746484463034
3028782,186.7800342798182
3028783,94.5698037100818
3028784,131.175120932393
3028785,3078.931245124081
3028786,23.387882620036773
3028787,0.8741558782139558
3028788,18.9145534106617
3028789,24.404942712557315
3028790,0.0652806962824148
3028791,167.53121884626933
3028792,10.247891398535902
3028793,12.272997963588754
3028794,6.644256157813048
3028795,78.90218917337029
3028796,8.216578954519292
3028797,156.42441675493365
3028798,269.9004560323236
3028799,8.506527725266958
3028800,6.177916706774209
3028801,143.15522249862767
3028802,47.489435046351495
3028803,1349.3679881563476
3028804,0.3597634387028836
3028805,4.4965470047029195
3028806,2.7669402211269483
3028807,0.0
3028808,3.0909242976462306
3028809,2164.1419147228594
3028810,0.0
3028811,407.4200978455031
3028812,7.590094768958197
3028813,609.2101513375698
3028814,714.6460903350152
3028815,151.46084179561103
3028816,105.33572700331888
3028817,101.13650517892131
3028818,2787.167766064793
3028819,22.255790561090148
3028820,0.7516706955538508
3028821,16.15070137090472
3028822,12.30255261420325
3028823,0.05445324338125984
3028824,165.07224238803317
3028825,10.76267361107012
3028826,26.88518246919935
3028827,5.079916510753556
3028828,67.80336392742797
3028829,7.220219739701738
3028830,214.6266217262415
3028831,179.99122411876448
3028832,6.651711452814081
3028833,7.4384564781619
3028834,193.60015564043002
3028835,51.212936672596165
3028836,2011.9035446515393
3028837,0.14360930905062264
3028838,13.174474746148517
3028839,3.9997937091411977
3028840,0.06689620198444876
3028841,1.642925253598257
3028842,3893.9601022152356
3028843,0.0
3028844,434.73325337919977
3028845,11.623690423806687
3028846,1013.1237296007878
3028847,501.34984453028994
3028848,231.392894694286
3028849,130.43092827918275
3028850,50.37666715554381
3028851,3912.9361697160984
3028852,5.558129114355305
3028853,0.11299646560755952
3028854,11.446971181260961
3028855,13.788958971894484
3028856,0.033769176479655945
3028857,191.9805149442907
3028858,0.0
3028859,5.51520467834395
3028860,0.8908931220109559
3028861,64.21929954813349
3028862,2.2565475810565756
3028863,239.92997202549438
3028864,256.4844586469617
3028865,1.8819487531645689
3028866,2.4567421020344407
3028867,184.9380213935055
3028868,106.22451945380789
3028869,786.3554877863719
3028870,1.1192283691664424
3028871,0.5539525490752288
3028872,12.42929327912186
3028873,0.0
3028874,11.482671512843853
3028875,7657.980974989704
3028876,0.06505058413639228
3028877,1347.7850537857294
3028878,33.14975264219214
3028879,2074.615915254404
3028880,1973.9264786396277
3028881,409.3105734017486
3028882,384.56308855558274
3028883,391.0153161676473
3028884,7866.3367429035525
3028885,73.50413004227649
3028886,3.260896389925975
3028887,110.23505356126111
3028888,84.83488695605585
3028889,0.34797292928667317
3028890,474.3997899028379
3028891,28.414051216767074
3028892,19.12659688935884
3028893,23.16686023213938
3028894,306.3588947028185
3028895,18.16885964140056
3028896,666.316975328094
3028897,414.81105744559096
3028898,30.10854386460094
3028899,31.72600030398769
3028900,906.7436043171718
3028901,329.9610333995447
3028902,6765.046831374149
3028903,65.92115948032549
3028904,67.73089545654992
3028905,10.266367345332812
3028906,0.0
3028907,9.916242308613306
3028908,6901.28785503229
3028909,0.059567742632321
3028910,1005.9836120299698
3028911,29.97823154572322
3028912,2048.6084944937706
3028913,1638.421324689291
3028914,558.6031000862542
3028915,269.4899330915562
3028916,251.12943649905748
3028917,8588.932473912446
3028918,98.1492115825169
3028919,1.0795085259741097
3028920,53.338096323125704
3028921,66.24291005785106
3028922,0.5446029717713907
3028923,466.23798073819995
3028924,22.99028793658378
3028925,28.644620903921037
3028926,13.642321985841582
3028927,209.74170971941024
3028928,13.590229859819468
3028929,825.0840934922124
3028930,511.70700526382996
3028931,16.618095466198085
3028932,20.430471108848213
3028933,887.0327249901745
3028934,219.27915331373097
3028935,4707.7036512303575
3028936,83.74296282770418
3028937,59.24020138010308
3028938,9.070883348130822
3028939,0.0
3028940,11.757489186258065
3028941,4744.8375097623775
3028942,0.13388992379928275
3028943,786.2768457461914
3028944,14.704643423676906
3028945,1771.3968726870992
3028946,1183.569508671929
3028947,625.9235572551338
3028948,100.66127371735833
3028949,199.4001600313701
3028950,7470.958528265444
3028951,32.959043257929686
3028952,1.1184552984575982
3028953,27.541874841531104
3028954,23.5239219558206
3028955,0.35008844361723385
3028956,432.83589059401055
3028957,24.995410601994593
3028958,15.952822593614702
3028959,9.529223284879613
3028960,109.2294151464146
3028961,7.233525455696437
3028962,722.922185790179
3028963,575.5649752121087
3028964,17.79118142559952
3028965,31.701621130912756
3028966,582.293324016374
3028967,117.65840473054693
3028968,2140.171972159073
3028969,56.10600976799474
3028970,37.48861972689557
3028971,12.470149719017838
3028972,0.0
3028973,12.954026614992298
3028974,6185.098324503359
3028975,0.06473427468156312
3028976,962.4213979305223
3028977,24.18207418119136
3028978,1855.9597634475354
3028979,1620.696509630816
3028980,506.03930011022703
3028981,252.0841950940525
3028982,208.0054872767398
3028983,8469.002188946804
3028984,46.9033570061324
3028985,1.3489549097925009
3028986,51.63608549575772
3028987,71.16313439497695
3028988,0.6065426408453092
3028989,488.98691603025657
3028990,29.332322481133602
3028991,25.418356452256123
3028992,6.090424509087544
3028993,166.58699014783872
3028994,10.456334074574656
3028995,698.3525673361158
3028996,580.0849269012383
3028997,17.44954341522879
3028998,24.874895214372312
3028999,881.8701814819825
3029000,191.22224465272475
3029001,4330.731976790481
3029002,62.77848481644517
3029003,53.82840788122673
3029004,9.820240616749414
3029005,0.0
3029006,12.961452653707598
3029007,3810.430655392986
3029008,0.05672413581690139
3029009,679.1142487046126
3029010,15.68533507471048
3029011,1610.4073232055807
3029012,1002.3812134248105
3029013,520.021696832611
3029014,75.31710779748778
3029015,155.47627689023787
3029016,6356.701852488244
3029017,38.975588227655486
3029018,0.3071571301149979
3029019,25.695640677390898
3029020,32.1747291854956
3029021,0.1866569988889836
3029022,399.05882793736475
3029023,23.819626588476584
3029024,7.902254186743168
3029025,3.820878950725791
3029026,105.27257322516023
3029027,3.5838068360280584
3029028,635.0004431096203
3029029,570.564862507609
3029030,12.61799702223368
3029031,17.51295297341942
3029032,615.1918496773619
3029033,79.91255815617205
3029034,1415.2677409535252
3029035,75.24512779350304
3029036,19.318501019935212
3029037,9.067238621020817
3029038,0.0
3029039,8.891105794605128
3029040,5750.424432790192
3029041,0.05784968148708835
3029042,973.6880805081755
3029043,24.986900673675322
3029044,1489.0465133057169
3029045,1780.0415538300024
3029046,349.3472403947156
3029047,342.4921828089138
3029048,285.5586442197269
3029049,6491.709802070416
3029050,56.964159672146735
3029051,1.287710396102515
3029052,63.605652334395614
3029053,45.86869443614198
3029054,0.5517131021984478
3029055,348.4869809014069
3029056,16.646949698748895
3029057,22.11247223271509
3029058,10.817016861797022
3029059,223.28550869122367
3029060,12.219091185618616
3029061,599.918877407642
3029062,401.2297875188246
3029063,15.456298023554215
3029064,25.584228881433585
3029065,766.104868270714
3029066,188.99999942066432
3029067,5541.581609025924
3029068,50.31474000455026
3029069,65.0192658393346
3029070,4.563968810854409
3029071,0.22507271944968368
3029072,4.662925425434835
3029073,1632.1383521170264
3029074,0.0
3029075,306.6154969331776
3029076,21.73293130307533
3029077,868.576497532165
3029078,477.8196280441821
3029079,206.24918604102626
3029080,63.717889215396
3029081,75.5024426634474
3029082,2664.531272669585
3029083,27.359846858169327
3029084,0.7588558064850515
3029085,26.055769689537424
3029086,19.688408968821868
3029087,0.1857333227516658
3029088,160.181288552217
3029089,8.677741325661222
3029090,5.498021128084348
3029091,8.402213902203485
3029092,54.76607617932144
3029093,5.168654485629979
3029094,217.7053474589926
3029095,212.30298276410508
3029096,2.003561596233543
3029097,6.501747947653278
3029098,191.4849619193102
3029099,55.70093695870685
3029100,1300.035104928518
3029101,0.48568882906983457
3029102,9.207224557895039
3029103,7.794705416589478
3029104,0.0
3029105,9.128311843990868
3029106,3946.151113761609
3029107,0.07059088000068818
3029108,541.4950560496144
3029109,29.876251275975473
3029110,1372.5727161339173
3029111,966.3866436018715
3029112,416.27727979985053
3029113,78.34788363123104
3029114,167.29401715841618
3029115,5590.765369764548
3029116,71.04335893644628
3029117,0.789219666617949
3029118,47.17074575336131
3029119,37.05565588982094
3029120,0.11293402358399338
3029121,305.52085505050354
3029122,16.90795636239092
3029123,6.484414543753259
3029124,2.022145939940688
3029125,117.09163844517923
3029126,6.13583836305867
3029127,426.95992796247367
3029128,424.80607675297176
3029129,9.857298732216176
3029130,16.01258460517143
3029131,312.51392114978137
3029132,83.56902301947717
3029133,1848.2399084514268
3029134,54.25646140105412
3029135,17.05486029263452
3029136,6.454370949267522
3029137,0.0
3029138,3.7353897892828396
3029139,3552.142321988566
3029140,0.07582254365070695
3029141,699.3262667284071
3029142,9.358661039160406
3029143,1009.5189902263235
3029144,1250.6052010268722
3029145,201.92384952026688
3029146,239.6881098607664
3029147,213.31478291965863
3029148,3998.2843036439676
3029149,27.859382947223853
3029150,0.8947299339110899
3029151,24.90439260554326
3029152,29.210245747969992
3029153,0.47297230630350523
3029154,211.26299362076054
3029155,1.8375768032344237
3029156,39.11749409332211
3029157,4.603564725881856
3029158,110.765265451072
3029159,8.16461179070589
3029160,456.9684332379605
3029161,208.40336966700727
3029162,15.004320862779572
3029163,8.216494615577949
3029164,510.38232073425195
3029165,107.59397909789
3029166,4071.441526682072
3029167,2.07159423715724
3029168,35.39478755012163
3029169,10.157982409552051
3029170,0.0
3029171,4.4721476363222905
3029172,3780.7053856334956
3029173,0.0
3029174,689.5022395494935
3029175,10.714026761631432
3029176,1351.358776700265
3029177,977.3478613885253
3029178,304.44765611953534
3029179,148.18476330792868
3029180,303.533404117719
3029181,5097.347348741046
3029182,14.364098847723534
3029183,2.162296373254507
3029184,39.37258982509185
3029185,38.63710413632779
3029186,0.17347516371268007
3029187,272.56259209519266
3029188,6.335698813672107
3029189,16.59467597882288
3029190,5.757564325385103
3029191,214.15675045932838
3029192,8.56039923267868
3029193,346.0904649669503
3029194,276.3497910889577
3029195,12.476462864074097
3029196,8.007176681551746
3029197,349.54767042918866
3029198,101.18444878796758
3029199,3963.1714104954613
3029200,2.0770652937549805
3029201,8.803188732763447
3029202,5.988816871315749
3029203,0.035566939155860816
3029204,2.394997209345366
3029205,1933.818043693571
3029206,0.0
3029207,421.2955184855252
3029208,8.577107127584314
3029209,791.2919132857496
3029210,421.4455303161438
3029211,200.71156877359763
3029212,72.30635922435994
3029213,101.48828234180235
3029214,2718.7719381919637
3029215,11.409903693919375
3029216,1.045502756244547
3029217,22.83486769829829
3029218,24.700722531925923
3029219,0.06306074967521474
3029220,136.4651492083609
3029221,2.745636128826787
3029222,6.305267327131394
3029223,5.557922429415964
3029224,73.85910398914122
3029225,2.635056899791347
3029226,210.2167865655088
3029227,213.21546378253746
3029228,3.8586718382492284
3029229,5.480448163724951
3029230,136.56443066410688
3029231,48.0775377457881
3029232,1601.0518172206005
3029233,0.30361205744786407
3029234,2.6006872968610977
3029235,4.526844448406584
3029236,0.0
3029237,0.6976228646091509
3029238,2488.4850073542434
3029239,0.0
3029240,169.7740936232756
3029241,3.5039727091121806
3029242,846.5956298759796
3029243,184.44372031637135
3029244,172.7941792131761
3029245,54.99756412777259
3029246,28.590113807388946
3029247,2576.511588431952
3029248,6.977908114483915
3029249,0.466767674455482
3029250,16.99379363580076
3029251,9.229546999495762
3029252,0.07666165997403034
3029253,162.72552318289428
3029254,0.0
3029255,0.0
3029256,2.1267996792073296
3029257,25.455592736392358
3029258,0.6216607471430071
3029259,57.99629268265934
3029260,149.33837796855357
3029261,0.08099217485505068
3029262,1.5658966738379028
3029263,53.64878493728218
3029264,75.61634207827395
3029265,488.88215242037404
3029266,0.0
3029267,1.5222255333300585
3029268,4.339148454807493
3029269,0.03428291276957258
3029270,5.2489451454450196
3029271,2889.1487196647
3029272,0.0
3029273,470.06415572022644
3029274,11.875691401466367
3029275,974.9272309056315
3029276,805.2976776771706
3029277,257.77243487871743
3029278,125.50823677699904
3029279,112.65304028168593
3029280,4047.4473608424123
3029281,26.265690149045234
3029282,0.9948897170071307
3029283,18.091528132298958
3029284,53.865934310401926
3029285,0.06776380371800544
3029286,221.30102885873737
3029287,16.204463560236803
3029288,12.75717938087096
3029289,8.578801130214448
3029290,72.79824141504614
3029291,4.852784578521367
3029292,370.1860354972935
3029293,279.1425636906206
3029294,6.78988869461388
3029295,11.96956040251294
3029296,413.7089904657711
3029297,80.93104584658245
3029298,1926.3694273849815
3029299,0.0
3029300,23.917070867096047
3029301,4.372121820718689
3029302,0.03147377791638095
3029303,4.393868984274406
3029304,3600.6407812498073
3029305,0.16465798166003123
3029306,609.165725138724
3029307,14.925679998317657
3029308,936.5657378510481
3029309,1153.8849042963463
3029310,164.99029235199563
3029311,221.4975167379186
3029312,182.92914692778868
3029313,3493.54061869912
3029314,30.047496525223412
3029315,1.8124352747553152
3029316,29.32819347868678
3029317,23.41702215591387
3029318,0.537825721670294
3029319,186.49972845485536
3029320,10.869725797151037
3029321,29.24754923088636
3029322,7.49228411200453
3029323,140.9990930096967
3029324,8.527910135037637
3029325,393.82140670401964
3029326,220.9950116601585
3029327,5.80882218298635
3029328,10.246340252435273
3029329,535.6505449558255
3029330,124.24047477406343
3029331,4307.136385784755
3029332,0.1945004961738082
3029333,35.42122112652323
3029334,3.9383128031993584
3029335,0.22625119259808216
3029336,7.616008813838841
3029337,3981.107524100088
3029338,0.06067822706717646
3029339,747.6467260561144
3029340,21.551686407081167
3029341,1016.6168325436315
3029342,1205.4540750541917
3029343,234.5084547436521
3029344,228.29731305926614
3029345,134.637933835174
3029346,4178.182658154297
3029347,29.458004788068802
3029348,1.9165306735916454
3029349,28.27454883107735
3029350,36.67012562428616
3029351,0.21993901896408952
3029352,266.21793904182704
3029353,21.302082317179565
3029354,25.852918149886815
3029355,23.988347218103897
3029356,133.1739656687848
3029357,14.982433834119606
3029358,372.7822564286565
3029359,268.003270672512
3029360,14.30581547559782
3029361,15.05625910260068
3029362,437.71723620195905
3029363,143.22313616196553
3029364,3458.8662781658577
3029365,0.5791350936696802
3029366,32.62281193172701
3029367,11.174397205054843
3029368,0.2027983883778174
3029369,5.97455316321328
3029370,2956.023054037947
3029371,0.0
3029372,404.1636446069368
3029373,13.23488722201307
3029374,1339.2854921369997
3029375,649.0323384712119
3029376,468.6478182562168
3029377,136.94657217939817
3029378,82.88289929575934
3029379,5407.983670844307
3029380,9.65627283957931
3029381,0.8927233715501579
3029382,38.16293235062487
3029383,29.68454668622748
3029384,0.03703004860403404
3029385,348.65641997407386
3029386,7.583069456664985
3029387,3.2974626965363303
3029388,5.626844550113621
3029389,35.4228010091032
3029390,2.28456367470135
3029391,503.57638075978343
3029392,382.46341417926374
3029393,5.770858679169213
3029394,6.778441115933522
3029395,330.54170354897275
3029396,87.02516934330939
3029397,1117.5324708116605
3029398,43.444711351403384
3029399,12.972232135176883
